user_id,signup_date,country,device,age_group,gender,acquisition_source,premium_user
U00001,2025-05-05,UK,Android,18-24,Male,Ads,0
U00002,2025-01-22,Brazil,Android,25-34,Male,Organic,0
U00003,2025-01-05,USA,Android,25-34,Female,Organic,0
U00004,2025-05-24,Germany,Android,35-44,Female,Organic,0
U00005,2025-02-23,Japan,Android,18-24,Male,Ads,0
U00006,2025-02-17,Germany,iOS,25-34,Female,Organic,0
U00007,2025-02-13,Germany,iOS,45-54,Female,Ads,1
U00008,2025-01-28,USA,Android,18-24,Male,Organic,0
U00009,2025-05-24,UK,Android,25-34,Male,Organic,0
U00010,2025-01-20,UK,iOS,18-24,Female,Organic,0
U00011,2025-05-12,Japan,iOS,25-34,Female,Ads,0
U00012,2025-05-24,USA,Android,18-24,Male,Organic,0
U00013,2025-06-23,Brazil,Android,35-44,Male,Referral,0
U00014,2025-04-16,USA,Android,25-34,Male,Organic,0
U00015,2025-01-17,India,Android,55+,Female,Organic,1
U00016,2025-04-25,USA,iOS,35-44,Male,Organic,0
U00017,2025-03-23,Japan,Android,55+,Female,Organic,0
U00018,2025-01-07,UK,Android,18-24,Female,Organic,0
U00019,2025-01-06,India,Web,45-54,Male,Organic,0
U00020,2025-01-19,Brazil,iOS,18-24,Female,Ads,0
U00021,2025-02-12,Australia,Android,35-44,Female,Organic,0
U00022,2025-02-15,USA,iOS,45-54,Female,Organic,1
U00023,2025-04-09,Brazil,iOS,18-24,Male,Organic,0
U00024,2025-04-27,Australia,Android,25-34,Female,Organic,0
U00025,2025-01-06,India,Android,25-34,Female,Organic,0
U00026,2025-04-19,Japan,iOS,25-34,Female,Organic,0
U00027,2025-02-08,India,Android,18-24,Male,Organic,0
U00028,2025-05-20,USA,iOS,45-54,Male,Organic,0
U00029,2025-05-07,USA,Android,45-54,Female,Organic,0
U00030,2025-05-17,Germany,Android,18-24,Male,Organic,0
U00031,2025-04-16,Australia,iOS,55+,Male,Organic,0
U00032,2025-03-23,Brazil,Android,18-24,Male,Organic,0
U00033,2025-02-12,USA,iOS,25-34,Female,Organic,1
U00034,2025-03-29,Japan,iOS,55+,Female,Ads,0
U00035,2025-04-25,India,Android,25-34,Male,Organic,0
U00036,2025-02-24,USA,iOS,25-34,Male,Referral,0
U00037,2025-06-07,Canada,iOS,18-24,Male,Referral,0
U00038,2025-06-18,Canada,iOS,18-24,Female,Organic,0
U00039,2025-01-02,USA,Web,18-24,Male,Organic,0
U00040,2025-05-28,USA,Android,45-54,Male,Organic,0
U00041,2025-06-06,India,Android,25-34,Female,Organic,0
U00042,2025-02-01,USA,Android,35-44,Male,Organic,0
U00043,2025-05-16,USA,Android,55+,Other,Organic,0
U00044,2025-03-24,USA,iOS,45-54,Female,Organic,0
U00045,2025-03-08,Germany,iOS,25-34,Other,Ads,1
U00046,2025-02-23,Germany,Android,35-44,Female,Organic,1
U00047,2025-01-31,USA,Android,18-24,Female,Ads,0
U00048,2025-02-11,UK,Android,25-34,Female,Ads,1
U00049,2025-05-29,India,Android,18-24,Female,Ads,0
U00050,2025-03-07,Australia,Android,25-34,Male,Organic,0
U00051,2025-01-20,Brazil,Android,45-54,Female,Organic,1
U00052,2025-01-19,India,iOS,35-44,Female,Referral,0
U00053,2025-03-15,USA,Android,35-44,Female,Organic,0
U00054,2025-01-19,USA,iOS,45-54,Female,Ads,0
U00055,2025-03-11,USA,iOS,18-24,Female,Ads,0
U00056,2025-06-14,Germany,Android,35-44,Male,Referral,0
U00057,2025-03-08,USA,iOS,25-34,Male,Ads,0
U00058,2025-04-28,USA,Android,18-24,Female,Referral,0
U00059,2025-02-21,UK,Android,55+,Female,Referral,1
U00060,2025-06-06,Japan,Android,55+,Male,Organic,0
U00061,2025-01-09,Australia,Android,25-34,Female,Organic,0
U00062,2025-05-22,USA,iOS,18-24,Female,Organic,0
U00063,2025-03-31,Australia,iOS,25-34,Male,Ads,0
U00064,2025-04-15,India,iOS,35-44,Male,Organic,0
U00065,2025-01-25,India,Android,18-24,Male,Referral,0
U00066,2025-06-29,Brazil,iOS,18-24,Female,Organic,0
U00067,2025-03-15,India,Android,35-44,Male,Organic,0
U00068,2025-01-16,India,iOS,35-44,Male,Organic,0
U00069,2025-04-18,UK,Android,35-44,Female,Ads,0
U00070,2025-02-26,USA,Android,18-24,Male,Ads,1
U00071,2025-06-11,India,iOS,18-24,Female,Organic,0
U00072,2025-05-03,UK,Android,35-44,Female,Organic,0
U00073,2025-05-01,USA,Web,25-34,Male,Organic,0
U00074,2025-06-21,India,iOS,35-44,Other,Organic,0
U00075,2025-06-17,Brazil,iOS,35-44,Female,Ads,0
U00076,2025-03-12,Brazil,iOS,25-34,Male,Organic,0
U00077,2025-04-23,Australia,Android,25-34,Male,Organic,0
U00078,2025-02-07,USA,Android,25-34,Male,Organic,0
U00079,2025-05-17,Australia,Android,25-34,Female,Organic,0
U00080,2025-01-14,India,iOS,25-34,Female,Referral,0
U00081,2025-01-09,India,Android,25-34,Female,Referral,0
U00082,2025-05-09,India,iOS,25-34,Female,Organic,0
U00083,2025-02-14,India,Android,18-24,Female,Organic,0
U00084,2025-05-31,India,Android,25-34,Male,Organic,0
U00085,2025-02-26,USA,iOS,18-24,Male,Organic,0
U00086,2025-01-16,USA,Android,35-44,Male,Ads,0
U00087,2025-06-16,USA,Android,18-24,Female,Referral,0
U00088,2025-02-15,UK,iOS,35-44,Female,Referral,0
U00089,2025-06-18,USA,Android,18-24,Female,Organic,0
U00090,2025-01-20,UK,iOS,18-24,Female,Ads,1
U00091,2025-03-15,Germany,Web,18-24,Male,Organic,0
U00092,2025-02-23,Japan,Android,35-44,Male,Ads,0
U00093,2025-03-30,USA,iOS,45-54,Female,Organic,0
U00094,2025-05-04,Germany,Android,25-34,Male,Organic,0
U00095,2025-06-11,Germany,iOS,18-24,Female,Ads,0
U00096,2025-03-12,Australia,Android,35-44,Female,Organic,0
U00097,2025-02-01,Canada,Android,25-34,Female,Organic,0
U00098,2025-03-13,Germany,Android,45-54,Male,Organic,0
U00099,2025-03-10,India,Android,45-54,Male,Organic,0
U00100,2025-02-10,India,iOS,35-44,Male,Organic,0
U00101,2025-05-11,USA,iOS,25-34,Female,Ads,0
U00102,2025-02-21,India,iOS,18-24,Male,Ads,0
U00103,2025-05-17,Canada,Android,25-34,Male,Ads,0
U00104,2025-05-13,Australia,Android,18-24,Male,Organic,1
U00105,2025-05-06,Canada,iOS,18-24,Male,Organic,0
U00106,2025-01-14,Japan,Android,18-24,Male,Organic,0
U00107,2025-04-29,USA,Android,25-34,Male,Referral,0
U00108,2025-05-04,UK,Android,45-54,Female,Referral,0
U00109,2025-02-03,India,Android,18-24,Male,Referral,0
U00110,2025-04-14,Germany,Android,18-24,Female,Organic,1
U00111,2025-05-22,Canada,Android,55+,Male,Ads,0
U00112,2025-02-17,Germany,Android,25-34,Male,Organic,0
U00113,2025-02-01,Japan,Android,25-34,Female,Ads,0
U00114,2025-03-31,USA,Android,35-44,Male,Organic,1
U00115,2025-03-15,USA,Android,25-34,Male,Organic,0
U00116,2025-02-22,Australia,Android,35-44,Female,Ads,0
U00117,2025-06-29,UK,iOS,25-34,Female,Ads,0
U00118,2025-05-05,Germany,Android,18-24,Male,Ads,0
U00119,2025-05-14,USA,Android,35-44,Female,Referral,0
U00120,2025-04-19,India,Android,18-24,Male,Organic,0
U00121,2025-02-12,USA,Web,45-54,Female,Referral,0
U00122,2025-05-13,UK,Android,18-24,Female,Organic,0
U00123,2025-03-04,Brazil,Android,25-34,Female,Organic,1
U00124,2025-06-13,India,Android,35-44,Female,Organic,0
U00125,2025-05-30,USA,iOS,35-44,Female,Organic,0
U00126,2025-05-31,India,Web,25-34,Female,Referral,0
U00127,2025-01-11,Canada,Android,18-24,Male,Ads,0
U00128,2025-02-14,Australia,Android,25-34,Female,Organic,0
U00129,2025-06-09,USA,Web,25-34,Male,Organic,0
U00130,2025-01-07,Canada,Android,55+,Female,Organic,1
U00131,2025-06-06,Germany,Android,35-44,Female,Organic,0
U00132,2025-03-03,Japan,Android,25-34,Male,Referral,0
U00133,2025-03-19,Brazil,iOS,18-24,Female,Organic,0
U00134,2025-02-21,Canada,iOS,18-24,Male,Organic,0
U00135,2025-01-13,India,Android,25-34,Male,Organic,0
U00136,2025-02-10,India,Android,18-24,Female,Organic,0
U00137,2025-06-27,Germany,Android,35-44,Female,Ads,0
U00138,2025-04-21,UK,iOS,55+,Female,Organic,0
U00139,2025-06-20,Canada,iOS,45-54,Male,Organic,0
U00140,2025-05-20,Australia,Android,35-44,Male,Organic,0
U00141,2025-03-03,India,iOS,25-34,Female,Referral,0
U00142,2025-02-11,India,Android,35-44,Female,Referral,1
U00143,2025-05-08,USA,iOS,45-54,Other,Ads,0
U00144,2025-04-07,USA,iOS,45-54,Male,Ads,0
U00145,2025-03-18,USA,iOS,18-24,Male,Organic,0
U00146,2025-06-21,Canada,iOS,18-24,Male,Referral,0
U00147,2025-06-27,USA,iOS,18-24,Male,Organic,0
U00148,2025-05-05,USA,iOS,45-54,Female,Organic,0
U00149,2025-03-31,India,Android,25-34,Male,Organic,0
U00150,2025-01-28,USA,Android,25-34,Male,Organic,0
U00151,2025-02-21,Japan,Android,55+,Female,Organic,0
U00152,2025-01-28,UK,iOS,18-24,Female,Organic,0
U00153,2025-02-17,USA,iOS,25-34,Male,Ads,0
U00154,2025-05-25,UK,iOS,35-44,Female,Ads,0
U00155,2025-04-20,UK,Android,25-34,Female,Ads,1
U00156,2025-04-15,USA,iOS,18-24,Male,Organic,0
U00157,2025-02-21,Canada,iOS,45-54,Male,Ads,0
U00158,2025-05-26,Germany,iOS,18-24,Male,Referral,1
U00159,2025-04-24,Japan,iOS,35-44,Female,Referral,0
U00160,2025-03-25,India,iOS,18-24,Female,Organic,0
U00161,2025-06-24,UK,Android,35-44,Female,Organic,0
U00162,2025-04-24,USA,iOS,25-34,Female,Organic,1
U00163,2025-03-19,Germany,iOS,18-24,Male,Organic,0
U00164,2025-03-12,India,Android,18-24,Female,Organic,0
U00165,2025-02-12,UK,iOS,45-54,Male,Ads,0
U00166,2025-01-27,India,Android,25-34,Male,Referral,1
U00167,2025-04-09,India,Android,55+,Female,Organic,0
U00168,2025-04-06,Canada,Web,25-34,Male,Organic,1
U00169,2025-01-18,Germany,Android,35-44,Female,Organic,1
U00170,2025-05-27,Germany,Android,18-24,Female,Organic,0
U00171,2025-01-10,USA,Android,45-54,Male,Organic,0
U00172,2025-06-17,USA,iOS,18-24,Male,Organic,0
U00173,2025-01-22,UK,Android,18-24,Female,Organic,0
U00174,2025-01-30,USA,Android,35-44,Female,Ads,0
U00175,2025-05-02,Germany,Android,18-24,Female,Referral,1
U00176,2025-02-01,Germany,iOS,25-34,Male,Referral,1
U00177,2025-06-03,India,Android,35-44,Female,Referral,1
U00178,2025-05-13,USA,iOS,18-24,Male,Ads,0
U00179,2025-03-23,India,Web,25-34,Male,Ads,1
U00180,2025-04-26,Australia,iOS,35-44,Female,Ads,0
U00181,2025-01-13,India,Android,18-24,Male,Organic,1
U00182,2025-03-16,India,iOS,25-34,Male,Referral,1
U00183,2025-03-16,Germany,Android,18-24,Female,Ads,0
U00184,2025-04-26,Canada,Android,18-24,Male,Organic,0
U00185,2025-04-01,Australia,iOS,35-44,Female,Ads,0
U00186,2025-04-13,Canada,Android,35-44,Male,Organic,0
U00187,2025-02-18,India,iOS,25-34,Female,Ads,0
U00188,2025-04-18,Germany,iOS,25-34,Male,Referral,0
U00189,2025-06-17,USA,Android,35-44,Male,Organic,1
U00190,2025-01-03,Brazil,Android,25-34,Male,Ads,1
U00191,2025-05-13,Australia,Android,25-34,Male,Organic,0
U00192,2025-05-20,Germany,Android,18-24,Male,Organic,0
U00193,2025-01-23,UK,Android,35-44,Male,Organic,0
U00194,2025-05-13,Australia,Android,25-34,Male,Ads,0
U00195,2025-06-21,UK,Android,25-34,Female,Organic,0
U00196,2025-04-15,USA,Android,18-24,Male,Organic,0
U00197,2025-05-26,USA,Android,35-44,Female,Ads,0
U00198,2025-02-21,USA,iOS,18-24,Male,Referral,0
U00199,2025-05-30,Canada,Android,35-44,Male,Organic,1
U00200,2025-05-05,India,iOS,25-34,Female,Referral,1
U00201,2025-03-08,Germany,Android,25-34,Female,Organic,0
U00202,2025-01-22,India,Android,18-24,Female,Organic,0
U00203,2025-02-26,Brazil,Android,35-44,Female,Ads,0
U00204,2025-03-26,USA,Android,25-34,Female,Ads,0
U00205,2025-01-31,Germany,Android,35-44,Female,Organic,0
U00206,2025-03-30,Canada,iOS,25-34,Female,Ads,0
U00207,2025-01-01,USA,Android,18-24,Male,Organic,0
U00208,2025-05-21,India,Android,18-24,Female,Organic,0
U00209,2025-06-20,Brazil,iOS,25-34,Male,Organic,0
U00210,2025-05-20,Brazil,Android,35-44,Female,Organic,0
U00211,2025-02-21,USA,Android,18-24,Female,Organic,0
U00212,2025-04-08,Canada,Android,18-24,Male,Organic,0
U00213,2025-05-28,USA,Android,18-24,Male,Organic,0
U00214,2025-02-04,Germany,iOS,18-24,Male,Ads,0
U00215,2025-04-09,Australia,iOS,45-54,Female,Organic,0
U00216,2025-06-27,USA,Android,55+,Female,Organic,0
U00217,2025-01-21,Brazil,Android,25-34,Female,Ads,0
U00218,2025-06-19,Germany,iOS,35-44,Female,Ads,0
U00219,2025-05-02,India,Android,18-24,Male,Referral,0
U00220,2025-02-27,USA,Android,18-24,Female,Organic,0
U00221,2025-06-13,Germany,iOS,18-24,Male,Ads,1
U00222,2025-05-05,India,Android,45-54,Female,Ads,0
U00223,2025-04-09,India,Android,35-44,Male,Organic,0
U00224,2025-04-29,Australia,Android,25-34,Male,Ads,0
U00225,2025-02-08,Germany,Android,45-54,Other,Organic,0
U00226,2025-01-30,India,Android,55+,Female,Ads,1
U00227,2025-03-14,USA,iOS,45-54,Female,Organic,0
U00228,2025-05-29,Brazil,Android,35-44,Male,Referral,1
U00229,2025-02-01,India,iOS,18-24,Male,Organic,1
U00230,2025-04-15,USA,Android,18-24,Other,Organic,1
U00231,2025-06-01,Brazil,iOS,25-34,Female,Organic,0
U00232,2025-06-29,Germany,iOS,18-24,Female,Organic,1
U00233,2025-04-13,USA,Android,45-54,Female,Ads,0
U00234,2025-06-28,USA,Android,18-24,Male,Organic,0
U00235,2025-01-01,India,Android,45-54,Female,Organic,0
U00236,2025-04-27,USA,Android,25-34,Female,Organic,0
U00237,2025-03-04,UK,Android,55+,Male,Organic,0
U00238,2025-04-05,Japan,Android,25-34,Male,Ads,0
U00239,2025-01-04,USA,Android,35-44,Male,Ads,0
U00240,2025-01-22,Germany,iOS,18-24,Male,Organic,0
U00241,2025-03-12,USA,iOS,25-34,Female,Ads,0
U00242,2025-06-20,USA,iOS,25-34,Male,Organic,0
U00243,2025-06-11,USA,iOS,25-34,Other,Organic,0
U00244,2025-06-06,Australia,Android,25-34,Female,Referral,0
U00245,2025-03-01,USA,Android,45-54,Female,Referral,0
U00246,2025-02-16,Japan,Android,25-34,Female,Organic,0
U00247,2025-01-12,Australia,Android,25-34,Female,Organic,0
U00248,2025-02-16,USA,iOS,18-24,Female,Organic,0
U00249,2025-06-20,India,Android,45-54,Male,Referral,0
U00250,2025-04-21,Japan,iOS,18-24,Female,Organic,0
U00251,2025-01-16,UK,Web,18-24,Female,Ads,1
U00252,2025-01-17,USA,iOS,25-34,Male,Organic,0
U00253,2025-05-23,UK,iOS,25-34,Female,Organic,0
U00254,2025-04-05,India,iOS,18-24,Male,Ads,0
U00255,2025-06-08,India,Android,18-24,Male,Organic,0
U00256,2025-01-14,USA,iOS,25-34,Male,Referral,0
U00257,2025-05-28,Brazil,Android,18-24,Female,Ads,0
U00258,2025-04-14,India,Android,25-34,Female,Referral,0
U00259,2025-05-29,Brazil,iOS,35-44,Female,Organic,0
U00260,2025-01-25,USA,iOS,18-24,Female,Organic,0
U00261,2025-01-25,Canada,iOS,18-24,Male,Referral,0
U00262,2025-05-09,Canada,iOS,35-44,Male,Referral,0
U00263,2025-04-03,India,iOS,18-24,Female,Ads,0
U00264,2025-04-17,USA,Web,25-34,Female,Organic,1
U00265,2025-02-02,USA,Android,18-24,Female,Organic,0
U00266,2025-02-21,Brazil,iOS,18-24,Female,Organic,1
U00267,2025-04-13,India,Android,25-34,Male,Referral,0
U00268,2025-06-19,UK,iOS,25-34,Female,Organic,0
U00269,2025-04-28,USA,Android,25-34,Female,Ads,0
U00270,2025-03-24,India,iOS,25-34,Female,Organic,0
U00271,2025-02-11,India,iOS,35-44,Male,Organic,1
U00272,2025-04-15,India,Android,18-24,Female,Organic,0
U00273,2025-05-27,Australia,iOS,55+,Male,Organic,0
U00274,2025-05-22,India,Android,18-24,Male,Organic,0
U00275,2025-05-14,India,iOS,18-24,Female,Organic,0
U00276,2025-02-09,Canada,Android,35-44,Female,Organic,0
U00277,2025-05-19,India,Android,45-54,Female,Referral,0
U00278,2025-03-02,India,Android,25-34,Female,Ads,0
U00279,2025-03-19,Canada,iOS,25-34,Female,Ads,0
U00280,2025-05-11,India,Android,25-34,Male,Organic,1
U00281,2025-05-07,Canada,iOS,18-24,Other,Ads,1
U00282,2025-03-14,Japan,Android,35-44,Male,Referral,0
U00283,2025-03-27,USA,Android,25-34,Male,Organic,0
U00284,2025-06-24,India,Android,25-34,Female,Organic,0
U00285,2025-04-11,USA,Web,35-44,Male,Organic,0
U00286,2025-03-29,Canada,iOS,18-24,Female,Organic,0
U00287,2025-01-24,Japan,Android,35-44,Female,Ads,1
U00288,2025-02-18,India,Web,35-44,Female,Organic,0
U00289,2025-02-13,Canada,Android,25-34,Female,Ads,1
U00290,2025-01-13,UK,Android,45-54,Male,Organic,0
U00291,2025-03-07,USA,iOS,25-34,Female,Referral,0
U00292,2025-01-05,Australia,Android,18-24,Male,Organic,0
U00293,2025-04-25,Canada,Android,18-24,Female,Organic,0
U00294,2025-04-18,Germany,iOS,25-34,Female,Ads,0
U00295,2025-02-14,USA,Android,18-24,Female,Organic,0
U00296,2025-04-25,USA,iOS,18-24,Male,Referral,0
U00297,2025-02-12,USA,Android,35-44,Male,Referral,0
U00298,2025-01-02,Japan,iOS,18-24,Male,Ads,0
U00299,2025-01-14,India,Android,25-34,Male,Organic,0
U00300,2025-05-18,UK,Android,25-34,Female,Organic,0
U00301,2025-05-03,Canada,iOS,18-24,Male,Ads,1
U00302,2025-01-12,Germany,Android,25-34,Female,Organic,0
U00303,2025-02-14,Brazil,Android,18-24,Female,Organic,0
U00304,2025-01-14,Brazil,Android,25-34,Female,Ads,0
U00305,2025-06-25,Brazil,Android,45-54,Male,Referral,0
U00306,2025-01-07,India,Android,45-54,Female,Referral,0
U00307,2025-06-16,USA,Android,18-24,Other,Organic,0
U00308,2025-03-06,Canada,Android,45-54,Female,Organic,0
U00309,2025-01-14,USA,Android,25-34,Male,Organic,0
U00310,2025-04-10,Germany,Android,35-44,Male,Referral,0
U00311,2025-02-16,Germany,Android,18-24,Female,Organic,1
U00312,2025-02-24,India,Android,18-24,Male,Ads,0
U00313,2025-05-10,India,iOS,18-24,Female,Ads,1
U00314,2025-04-05,USA,Android,25-34,Female,Referral,0
U00315,2025-02-11,India,Android,45-54,Male,Ads,0
U00316,2025-04-15,USA,Android,35-44,Female,Organic,0
U00317,2025-01-26,India,Android,35-44,Male,Organic,0
U00318,2025-05-21,Brazil,Android,25-34,Female,Organic,0
U00319,2025-06-21,USA,Android,25-34,Female,Organic,0
U00320,2025-04-21,Canada,Android,18-24,Female,Organic,0
U00321,2025-04-22,Germany,Android,25-34,Male,Organic,0
U00322,2025-04-02,Germany,iOS,25-34,Female,Ads,0
U00323,2025-02-17,USA,Android,18-24,Other,Referral,1
U00324,2025-06-02,Brazil,Android,25-34,Female,Ads,0
U00325,2025-04-02,UK,Android,55+,Male,Referral,0
U00326,2025-06-06,India,iOS,35-44,Female,Ads,0
U00327,2025-03-21,USA,Android,25-34,Female,Organic,1
U00328,2025-02-06,USA,Android,35-44,Female,Organic,0
U00329,2025-01-19,USA,Android,18-24,Female,Ads,1
U00330,2025-01-19,Germany,Android,35-44,Female,Organic,0
U00331,2025-05-08,USA,Android,25-34,Female,Organic,0
U00332,2025-03-25,India,Android,18-24,Female,Organic,0
U00333,2025-03-10,USA,iOS,35-44,Male,Organic,0
U00334,2025-03-24,India,Android,18-24,Female,Organic,0
U00335,2025-03-21,USA,iOS,45-54,Female,Ads,0
U00336,2025-04-01,India,Web,45-54,Female,Ads,0
U00337,2025-06-17,India,Android,25-34,Female,Organic,0
U00338,2025-05-22,India,iOS,35-44,Female,Organic,0
U00339,2025-01-11,Canada,Android,18-24,Male,Ads,0
U00340,2025-05-11,Germany,Android,35-44,Male,Organic,0
U00341,2025-05-07,UK,iOS,18-24,Female,Ads,0
U00342,2025-05-06,India,iOS,18-24,Female,Organic,0
U00343,2025-01-20,Japan,Android,55+,Male,Organic,0
U00344,2025-01-12,USA,iOS,25-34,Female,Organic,0
U00345,2025-03-20,India,Android,25-34,Female,Organic,0
U00346,2025-05-22,India,iOS,45-54,Male,Organic,0
U00347,2025-03-07,USA,Android,18-24,Female,Organic,0
U00348,2025-06-05,USA,Android,25-34,Female,Organic,0
U00349,2025-06-17,UK,Android,35-44,Female,Ads,0
U00350,2025-01-22,USA,iOS,18-24,Female,Organic,0
U00351,2025-02-18,Canada,iOS,18-24,Male,Ads,0
U00352,2025-02-07,UK,iOS,25-34,Female,Organic,0
U00353,2025-02-06,USA,Android,25-34,Female,Ads,0
U00354,2025-04-15,India,Android,18-24,Female,Organic,0
U00355,2025-03-29,USA,Web,18-24,Female,Ads,0
U00356,2025-01-28,Brazil,Android,18-24,Male,Organic,0
U00357,2025-03-23,Germany,Android,25-34,Male,Organic,0
U00358,2025-02-05,Japan,Android,35-44,Female,Ads,0
U00359,2025-02-24,Australia,Android,25-34,Female,Organic,1
U00360,2025-03-31,USA,Android,25-34,Female,Organic,0
U00361,2025-02-18,USA,Android,18-24,Male,Referral,0
U00362,2025-06-19,India,Android,18-24,Female,Referral,0
U00363,2025-06-29,USA,iOS,18-24,Female,Organic,0
U00364,2025-01-15,Australia,Android,18-24,Male,Organic,0
U00365,2025-03-28,India,iOS,18-24,Female,Organic,0
U00366,2025-06-06,Australia,Android,55+,Male,Organic,0
U00367,2025-06-17,India,iOS,55+,Male,Ads,1
U00368,2025-06-16,USA,Web,25-34,Male,Referral,0
U00369,2025-04-17,UK,iOS,18-24,Female,Ads,0
U00370,2025-01-20,USA,Android,35-44,Female,Ads,0
U00371,2025-01-10,USA,Android,18-24,Male,Organic,1
U00372,2025-05-07,USA,Android,25-34,Male,Organic,0
U00373,2025-04-15,USA,Android,18-24,Male,Organic,0
U00374,2025-06-12,USA,iOS,45-54,Female,Organic,0
U00375,2025-01-03,India,Android,18-24,Female,Organic,0
U00376,2025-01-19,India,Android,18-24,Male,Organic,0
U00377,2025-06-29,Canada,Android,18-24,Male,Referral,0
U00378,2025-05-27,UK,iOS,18-24,Male,Ads,0
U00379,2025-06-14,Japan,Android,18-24,Female,Organic,0
U00380,2025-02-15,Japan,Web,18-24,Female,Organic,0
U00381,2025-02-02,USA,Android,35-44,Male,Organic,0
U00382,2025-03-20,Canada,Android,35-44,Female,Referral,0
U00383,2025-04-05,Australia,Android,18-24,Female,Ads,0
U00384,2025-04-04,India,Android,25-34,Male,Ads,0
U00385,2025-02-11,Germany,Android,55+,Male,Organic,0
U00386,2025-06-17,Brazil,iOS,25-34,Female,Organic,0
U00387,2025-03-19,Canada,iOS,18-24,Female,Ads,0
U00388,2025-06-25,UK,Android,55+,Female,Organic,0
U00389,2025-01-12,Japan,Android,18-24,Male,Organic,0
U00390,2025-02-01,Canada,Android,25-34,Male,Ads,0
U00391,2025-03-15,Canada,Android,18-24,Male,Organic,0
U00392,2025-01-01,USA,iOS,18-24,Male,Organic,0
U00393,2025-03-17,India,Android,25-34,Female,Organic,0
U00394,2025-02-21,Germany,Android,45-54,Female,Ads,0
U00395,2025-06-29,Japan,Android,18-24,Male,Organic,0
U00396,2025-06-02,USA,Android,18-24,Female,Organic,1
U00397,2025-06-02,UK,Android,25-34,Male,Ads,0
U00398,2025-03-30,Australia,iOS,18-24,Male,Referral,0
U00399,2025-02-25,India,Android,18-24,Female,Organic,0
U00400,2025-03-24,Canada,iOS,25-34,Male,Ads,0
U00401,2025-05-16,Germany,iOS,18-24,Female,Organic,1
U00402,2025-05-22,USA,Android,18-24,Female,Organic,0
U00403,2025-06-02,USA,Android,18-24,Female,Ads,0
U00404,2025-04-18,Japan,Android,25-34,Male,Organic,0
U00405,2025-05-09,USA,Android,18-24,Male,Ads,0
U00406,2025-05-20,Canada,Android,35-44,Male,Ads,0
U00407,2025-04-05,USA,Android,35-44,Male,Organic,0
U00408,2025-01-31,USA,Android,35-44,Female,Organic,1
U00409,2025-02-06,USA,iOS,35-44,Male,Ads,1
U00410,2025-02-27,Australia,Android,55+,Male,Ads,0
U00411,2025-02-12,USA,Web,25-34,Male,Ads,0
U00412,2025-01-12,Japan,iOS,18-24,Female,Organic,0
U00413,2025-04-23,Australia,iOS,18-24,Male,Organic,0
U00414,2025-05-23,USA,Android,18-24,Female,Organic,0
U00415,2025-04-16,USA,Android,45-54,Other,Ads,1
U00416,2025-01-12,Japan,iOS,45-54,Other,Referral,1
U00417,2025-05-26,Brazil,Android,35-44,Female,Ads,0
U00418,2025-03-02,India,Android,18-24,Male,Organic,0
U00419,2025-01-12,Brazil,Android,25-34,Male,Referral,0
U00420,2025-01-10,Japan,Android,18-24,Female,Ads,0
U00421,2025-04-24,India,iOS,25-34,Male,Organic,0
U00422,2025-04-03,India,Android,18-24,Female,Organic,0
U00423,2025-04-08,Canada,Android,18-24,Female,Organic,1
U00424,2025-06-28,Germany,Android,18-24,Female,Organic,1
U00425,2025-06-15,Japan,Android,35-44,Male,Ads,0
U00426,2025-04-14,Brazil,Android,35-44,Male,Organic,0
U00427,2025-01-31,USA,Android,18-24,Female,Organic,0
U00428,2025-01-12,Australia,Android,25-34,Male,Organic,0
U00429,2025-04-09,USA,iOS,35-44,Other,Organic,1
U00430,2025-01-16,USA,Android,35-44,Male,Organic,0
U00431,2025-06-15,USA,iOS,35-44,Male,Referral,1
U00432,2025-02-06,Canada,Android,35-44,Male,Ads,0
U00433,2025-01-14,USA,Android,35-44,Female,Organic,1
U00434,2025-04-26,Australia,Android,25-34,Female,Organic,1
U00435,2025-01-14,USA,Android,25-34,Female,Ads,0
U00436,2025-05-12,UK,iOS,35-44,Male,Organic,0
U00437,2025-06-17,Australia,Android,18-24,Female,Referral,0
U00438,2025-02-15,USA,Android,25-34,Female,Referral,0
U00439,2025-03-20,Brazil,Android,45-54,Female,Organic,0
U00440,2025-01-24,Australia,Web,35-44,Male,Organic,0
U00441,2025-06-22,USA,Android,35-44,Female,Ads,0
U00442,2025-04-21,India,iOS,18-24,Female,Ads,0
U00443,2025-02-17,India,Android,18-24,Female,Organic,0
U00444,2025-04-23,UK,iOS,35-44,Male,Ads,0
U00445,2025-04-26,Germany,Android,18-24,Male,Organic,0
U00446,2025-01-08,India,iOS,35-44,Male,Ads,0
U00447,2025-05-01,USA,Web,25-34,Female,Ads,0
U00448,2025-01-16,USA,iOS,18-24,Female,Ads,1
U00449,2025-03-23,Germany,Android,18-24,Female,Organic,1
U00450,2025-05-08,India,Android,25-34,Female,Organic,0
U00451,2025-04-24,USA,Android,35-44,Male,Organic,1
U00452,2025-04-20,Brazil,Android,25-34,Male,Organic,0
U00453,2025-04-12,Brazil,Android,45-54,Female,Organic,0
U00454,2025-03-03,India,iOS,18-24,Male,Organic,0
U00455,2025-02-20,Brazil,Android,35-44,Other,Referral,1
U00456,2025-02-09,India,Android,45-54,Male,Organic,1
U00457,2025-05-11,USA,Android,18-24,Female,Organic,0
U00458,2025-05-20,India,iOS,18-24,Female,Ads,0
U00459,2025-03-03,USA,Android,18-24,Male,Ads,0
U00460,2025-02-16,Japan,Android,35-44,Female,Ads,1
U00461,2025-02-21,Canada,Android,25-34,Male,Referral,0
U00462,2025-03-18,USA,iOS,45-54,Female,Ads,0
U00463,2025-01-26,Japan,Android,18-24,Male,Ads,1
U00464,2025-05-11,Canada,Android,55+,Male,Organic,0
U00465,2025-05-06,Germany,iOS,35-44,Male,Organic,1
U00466,2025-02-28,USA,iOS,25-34,Male,Organic,0
U00467,2025-03-30,India,Android,55+,Male,Organic,0
U00468,2025-03-03,USA,Android,35-44,Female,Ads,1
U00469,2025-05-26,Germany,Android,18-24,Male,Organic,0
U00470,2025-01-15,UK,Android,55+,Male,Organic,0
U00471,2025-01-02,Australia,Android,25-34,Female,Organic,1
U00472,2025-03-30,Germany,Web,18-24,Female,Organic,0
U00473,2025-05-01,UK,Android,18-24,Female,Organic,1
U00474,2025-04-20,Brazil,Android,18-24,Female,Ads,0
U00475,2025-01-20,USA,Android,18-24,Female,Ads,0
U00476,2025-01-15,USA,iOS,18-24,Male,Organic,0
U00477,2025-04-15,Brazil,Android,25-34,Male,Organic,0
U00478,2025-02-11,Canada,Android,18-24,Male,Organic,0
U00479,2025-04-09,Canada,iOS,35-44,Female,Referral,0
U00480,2025-02-21,India,Android,25-34,Female,Organic,0
U00481,2025-01-26,USA,Android,18-24,Female,Ads,1
U00482,2025-03-09,Japan,Android,35-44,Other,Referral,1
U00483,2025-06-21,UK,Android,35-44,Female,Organic,0
U00484,2025-01-14,USA,iOS,35-44,Male,Ads,0
U00485,2025-06-20,USA,Android,35-44,Female,Referral,1
U00486,2025-02-17,Australia,iOS,25-34,Female,Organic,0
U00487,2025-03-13,Brazil,Android,18-24,Female,Organic,0
U00488,2025-02-25,USA,Android,18-24,Female,Organic,1
U00489,2025-01-31,Australia,iOS,45-54,Male,Organic,0
U00490,2025-03-27,Brazil,iOS,45-54,Female,Referral,0
U00491,2025-06-11,Brazil,Android,18-24,Male,Organic,0
U00492,2025-04-16,Brazil,iOS,55+,Female,Organic,0
U00493,2025-05-17,UK,iOS,35-44,Male,Organic,0
U00494,2025-02-28,India,iOS,18-24,Female,Referral,0
U00495,2025-04-29,India,Web,55+,Male,Ads,0
U00496,2025-06-06,Japan,Android,25-34,Female,Organic,0
U00497,2025-05-07,USA,Web,18-24,Female,Organic,0
U00498,2025-04-13,UK,iOS,25-34,Male,Organic,1
U00499,2025-01-02,USA,Android,18-24,Male,Ads,0
U00500,2025-05-10,Brazil,Android,25-34,Female,Organic,0
U00501,2025-06-08,Brazil,iOS,35-44,Male,Organic,0
U00502,2025-04-18,USA,Android,55+,Male,Organic,0
U00503,2025-02-28,Australia,Android,45-54,Male,Organic,0
U00504,2025-05-09,India,Android,45-54,Male,Referral,0
U00505,2025-01-21,USA,Android,18-24,Female,Ads,0
U00506,2025-06-20,USA,Android,18-24,Male,Organic,0
U00507,2025-01-27,USA,Android,25-34,Male,Ads,0
U00508,2025-02-21,USA,Android,18-24,Male,Organic,0
U00509,2025-01-23,India,Android,25-34,Female,Organic,0
U00510,2025-06-22,USA,iOS,25-34,Male,Organic,0
U00511,2025-01-21,USA,Android,18-24,Female,Ads,1
U00512,2025-05-25,India,Android,55+,Female,Organic,0
U00513,2025-04-18,Germany,Android,25-34,Female,Organic,0
U00514,2025-01-31,India,Android,45-54,Female,Organic,0
U00515,2025-02-22,Germany,iOS,25-34,Male,Ads,0
U00516,2025-02-24,Japan,Web,35-44,Male,Organic,0
U00517,2025-04-28,India,Web,25-34,Female,Organic,0
U00518,2025-02-10,Brazil,Android,25-34,Male,Organic,0
U00519,2025-05-20,India,iOS,35-44,Female,Organic,0
U00520,2025-03-08,India,Android,25-34,Female,Referral,0
U00521,2025-02-09,Canada,Android,18-24,Female,Organic,0
U00522,2025-05-14,India,Android,25-34,Male,Organic,1
U00523,2025-05-04,UK,iOS,18-24,Female,Organic,0
U00524,2025-06-15,Australia,iOS,45-54,Male,Ads,0
U00525,2025-02-21,USA,Android,35-44,Male,Referral,1
U00526,2025-04-09,Japan,Android,35-44,Male,Organic,0
U00527,2025-04-05,USA,Android,35-44,Female,Ads,0
U00528,2025-02-18,Germany,Android,18-24,Male,Organic,1
U00529,2025-06-25,Brazil,iOS,18-24,Male,Ads,0
U00530,2025-06-26,USA,Android,45-54,Female,Organic,0
U00531,2025-06-14,Canada,iOS,18-24,Male,Organic,0
U00532,2025-01-10,USA,iOS,25-34,Male,Organic,0
U00533,2025-01-18,Australia,iOS,18-24,Male,Organic,0
U00534,2025-05-04,Japan,iOS,25-34,Female,Organic,0
U00535,2025-03-24,USA,iOS,35-44,Male,Referral,0
U00536,2025-06-11,UK,Android,18-24,Female,Organic,0
U00537,2025-02-23,UK,Android,25-34,Male,Organic,0
U00538,2025-01-09,UK,iOS,25-34,Male,Organic,0
U00539,2025-01-01,Germany,Android,25-34,Female,Organic,1
U00540,2025-03-06,USA,Web,25-34,Female,Organic,0
U00541,2025-05-30,Brazil,Android,18-24,Female,Referral,0
U00542,2025-01-26,Germany,iOS,35-44,Female,Ads,0
U00543,2025-05-04,Japan,Android,25-34,Male,Organic,0
U00544,2025-02-20,Canada,Android,35-44,Male,Organic,0
U00545,2025-02-01,Brazil,iOS,25-34,Female,Ads,0
U00546,2025-05-24,USA,Android,18-24,Male,Ads,0
U00547,2025-03-27,USA,iOS,18-24,Male,Organic,0
U00548,2025-04-18,India,iOS,18-24,Male,Organic,0
U00549,2025-05-18,India,iOS,25-34,Female,Organic,0
U00550,2025-03-25,Canada,iOS,25-34,Male,Organic,0
U00551,2025-04-19,USA,Android,25-34,Female,Referral,0
U00552,2025-01-02,India,iOS,35-44,Male,Ads,0
U00553,2025-01-22,UK,Android,18-24,Female,Organic,0
U00554,2025-01-15,India,iOS,18-24,Female,Ads,0
U00555,2025-06-21,Japan,Android,18-24,Male,Organic,1
U00556,2025-05-15,India,iOS,18-24,Female,Ads,0
U00557,2025-06-25,UK,Android,18-24,Male,Organic,0
U00558,2025-01-29,Germany,Android,18-24,Female,Organic,0
U00559,2025-04-16,Brazil,Web,18-24,Female,Organic,0
U00560,2025-01-07,Brazil,iOS,25-34,Male,Ads,1
U00561,2025-06-12,Australia,Android,18-24,Male,Ads,1
U00562,2025-03-13,Brazil,Android,25-34,Male,Referral,0
U00563,2025-04-24,UK,Android,35-44,Male,Organic,0
U00564,2025-04-18,India,Android,35-44,Female,Organic,0
U00565,2025-01-29,UK,Android,25-34,Male,Ads,1
U00566,2025-03-25,Australia,Android,18-24,Male,Organic,0
U00567,2025-01-25,USA,Android,18-24,Female,Organic,1
U00568,2025-01-09,India,Android,45-54,Male,Organic,0
U00569,2025-03-01,Brazil,iOS,35-44,Male,Organic,0
U00570,2025-03-12,Australia,Android,18-24,Male,Referral,0
U00571,2025-06-24,India,Android,18-24,Male,Organic,0
U00572,2025-06-04,India,iOS,18-24,Female,Organic,0
U00573,2025-06-17,UK,Android,25-34,Male,Ads,0
U00574,2025-01-08,USA,iOS,18-24,Male,Referral,0
U00575,2025-06-24,India,iOS,35-44,Female,Ads,1
U00576,2025-03-11,UK,Android,45-54,Male,Organic,0
U00577,2025-02-10,Germany,iOS,18-24,Male,Organic,1
U00578,2025-05-13,UK,iOS,55+,Male,Referral,1
U00579,2025-02-18,India,Android,18-24,Male,Ads,0
U00580,2025-05-10,Australia,Android,25-34,Female,Ads,0
U00581,2025-01-20,Canada,iOS,18-24,Female,Organic,0
U00582,2025-03-10,UK,Android,45-54,Female,Referral,1
U00583,2025-06-01,UK,Android,45-54,Female,Referral,1
U00584,2025-04-19,India,Android,55+,Male,Organic,0
U00585,2025-06-21,India,Android,25-34,Female,Organic,0
U00586,2025-06-19,India,Android,25-34,Female,Organic,0
U00587,2025-03-20,Canada,Android,18-24,Female,Ads,0
U00588,2025-05-01,Canada,Android,35-44,Female,Organic,1
U00589,2025-05-26,USA,Android,25-34,Female,Organic,0
U00590,2025-01-31,Australia,Android,35-44,Male,Organic,0
U00591,2025-06-29,Japan,Android,25-34,Female,Organic,0
U00592,2025-02-15,USA,iOS,35-44,Male,Ads,0
U00593,2025-06-17,Brazil,Android,25-34,Female,Ads,1
U00594,2025-02-01,India,iOS,45-54,Female,Ads,0
U00595,2025-06-05,UK,Web,18-24,Female,Organic,1
U00596,2025-06-07,Brazil,iOS,25-34,Female,Referral,0
U00597,2025-02-04,Canada,iOS,18-24,Male,Ads,0
U00598,2025-06-21,Canada,Android,55+,Female,Ads,0
U00599,2025-03-22,Japan,Web,25-34,Male,Organic,0
U00600,2025-01-05,Australia,Android,35-44,Female,Ads,0
U00601,2025-02-04,UK,Android,25-34,Male,Organic,0
U00602,2025-05-24,Japan,iOS,55+,Female,Ads,0
U00603,2025-06-29,USA,Android,25-34,Female,Ads,0
U00604,2025-03-06,Australia,iOS,18-24,Female,Ads,0
U00605,2025-06-01,USA,Android,35-44,Male,Ads,0
U00606,2025-03-21,USA,Android,45-54,Female,Organic,0
U00607,2025-06-05,USA,iOS,18-24,Female,Ads,0
U00608,2025-05-11,Australia,Android,18-24,Female,Ads,0
U00609,2025-06-17,UK,iOS,25-34,Female,Referral,0
U00610,2025-05-23,Canada,Android,18-24,Female,Ads,0
U00611,2025-06-07,Germany,iOS,35-44,Female,Ads,0
U00612,2025-02-18,UK,iOS,55+,Male,Organic,0
U00613,2025-02-21,USA,Android,25-34,Male,Organic,0
U00614,2025-01-31,USA,Android,18-24,Male,Ads,0
U00615,2025-06-02,USA,Android,18-24,Female,Ads,0
U00616,2025-05-17,India,Android,25-34,Female,Organic,0
U00617,2025-01-21,USA,Android,25-34,Male,Organic,1
U00618,2025-03-16,USA,Android,18-24,Male,Organic,0
U00619,2025-06-19,Canada,Web,35-44,Other,Organic,0
U00620,2025-01-08,India,iOS,25-34,Female,Referral,0
U00621,2025-06-16,India,iOS,45-54,Male,Organic,0
U00622,2025-04-02,Brazil,iOS,25-34,Female,Organic,1
U00623,2025-02-13,Brazil,Android,25-34,Female,Organic,0
U00624,2025-02-08,Canada,Android,18-24,Female,Ads,0
U00625,2025-06-08,India,Android,25-34,Female,Referral,0
U00626,2025-06-28,UK,iOS,35-44,Male,Organic,0
U00627,2025-03-31,USA,Android,35-44,Female,Organic,0
U00628,2025-03-09,USA,Android,25-34,Male,Organic,0
U00629,2025-03-01,Canada,iOS,25-34,Female,Organic,0
U00630,2025-06-09,USA,iOS,18-24,Female,Organic,1
U00631,2025-06-04,Australia,Android,25-34,Female,Organic,0
U00632,2025-06-19,USA,Android,35-44,Female,Referral,1
U00633,2025-02-14,UK,iOS,35-44,Female,Organic,0
U00634,2025-02-13,Canada,Android,18-24,Male,Organic,0
U00635,2025-01-05,Brazil,Android,35-44,Female,Organic,0
U00636,2025-05-09,UK,Android,18-24,Male,Ads,0
U00637,2025-02-07,USA,iOS,45-54,Female,Referral,0
U00638,2025-03-19,India,Android,18-24,Male,Organic,0
U00639,2025-03-05,India,Android,18-24,Female,Organic,0
U00640,2025-02-24,Brazil,Android,25-34,Female,Organic,0
U00641,2025-06-17,Canada,Android,18-24,Male,Organic,0
U00642,2025-01-14,USA,iOS,25-34,Female,Organic,0
U00643,2025-05-31,Brazil,Android,25-34,Male,Organic,0
U00644,2025-02-24,UK,iOS,45-54,Male,Organic,0
U00645,2025-03-10,Brazil,Android,18-24,Male,Organic,1
U00646,2025-05-05,Canada,Android,25-34,Female,Organic,0
U00647,2025-04-09,Japan,Android,35-44,Male,Organic,0
U00648,2025-03-19,Australia,Android,25-34,Female,Organic,0
U00649,2025-05-12,UK,iOS,35-44,Female,Organic,0
U00650,2025-06-13,India,Android,45-54,Female,Referral,0
U00651,2025-04-15,India,Android,18-24,Male,Organic,0
U00652,2025-03-06,USA,Android,45-54,Male,Organic,0
U00653,2025-01-06,USA,Web,18-24,Female,Organic,0
U00654,2025-01-23,Germany,Android,25-34,Male,Ads,0
U00655,2025-06-20,UK,iOS,25-34,Male,Referral,0
U00656,2025-02-20,India,iOS,25-34,Male,Ads,0
U00657,2025-02-04,USA,Android,18-24,Female,Organic,0
U00658,2025-04-23,India,iOS,18-24,Male,Ads,0
U00659,2025-02-21,India,Android,18-24,Male,Ads,1
U00660,2025-01-08,USA,Android,18-24,Female,Organic,0
U00661,2025-01-22,USA,Android,18-24,Female,Organic,0
U00662,2025-04-26,USA,iOS,35-44,Male,Organic,0
U00663,2025-03-26,Japan,iOS,18-24,Female,Ads,0
U00664,2025-03-09,Germany,Android,35-44,Male,Ads,0
U00665,2025-05-22,India,Android,18-24,Male,Organic,0
U00666,2025-06-02,Brazil,Android,25-34,Male,Organic,0
U00667,2025-03-02,UK,Android,35-44,Female,Organic,0
U00668,2025-03-26,USA,iOS,35-44,Female,Ads,0
U00669,2025-04-28,Canada,Android,18-24,Female,Organic,0
U00670,2025-04-10,Germany,Android,25-34,Female,Ads,0
U00671,2025-01-23,USA,Android,25-34,Male,Referral,0
U00672,2025-03-16,Brazil,Android,18-24,Female,Ads,0
U00673,2025-06-24,USA,Android,35-44,Female,Organic,0
U00674,2025-04-22,USA,iOS,18-24,Female,Organic,0
U00675,2025-02-06,USA,iOS,35-44,Male,Ads,0
U00676,2025-02-19,India,Android,18-24,Male,Organic,0
U00677,2025-01-09,Australia,iOS,35-44,Female,Organic,0
U00678,2025-05-18,USA,Android,25-34,Male,Organic,0
U00679,2025-03-26,Australia,Android,55+,Male,Organic,1
U00680,2025-01-01,Brazil,Android,18-24,Male,Organic,1
U00681,2025-04-11,India,Web,25-34,Female,Ads,0
U00682,2025-06-29,Brazil,iOS,25-34,Male,Organic,0
U00683,2025-06-06,Germany,Android,18-24,Female,Organic,0
U00684,2025-04-15,USA,Android,18-24,Male,Organic,0
U00685,2025-05-14,Germany,Android,25-34,Female,Organic,0
U00686,2025-05-20,USA,Android,18-24,Female,Referral,0
U00687,2025-05-25,Japan,Android,25-34,Male,Referral,0
U00688,2025-05-24,USA,Android,18-24,Male,Organic,0
U00689,2025-05-11,Germany,Web,45-54,Female,Organic,0
U00690,2025-02-08,Japan,Android,35-44,Female,Referral,0
U00691,2025-03-12,India,Android,18-24,Male,Organic,0
U00692,2025-03-25,Japan,iOS,18-24,Male,Referral,0
U00693,2025-01-14,USA,iOS,18-24,Male,Ads,0
U00694,2025-05-09,USA,iOS,25-34,Male,Referral,0
U00695,2025-06-28,Brazil,iOS,45-54,Female,Organic,0
U00696,2025-03-06,Brazil,Android,18-24,Male,Ads,0
U00697,2025-05-02,USA,iOS,35-44,Female,Ads,0
U00698,2025-03-02,Canada,Android,25-34,Female,Organic,0
U00699,2025-05-09,Brazil,iOS,25-34,Other,Referral,0
U00700,2025-06-14,USA,Android,18-24,Female,Organic,0
U00701,2025-01-25,Canada,Android,35-44,Male,Referral,0
U00702,2025-05-20,India,iOS,18-24,Male,Organic,0
U00703,2025-06-24,UK,Android,25-34,Male,Organic,0
U00704,2025-02-28,India,Android,18-24,Female,Organic,0
U00705,2025-04-09,USA,Android,18-24,Female,Organic,1
U00706,2025-03-02,USA,Android,25-34,Male,Organic,0
U00707,2025-05-10,USA,iOS,18-24,Female,Referral,0
U00708,2025-03-21,Canada,iOS,35-44,Male,Organic,0
U00709,2025-03-05,India,iOS,18-24,Female,Organic,0
U00710,2025-03-20,India,Android,25-34,Female,Referral,0
U00711,2025-05-16,USA,Android,45-54,Female,Organic,0
U00712,2025-02-27,UK,Android,35-44,Male,Ads,0
U00713,2025-04-18,Australia,iOS,25-34,Male,Ads,1
U00714,2025-01-25,USA,iOS,18-24,Female,Organic,0
U00715,2025-02-07,USA,Android,18-24,Male,Organic,0
U00716,2025-03-23,UK,Android,25-34,Female,Organic,0
U00717,2025-05-10,Japan,Android,18-24,Male,Ads,0
U00718,2025-03-15,Brazil,iOS,18-24,Male,Organic,1
U00719,2025-05-12,Brazil,Android,18-24,Male,Ads,1
U00720,2025-05-26,USA,Android,35-44,Female,Organic,0
U00721,2025-06-25,USA,iOS,18-24,Female,Organic,0
U00722,2025-02-03,Brazil,Android,25-34,Female,Organic,0
U00723,2025-04-30,India,Web,35-44,Male,Organic,0
U00724,2025-04-21,UK,Android,25-34,Female,Organic,0
U00725,2025-02-28,Canada,iOS,25-34,Male,Organic,0
U00726,2025-03-20,USA,iOS,45-54,Male,Organic,1
U00727,2025-04-17,Brazil,iOS,25-34,Male,Organic,0
U00728,2025-06-11,USA,Android,25-34,Male,Organic,0
U00729,2025-01-01,USA,iOS,25-34,Male,Organic,0
U00730,2025-03-01,USA,iOS,45-54,Female,Ads,0
U00731,2025-02-25,Australia,iOS,25-34,Female,Organic,0
U00732,2025-02-10,UK,iOS,18-24,Female,Organic,1
U00733,2025-03-25,USA,Android,18-24,Male,Organic,0
U00734,2025-06-02,Australia,Android,18-24,Female,Organic,0
U00735,2025-04-23,Germany,Web,25-34,Female,Organic,0
U00736,2025-04-28,Japan,Android,35-44,Male,Organic,0
U00737,2025-05-08,Germany,iOS,35-44,Male,Ads,0
U00738,2025-03-04,Germany,Android,35-44,Male,Organic,0
U00739,2025-04-01,Canada,Web,25-34,Female,Organic,0
U00740,2025-03-27,UK,Android,45-54,Female,Organic,0
U00741,2025-03-27,USA,iOS,45-54,Male,Organic,0
U00742,2025-05-12,India,Android,18-24,Male,Ads,1
U00743,2025-02-11,USA,iOS,25-34,Female,Organic,1
U00744,2025-04-10,USA,Android,25-34,Female,Referral,0
U00745,2025-04-02,USA,iOS,35-44,Female,Organic,0
U00746,2025-06-04,Japan,iOS,35-44,Female,Organic,0
U00747,2025-06-24,UK,Android,18-24,Female,Organic,0
U00748,2025-06-04,USA,iOS,18-24,Male,Organic,0
U00749,2025-05-23,USA,iOS,45-54,Female,Organic,0
U00750,2025-02-02,USA,Android,25-34,Male,Ads,0
U00751,2025-05-08,USA,Android,45-54,Female,Organic,0
U00752,2025-01-17,UK,Android,25-34,Female,Organic,0
U00753,2025-02-25,UK,Android,25-34,Male,Organic,1
U00754,2025-04-11,Germany,Android,45-54,Male,Organic,1
U00755,2025-05-09,Canada,iOS,35-44,Female,Ads,0
U00756,2025-05-03,India,iOS,18-24,Female,Organic,0
U00757,2025-05-01,Brazil,Android,35-44,Male,Organic,0
U00758,2025-03-07,India,Android,35-44,Female,Organic,1
U00759,2025-01-19,USA,Android,45-54,Female,Organic,0
U00760,2025-06-08,Canada,Android,25-34,Male,Ads,0
U00761,2025-05-26,Australia,Android,18-24,Female,Organic,0
U00762,2025-02-15,UK,iOS,18-24,Male,Organic,0
U00763,2025-05-11,USA,Web,25-34,Male,Organic,0
U00764,2025-03-02,India,Android,35-44,Male,Ads,0
U00765,2025-02-13,Canada,Android,35-44,Female,Organic,0
U00766,2025-06-06,India,Android,35-44,Other,Organic,0
U00767,2025-02-08,Japan,Android,18-24,Male,Referral,1
U00768,2025-01-29,Germany,iOS,18-24,Female,Organic,0
U00769,2025-01-05,USA,Android,25-34,Male,Organic,0
U00770,2025-01-09,USA,iOS,18-24,Male,Referral,0
U00771,2025-02-17,Australia,iOS,18-24,Female,Ads,0
U00772,2025-04-03,Brazil,Android,18-24,Female,Organic,1
U00773,2025-04-29,USA,iOS,18-24,Female,Organic,0
U00774,2025-06-15,Brazil,Android,35-44,Female,Organic,0
U00775,2025-05-30,India,Android,18-24,Female,Organic,0
U00776,2025-01-15,USA,Android,35-44,Male,Organic,0
U00777,2025-03-30,Canada,Android,18-24,Male,Organic,1
U00778,2025-03-22,Canada,Android,25-34,Male,Organic,0
U00779,2025-06-22,USA,Android,25-34,Male,Ads,0
U00780,2025-05-03,UK,iOS,18-24,Male,Ads,0
U00781,2025-04-22,Brazil,Android,35-44,Male,Organic,0
U00782,2025-02-07,Canada,Android,18-24,Other,Ads,0
U00783,2025-05-20,India,Android,18-24,Female,Organic,0
U00784,2025-05-16,Australia,iOS,18-24,Male,Referral,0
U00785,2025-03-16,Brazil,iOS,18-24,Female,Organic,0
U00786,2025-04-06,USA,Android,25-34,Male,Organic,0
U00787,2025-03-19,India,iOS,18-24,Female,Organic,0
U00788,2025-02-17,UK,Android,18-24,Male,Ads,0
U00789,2025-01-29,USA,iOS,18-24,Male,Organic,0
U00790,2025-05-08,UK,iOS,18-24,Female,Ads,0
U00791,2025-05-14,India,Web,18-24,Male,Referral,0
U00792,2025-01-02,USA,Android,25-34,Female,Organic,0
U00793,2025-06-23,Canada,Android,25-34,Male,Organic,0
U00794,2025-05-26,UK,Android,55+,Female,Ads,0
U00795,2025-06-17,Brazil,iOS,35-44,Male,Organic,0
U00796,2025-05-30,USA,iOS,35-44,Male,Organic,0
U00797,2025-06-21,UK,iOS,18-24,Male,Organic,0
U00798,2025-01-21,Brazil,Android,25-34,Male,Organic,0
U00799,2025-06-01,Germany,iOS,18-24,Female,Organic,1
U00800,2025-03-24,Japan,Web,18-24,Female,Referral,0
U00801,2025-02-12,Canada,iOS,18-24,Male,Referral,0
U00802,2025-02-04,Australia,iOS,25-34,Male,Organic,0
U00803,2025-06-06,Brazil,iOS,18-24,Female,Organic,0
U00804,2025-05-16,Australia,iOS,18-24,Female,Organic,0
U00805,2025-04-11,UK,Android,35-44,Male,Organic,0
U00806,2025-04-01,Australia,Android,45-54,Female,Organic,0
U00807,2025-01-10,USA,iOS,18-24,Male,Organic,0
U00808,2025-04-19,Japan,iOS,18-24,Female,Referral,0
U00809,2025-02-18,India,Android,25-34,Male,Organic,1
U00810,2025-06-28,Australia,Android,18-24,Female,Ads,0
U00811,2025-06-14,Canada,iOS,35-44,Female,Organic,0
U00812,2025-01-24,USA,Web,25-34,Male,Ads,0
U00813,2025-03-30,Canada,iOS,18-24,Male,Organic,0
U00814,2025-01-26,Germany,Android,25-34,Female,Organic,0
U00815,2025-06-05,USA,iOS,25-34,Female,Organic,0
U00816,2025-04-01,Brazil,iOS,18-24,Male,Organic,0
U00817,2025-05-10,Canada,iOS,18-24,Male,Organic,0
U00818,2025-04-14,Brazil,iOS,35-44,Male,Organic,0
U00819,2025-04-19,India,Android,25-34,Female,Organic,0
U00820,2025-04-26,India,Android,35-44,Female,Organic,0
U00821,2025-03-03,USA,iOS,18-24,Female,Organic,0
U00822,2025-05-27,Australia,Android,25-34,Male,Organic,0
U00823,2025-06-23,UK,Android,25-34,Female,Organic,1
U00824,2025-03-27,Brazil,Android,25-34,Male,Organic,1
U00825,2025-04-29,UK,Android,25-34,Female,Organic,0
U00826,2025-06-08,USA,Android,35-44,Male,Referral,0
U00827,2025-05-20,Germany,Android,45-54,Male,Organic,0
U00828,2025-06-23,UK,iOS,35-44,Female,Ads,0
U00829,2025-04-09,India,Android,45-54,Male,Organic,0
U00830,2025-03-24,India,Android,25-34,Female,Organic,1
U00831,2025-06-11,UK,Android,25-34,Female,Ads,0
U00832,2025-06-26,USA,iOS,25-34,Other,Organic,0
U00833,2025-04-17,Brazil,Web,18-24,Female,Organic,0
U00834,2025-03-28,Japan,Android,18-24,Female,Organic,0
U00835,2025-06-24,India,Android,25-34,Female,Referral,1
U00836,2025-01-31,USA,iOS,18-24,Female,Ads,0
U00837,2025-05-25,India,Android,25-34,Female,Organic,0
U00838,2025-06-17,USA,iOS,18-24,Female,Organic,1
U00839,2025-04-03,UK,Android,35-44,Female,Organic,0
U00840,2025-03-29,India,Android,35-44,Female,Ads,0
U00841,2025-02-20,India,iOS,45-54,Female,Organic,0
U00842,2025-05-26,India,iOS,45-54,Male,Ads,0
U00843,2025-02-18,Canada,Android,35-44,Female,Referral,0
U00844,2025-06-13,Japan,Android,18-24,Other,Ads,0
U00845,2025-05-04,Canada,Android,25-34,Female,Ads,0
U00846,2025-02-23,India,Android,25-34,Female,Organic,0
U00847,2025-05-29,Japan,Android,18-24,Male,Ads,0
U00848,2025-06-01,Brazil,Android,18-24,Male,Organic,0
U00849,2025-04-12,Brazil,iOS,25-34,Female,Organic,0
U00850,2025-04-05,Germany,iOS,35-44,Male,Ads,0
U00851,2025-05-02,Australia,Android,18-24,Female,Ads,0
U00852,2025-02-16,USA,Android,18-24,Female,Ads,0
U00853,2025-02-23,Canada,Android,45-54,Male,Organic,0
U00854,2025-03-27,India,Android,18-24,Male,Organic,1
U00855,2025-01-16,UK,Android,18-24,Male,Organic,1
U00856,2025-05-19,Australia,Android,18-24,Male,Ads,0
U00857,2025-02-25,India,Android,25-34,Female,Organic,1
U00858,2025-02-15,India,Android,25-34,Female,Ads,0
U00859,2025-02-22,UK,Android,35-44,Female,Ads,0
U00860,2025-03-07,Japan,iOS,25-34,Male,Ads,0
U00861,2025-03-04,India,Android,35-44,Female,Organic,0
U00862,2025-06-23,USA,iOS,25-34,Female,Organic,0
U00863,2025-04-15,UK,iOS,45-54,Male,Organic,0
U00864,2025-01-16,India,Android,18-24,Female,Ads,1
U00865,2025-01-27,USA,iOS,35-44,Male,Ads,0
U00866,2025-01-30,Canada,Android,25-34,Female,Organic,0
U00867,2025-02-14,India,Android,35-44,Female,Ads,0
U00868,2025-03-16,Germany,Android,18-24,Female,Organic,0
U00869,2025-05-15,Canada,Android,25-34,Male,Organic,0
U00870,2025-01-30,USA,Web,18-24,Male,Ads,0
U00871,2025-05-18,India,Android,35-44,Male,Ads,0
U00872,2025-02-11,Brazil,iOS,18-24,Male,Organic,0
U00873,2025-01-13,India,Android,18-24,Female,Organic,0
U00874,2025-03-22,Brazil,Android,45-54,Male,Referral,0
U00875,2025-03-21,USA,Android,55+,Male,Organic,0
U00876,2025-03-06,India,Android,18-24,Female,Ads,0
U00877,2025-04-16,Brazil,iOS,18-24,Female,Organic,0
U00878,2025-04-01,India,Android,25-34,Female,Organic,0
U00879,2025-03-22,India,iOS,45-54,Male,Referral,0
U00880,2025-01-13,USA,Android,18-24,Female,Organic,0
U00881,2025-02-10,Japan,Android,25-34,Male,Organic,0
U00882,2025-06-11,UK,Android,18-24,Female,Organic,0
U00883,2025-03-23,India,Android,25-34,Female,Ads,0
U00884,2025-03-17,Canada,Android,25-34,Male,Referral,0
U00885,2025-06-25,Australia,Android,25-34,Female,Organic,0
U00886,2025-05-30,Japan,Web,35-44,Male,Organic,0
U00887,2025-04-24,USA,Android,35-44,Female,Organic,0
U00888,2025-05-16,Germany,Android,18-24,Male,Ads,0
U00889,2025-01-04,Canada,Android,35-44,Male,Referral,0
U00890,2025-06-16,USA,Android,45-54,Female,Ads,0
U00891,2025-06-21,USA,Android,18-24,Male,Referral,0
U00892,2025-05-29,UK,Android,18-24,Female,Referral,0
U00893,2025-04-22,USA,Android,45-54,Male,Organic,0
U00894,2025-03-15,Canada,Android,25-34,Female,Organic,0
U00895,2025-04-03,India,iOS,45-54,Male,Organic,1
U00896,2025-01-02,Brazil,Android,25-34,Other,Ads,0
U00897,2025-03-10,India,iOS,18-24,Female,Organic,0
U00898,2025-02-27,Australia,Android,18-24,Male,Organic,0
U00899,2025-05-27,Australia,Android,25-34,Female,Organic,1
U00900,2025-03-17,Brazil,Android,45-54,Male,Ads,0
U00901,2025-06-15,UK,Android,45-54,Female,Referral,0
U00902,2025-06-23,Brazil,iOS,18-24,Male,Organic,0
U00903,2025-06-12,India,iOS,35-44,Female,Organic,0
U00904,2025-03-23,India,iOS,18-24,Female,Ads,0
U00905,2025-04-15,USA,Android,18-24,Male,Organic,0
U00906,2025-05-26,USA,Android,18-24,Female,Ads,0
U00907,2025-05-23,Japan,iOS,35-44,Male,Referral,1
U00908,2025-04-17,UK,iOS,25-34,Female,Referral,0
U00909,2025-06-05,USA,Android,45-54,Female,Referral,0
U00910,2025-04-28,India,iOS,35-44,Male,Organic,1
U00911,2025-06-24,Germany,Android,18-24,Male,Referral,0
U00912,2025-02-12,India,Android,45-54,Female,Organic,0
U00913,2025-04-05,USA,iOS,18-24,Female,Referral,0
U00914,2025-02-12,USA,Android,25-34,Male,Organic,0
U00915,2025-02-22,USA,iOS,45-54,Female,Organic,0
U00916,2025-03-26,Brazil,Android,25-34,Female,Organic,0
U00917,2025-04-05,Germany,iOS,35-44,Female,Organic,0
U00918,2025-01-06,Germany,Android,25-34,Female,Organic,0
U00919,2025-03-17,India,iOS,55+,Male,Organic,0
U00920,2025-03-07,USA,Android,35-44,Female,Organic,1
U00921,2025-05-10,India,Android,35-44,Female,Ads,0
U00922,2025-05-12,USA,iOS,35-44,Male,Organic,0
U00923,2025-06-04,Canada,Android,18-24,Female,Organic,0
U00924,2025-03-20,Germany,Android,55+,Male,Organic,0
U00925,2025-05-21,USA,Android,35-44,Female,Organic,0
U00926,2025-02-02,Brazil,Android,25-34,Female,Organic,1
U00927,2025-06-13,UK,Android,45-54,Male,Ads,1
U00928,2025-04-01,USA,Android,18-24,Female,Organic,0
U00929,2025-06-28,Canada,iOS,18-24,Female,Ads,0
U00930,2025-01-25,Germany,Android,35-44,Other,Ads,0
U00931,2025-05-01,Japan,Android,18-24,Female,Ads,0
U00932,2025-04-14,Canada,Android,18-24,Male,Organic,0
U00933,2025-01-06,Canada,Android,45-54,Male,Organic,0
U00934,2025-06-26,UK,iOS,18-24,Male,Organic,0
U00935,2025-03-18,USA,iOS,45-54,Male,Ads,0
U00936,2025-04-25,UK,Android,25-34,Female,Organic,0
U00937,2025-04-20,UK,Android,18-24,Female,Referral,0
U00938,2025-05-09,Germany,Android,18-24,Male,Organic,0
U00939,2025-01-06,USA,Android,35-44,Female,Organic,0
U00940,2025-01-17,UK,Android,18-24,Female,Ads,0
U00941,2025-05-05,India,Android,35-44,Male,Ads,0
U00942,2025-03-25,India,Android,35-44,Female,Organic,0
U00943,2025-01-27,Brazil,Android,35-44,Male,Organic,0
U00944,2025-06-18,Australia,Android,18-24,Male,Ads,0
U00945,2025-03-31,Germany,Android,18-24,Female,Referral,0
U00946,2025-02-05,USA,Android,25-34,Female,Organic,0
U00947,2025-01-10,India,Android,18-24,Female,Ads,0
U00948,2025-02-20,USA,Android,35-44,Male,Organic,0
U00949,2025-03-15,India,Android,18-24,Female,Ads,0
U00950,2025-03-05,UK,iOS,18-24,Female,Referral,1
U00951,2025-02-11,Brazil,Android,55+,Female,Ads,0
U00952,2025-03-30,Australia,iOS,18-24,Male,Organic,0
U00953,2025-03-05,Canada,Android,25-34,Male,Referral,1
U00954,2025-03-07,India,iOS,18-24,Female,Organic,0
U00955,2025-05-28,Germany,Android,18-24,Female,Organic,0
U00956,2025-06-20,Brazil,Android,18-24,Female,Organic,0
U00957,2025-03-15,India,iOS,45-54,Female,Organic,0
U00958,2025-02-24,Germany,iOS,25-34,Female,Organic,0
U00959,2025-05-27,UK,iOS,18-24,Female,Organic,1
U00960,2025-06-11,India,Android,45-54,Female,Ads,0
U00961,2025-03-23,USA,iOS,35-44,Male,Referral,0
U00962,2025-02-18,Brazil,Android,25-34,Female,Organic,0
U00963,2025-06-12,Canada,Android,35-44,Male,Referral,0
U00964,2025-01-16,USA,Android,45-54,Female,Referral,0
U00965,2025-04-02,Australia,Android,25-34,Male,Ads,0
U00966,2025-01-04,USA,Android,25-34,Female,Organic,0
U00967,2025-05-26,UK,Android,18-24,Female,Ads,0
U00968,2025-04-15,Germany,iOS,18-24,Female,Organic,1
U00969,2025-01-11,Brazil,Android,55+,Male,Organic,0
U00970,2025-03-09,India,iOS,25-34,Female,Organic,0
U00971,2025-02-13,Canada,Android,18-24,Male,Ads,0
U00972,2025-05-07,USA,iOS,18-24,Female,Ads,0
U00973,2025-01-14,India,iOS,18-24,Female,Ads,0
U00974,2025-06-01,India,Android,18-24,Female,Organic,0
U00975,2025-05-07,India,Web,35-44,Male,Organic,0
U00976,2025-01-08,USA,iOS,35-44,Male,Referral,0
U00977,2025-05-27,UK,iOS,18-24,Male,Organic,0
U00978,2025-01-07,USA,Android,18-24,Female,Organic,0
U00979,2025-02-18,India,Android,25-34,Male,Organic,0
U00980,2025-02-08,India,Android,18-24,Male,Organic,1
U00981,2025-06-12,Australia,Web,18-24,Female,Organic,0
U00982,2025-01-04,Brazil,Web,25-34,Male,Organic,0
U00983,2025-05-01,India,iOS,35-44,Female,Organic,0
U00984,2025-01-30,India,Android,45-54,Male,Organic,1
U00985,2025-02-16,UK,Android,18-24,Female,Organic,1
U00986,2025-01-25,Canada,Android,35-44,Male,Organic,0
U00987,2025-04-02,India,iOS,45-54,Female,Organic,1
U00988,2025-05-10,Brazil,Android,25-34,Male,Organic,0
U00989,2025-01-23,Brazil,Android,35-44,Male,Referral,0
U00990,2025-04-20,USA,iOS,55+,Male,Referral,1
U00991,2025-02-12,Canada,Android,18-24,Male,Referral,0
U00992,2025-04-01,USA,Web,35-44,Male,Organic,0
U00993,2025-05-16,India,Android,35-44,Female,Organic,0
U00994,2025-02-19,India,Android,18-24,Female,Ads,0
U00995,2025-05-29,Canada,Android,18-24,Male,Organic,0
U00996,2025-03-13,Germany,Android,35-44,Female,Organic,0
U00997,2025-02-02,UK,Android,18-24,Male,Referral,1
U00998,2025-04-28,Australia,Android,25-34,Female,Ads,0
U00999,2025-04-28,UK,Android,25-34,Female,Ads,0
U01000,2025-05-26,USA,Android,45-54,Male,Organic,0
U01001,2025-05-20,India,iOS,25-34,Male,Organic,0
U01002,2025-01-23,Canada,iOS,18-24,Male,Ads,0
U01003,2025-06-01,Brazil,iOS,35-44,Male,Ads,0
U01004,2025-06-09,USA,Android,35-44,Male,Organic,0
U01005,2025-02-01,India,Android,45-54,Male,Organic,0
U01006,2025-03-02,USA,iOS,25-34,Female,Organic,0
U01007,2025-01-21,Canada,iOS,18-24,Male,Organic,0
U01008,2025-04-23,Brazil,Android,18-24,Male,Ads,0
U01009,2025-01-05,Canada,iOS,18-24,Female,Organic,0
U01010,2025-03-02,USA,iOS,18-24,Male,Organic,1
U01011,2025-04-22,USA,iOS,35-44,Male,Ads,0
U01012,2025-05-12,USA,Android,35-44,Female,Organic,1
U01013,2025-06-26,USA,Android,35-44,Female,Ads,0
U01014,2025-03-14,USA,iOS,18-24,Male,Organic,0
U01015,2025-03-19,Brazil,iOS,18-24,Male,Organic,0
U01016,2025-05-19,USA,Android,18-24,Female,Organic,0
U01017,2025-02-08,USA,Android,45-54,Female,Referral,1
U01018,2025-01-15,USA,Android,35-44,Male,Organic,0
U01019,2025-04-25,Japan,Android,25-34,Male,Organic,0
U01020,2025-05-15,USA,Web,18-24,Male,Organic,0
U01021,2025-06-11,Australia,Android,18-24,Male,Organic,0
U01022,2025-05-02,UK,Android,55+,Male,Organic,0
U01023,2025-02-17,Brazil,Android,18-24,Female,Organic,0
U01024,2025-01-20,USA,Web,25-34,Male,Organic,0
U01025,2025-05-16,USA,Android,25-34,Female,Organic,0
U01026,2025-05-31,Japan,Android,55+,Male,Organic,0
U01027,2025-02-28,USA,iOS,35-44,Male,Ads,0
U01028,2025-06-15,USA,iOS,25-34,Male,Organic,0
U01029,2025-05-13,India,Android,18-24,Female,Organic,0
U01030,2025-04-27,India,iOS,18-24,Male,Organic,1
U01031,2025-06-06,UK,Web,25-34,Female,Organic,0
U01032,2025-01-24,USA,Android,35-44,Female,Ads,0
U01033,2025-06-04,UK,Android,18-24,Male,Referral,0
U01034,2025-04-20,Japan,Android,25-34,Female,Organic,0
U01035,2025-06-01,India,Android,18-24,Female,Referral,0
U01036,2025-01-08,Australia,Android,18-24,Female,Organic,1
U01037,2025-03-09,UK,iOS,35-44,Female,Organic,0
U01038,2025-04-14,Canada,Android,25-34,Female,Ads,0
U01039,2025-03-25,Japan,Android,18-24,Male,Ads,0
U01040,2025-05-09,Australia,Android,45-54,Male,Organic,0
U01041,2025-03-13,India,Android,35-44,Male,Ads,0
U01042,2025-01-14,Brazil,Android,18-24,Male,Organic,0
U01043,2025-04-09,India,iOS,25-34,Female,Organic,0
U01044,2025-05-06,Canada,Web,25-34,Male,Organic,0
U01045,2025-03-08,USA,iOS,18-24,Female,Ads,0
U01046,2025-01-03,UK,Android,25-34,Female,Ads,0
U01047,2025-06-14,Germany,Android,18-24,Male,Referral,0
U01048,2025-03-23,USA,iOS,18-24,Female,Organic,0
U01049,2025-06-09,USA,iOS,25-34,Male,Ads,0
U01050,2025-04-06,India,iOS,25-34,Female,Organic,0
U01051,2025-01-21,UK,Android,35-44,Male,Organic,0
U01052,2025-03-26,Brazil,Android,18-24,Female,Ads,0
U01053,2025-03-12,Brazil,Android,25-34,Female,Organic,0
U01054,2025-05-04,UK,Android,25-34,Male,Organic,0
U01055,2025-06-23,India,Android,18-24,Female,Organic,0
U01056,2025-06-10,India,iOS,25-34,Male,Ads,0
U01057,2025-03-31,USA,Android,18-24,Female,Organic,0
U01058,2025-05-18,India,iOS,18-24,Male,Organic,0
U01059,2025-01-30,Germany,iOS,18-24,Female,Referral,0
U01060,2025-03-26,USA,iOS,18-24,Female,Referral,0
U01061,2025-02-04,India,Android,35-44,Male,Referral,0
U01062,2025-05-23,USA,Android,35-44,Female,Organic,0
U01063,2025-04-12,Brazil,iOS,18-24,Female,Organic,1
U01064,2025-05-07,Germany,Android,25-34,Male,Ads,0
U01065,2025-02-22,India,Android,18-24,Female,Organic,0
U01066,2025-04-30,Canada,Android,25-34,Female,Organic,0
U01067,2025-06-06,UK,Web,45-54,Female,Organic,0
U01068,2025-06-28,Germany,Android,55+,Female,Ads,0
U01069,2025-04-15,Brazil,iOS,35-44,Male,Organic,0
U01070,2025-05-31,Japan,Android,35-44,Male,Referral,0
U01071,2025-04-04,India,iOS,25-34,Female,Organic,1
U01072,2025-04-01,Germany,Android,18-24,Female,Referral,0
U01073,2025-03-26,Brazil,iOS,25-34,Male,Referral,0
U01074,2025-06-10,Brazil,Android,25-34,Female,Ads,0
U01075,2025-05-22,Germany,iOS,35-44,Female,Organic,0
U01076,2025-04-26,Germany,iOS,25-34,Male,Organic,0
U01077,2025-02-22,UK,iOS,18-24,Male,Ads,0
U01078,2025-03-04,USA,Android,25-34,Female,Ads,0
U01079,2025-06-15,Germany,iOS,35-44,Male,Organic,0
U01080,2025-02-17,USA,iOS,35-44,Female,Organic,0
U01081,2025-06-11,USA,iOS,45-54,Female,Organic,0
U01082,2025-01-17,Brazil,iOS,25-34,Female,Referral,0
U01083,2025-02-24,Australia,Android,25-34,Male,Organic,1
U01084,2025-06-21,India,iOS,18-24,Female,Organic,0
U01085,2025-03-29,India,iOS,18-24,Female,Organic,0
U01086,2025-02-17,Germany,Android,25-34,Male,Referral,0
U01087,2025-05-26,Japan,Android,35-44,Male,Organic,1
U01088,2025-04-01,USA,Android,25-34,Female,Organic,0
U01089,2025-04-21,India,Android,18-24,Male,Ads,0
U01090,2025-04-29,Australia,iOS,35-44,Male,Organic,1
U01091,2025-05-10,India,Android,45-54,Other,Referral,0
U01092,2025-03-15,Canada,iOS,18-24,Male,Ads,0
U01093,2025-03-07,India,Android,55+,Female,Organic,0
U01094,2025-01-06,Canada,iOS,45-54,Male,Organic,0
U01095,2025-04-06,USA,Android,18-24,Male,Referral,0
U01096,2025-06-15,Australia,iOS,18-24,Female,Ads,0
U01097,2025-03-05,USA,Android,45-54,Male,Referral,0
U01098,2025-02-05,USA,iOS,35-44,Female,Organic,1
U01099,2025-04-05,USA,Android,18-24,Female,Organic,0
U01100,2025-02-11,Brazil,Android,25-34,Female,Organic,0
U01101,2025-03-10,Germany,iOS,18-24,Male,Referral,0
U01102,2025-06-04,USA,Android,18-24,Female,Organic,0
U01103,2025-02-20,Japan,Android,25-34,Male,Organic,0
U01104,2025-03-08,UK,iOS,18-24,Female,Ads,0
U01105,2025-02-24,Canada,Web,45-54,Male,Organic,0
U01106,2025-06-20,UK,Android,55+,Female,Organic,0
U01107,2025-04-26,UK,Web,18-24,Female,Ads,0
U01108,2025-05-17,Canada,Android,18-24,Female,Organic,1
U01109,2025-06-20,USA,Web,25-34,Male,Organic,0
U01110,2025-02-23,Brazil,Android,45-54,Male,Ads,0
U01111,2025-04-18,Australia,iOS,18-24,Female,Organic,0
U01112,2025-01-02,India,iOS,18-24,Female,Ads,0
U01113,2025-04-11,India,iOS,25-34,Female,Organic,0
U01114,2025-02-07,Germany,iOS,25-34,Male,Organic,0
U01115,2025-01-17,India,Android,35-44,Male,Organic,0
U01116,2025-02-16,Canada,Android,25-34,Female,Organic,1
U01117,2025-05-20,USA,iOS,45-54,Female,Organic,1
U01118,2025-03-20,USA,Android,18-24,Male,Organic,0
U01119,2025-04-05,Canada,Android,18-24,Male,Organic,1
U01120,2025-04-18,UK,Android,18-24,Male,Organic,0
U01121,2025-05-28,USA,Android,25-34,Female,Ads,0
U01122,2025-02-16,Japan,iOS,18-24,Male,Ads,0
U01123,2025-05-15,Brazil,Android,25-34,Male,Organic,0
U01124,2025-04-03,India,iOS,45-54,Female,Ads,0
U01125,2025-05-06,UK,Web,25-34,Female,Ads,0
U01126,2025-05-19,India,Android,18-24,Male,Organic,0
U01127,2025-04-06,Brazil,Android,25-34,Female,Organic,0
U01128,2025-03-29,Germany,Android,18-24,Male,Organic,1
U01129,2025-06-03,USA,Android,35-44,Female,Organic,0
U01130,2025-01-04,Canada,Android,25-34,Female,Organic,1
U01131,2025-01-19,UK,iOS,55+,Female,Ads,0
U01132,2025-02-27,Canada,Android,25-34,Male,Organic,0
U01133,2025-02-13,UK,iOS,25-34,Female,Organic,0
U01134,2025-03-20,India,Android,45-54,Male,Organic,0
U01135,2025-05-15,Brazil,Android,35-44,Male,Organic,0
U01136,2025-02-17,India,Android,18-24,Female,Organic,0
U01137,2025-03-01,Germany,iOS,18-24,Male,Ads,0
U01138,2025-05-09,Germany,iOS,35-44,Female,Ads,0
U01139,2025-04-23,UK,Android,35-44,Female,Organic,0
U01140,2025-03-13,UK,Android,25-34,Other,Organic,0
U01141,2025-04-02,USA,Android,45-54,Male,Organic,0
U01142,2025-04-18,Brazil,Android,18-24,Male,Ads,1
U01143,2025-04-14,USA,Android,18-24,Male,Organic,0
U01144,2025-03-08,USA,Android,35-44,Female,Ads,0
U01145,2025-03-24,Brazil,Android,25-34,Female,Organic,1
U01146,2025-05-25,UK,iOS,45-54,Female,Organic,1
U01147,2025-04-17,UK,iOS,45-54,Male,Organic,0
U01148,2025-03-06,Canada,iOS,18-24,Female,Organic,1
U01149,2025-03-10,Germany,Android,25-34,Female,Organic,0
U01150,2025-05-17,India,Android,18-24,Male,Ads,0
U01151,2025-03-30,UK,Android,35-44,Male,Organic,0
U01152,2025-02-22,India,Android,25-34,Female,Ads,0
U01153,2025-03-01,USA,Android,18-24,Female,Referral,1
U01154,2025-02-18,India,Web,18-24,Male,Ads,0
U01155,2025-02-14,UK,iOS,18-24,Female,Ads,0
U01156,2025-01-24,Canada,Android,25-34,Female,Organic,0
U01157,2025-05-21,Australia,iOS,18-24,Male,Organic,0
U01158,2025-02-07,Australia,Android,18-24,Female,Ads,0
U01159,2025-03-03,UK,iOS,35-44,Male,Organic,0
U01160,2025-01-24,USA,Android,35-44,Female,Organic,0
U01161,2025-05-25,USA,Android,25-34,Female,Ads,0
U01162,2025-04-15,USA,iOS,25-34,Male,Ads,0
U01163,2025-05-29,Japan,Android,18-24,Male,Ads,0
U01164,2025-05-15,USA,iOS,18-24,Male,Ads,0
U01165,2025-02-05,Japan,iOS,55+,Female,Referral,0
U01166,2025-02-07,Canada,Android,25-34,Male,Ads,0
U01167,2025-02-12,UK,iOS,25-34,Male,Organic,0
U01168,2025-05-24,Germany,Android,18-24,Female,Ads,1
U01169,2025-04-05,USA,iOS,25-34,Male,Organic,0
U01170,2025-02-23,Canada,Android,25-34,Male,Organic,0
U01171,2025-05-21,India,iOS,25-34,Female,Ads,1
U01172,2025-04-25,USA,iOS,18-24,Female,Referral,1
U01173,2025-05-28,USA,Android,35-44,Female,Organic,0
U01174,2025-04-12,UK,Android,18-24,Female,Organic,0
U01175,2025-04-26,India,Web,18-24,Male,Ads,1
U01176,2025-02-24,Canada,Android,45-54,Female,Organic,0
U01177,2025-01-20,India,Android,18-24,Female,Organic,0
U01178,2025-06-11,Canada,iOS,35-44,Male,Ads,0
U01179,2025-02-07,Australia,Android,25-34,Male,Organic,0
U01180,2025-02-27,India,iOS,35-44,Male,Organic,0
U01181,2025-02-14,Canada,Web,45-54,Female,Ads,0
U01182,2025-03-12,Australia,Android,35-44,Female,Organic,1
U01183,2025-02-04,Canada,Android,25-34,Female,Organic,0
U01184,2025-02-28,USA,Android,45-54,Male,Referral,0
U01185,2025-01-03,USA,iOS,18-24,Female,Referral,0
U01186,2025-05-18,Germany,iOS,25-34,Male,Referral,1
U01187,2025-04-14,India,Android,45-54,Male,Organic,1
U01188,2025-01-25,USA,Android,18-24,Male,Organic,0
U01189,2025-02-23,India,Android,25-34,Male,Organic,1
U01190,2025-01-09,India,Android,25-34,Male,Organic,0
U01191,2025-01-11,USA,Android,35-44,Female,Organic,0
U01192,2025-04-18,India,Android,18-24,Male,Organic,0
U01193,2025-02-26,India,Android,45-54,Male,Referral,0
U01194,2025-05-16,USA,Android,35-44,Male,Organic,1
U01195,2025-01-25,UK,Android,55+,Male,Referral,0
U01196,2025-05-04,Canada,Android,45-54,Male,Organic,0
U01197,2025-06-18,Germany,Android,55+,Male,Referral,0
U01198,2025-05-27,Canada,iOS,25-34,Male,Ads,0
U01199,2025-04-06,Canada,Android,35-44,Female,Organic,0
U01200,2025-01-20,USA,Android,25-34,Male,Organic,0
U01201,2025-06-19,Japan,Android,35-44,Male,Organic,0
U01202,2025-01-03,India,Android,55+,Male,Organic,0
U01203,2025-04-22,USA,iOS,25-34,Male,Organic,0
U01204,2025-02-25,UK,Android,45-54,Female,Ads,0
U01205,2025-04-02,Germany,iOS,18-24,Male,Ads,0
U01206,2025-04-03,UK,Android,35-44,Female,Organic,0
U01207,2025-03-27,Australia,iOS,18-24,Male,Referral,0
U01208,2025-03-08,USA,Android,18-24,Female,Organic,1
U01209,2025-02-05,UK,Android,35-44,Male,Organic,0
U01210,2025-01-10,USA,iOS,35-44,Male,Organic,0
U01211,2025-02-19,India,iOS,25-34,Female,Organic,0
U01212,2025-06-17,Canada,iOS,25-34,Male,Organic,1
U01213,2025-04-03,USA,Android,18-24,Female,Ads,0
U01214,2025-01-23,UK,Web,35-44,Female,Organic,0
U01215,2025-06-09,India,iOS,25-34,Female,Organic,0
U01216,2025-01-13,India,Web,18-24,Female,Organic,0
U01217,2025-03-19,Australia,iOS,18-24,Male,Organic,0
U01218,2025-04-06,USA,Android,18-24,Female,Organic,0
U01219,2025-01-15,Japan,Android,18-24,Male,Organic,0
U01220,2025-04-23,UK,Android,25-34,Female,Organic,0
U01221,2025-05-03,India,Android,18-24,Male,Organic,1
U01222,2025-05-14,India,iOS,45-54,Female,Ads,0
U01223,2025-01-11,UK,Android,18-24,Male,Organic,0
U01224,2025-01-30,Germany,Android,18-24,Female,Organic,0
U01225,2025-01-29,UK,Android,35-44,Female,Organic,0
U01226,2025-06-07,USA,iOS,18-24,Female,Ads,1
U01227,2025-04-20,India,iOS,45-54,Female,Organic,0
U01228,2025-02-28,Germany,Android,18-24,Male,Organic,0
U01229,2025-01-17,USA,iOS,18-24,Female,Ads,0
U01230,2025-02-18,India,iOS,25-34,Male,Ads,1
U01231,2025-01-24,India,Android,55+,Female,Organic,0
U01232,2025-04-19,Germany,Android,18-24,Male,Organic,1
U01233,2025-05-29,Canada,iOS,18-24,Female,Ads,0
U01234,2025-03-22,India,Android,18-24,Female,Ads,0
U01235,2025-04-28,UK,iOS,55+,Female,Organic,0
U01236,2025-04-26,Japan,iOS,25-34,Male,Organic,0
U01237,2025-06-03,USA,Android,18-24,Male,Organic,0
U01238,2025-05-01,USA,iOS,55+,Male,Ads,0
U01239,2025-02-13,USA,Web,25-34,Male,Organic,1
U01240,2025-05-31,USA,Android,25-34,Female,Organic,1
U01241,2025-04-12,USA,Android,45-54,Female,Organic,0
U01242,2025-03-15,USA,Android,45-54,Female,Organic,0
U01243,2025-03-29,India,iOS,18-24,Female,Organic,0
U01244,2025-06-26,Germany,iOS,45-54,Female,Referral,0
U01245,2025-03-27,Brazil,Android,18-24,Female,Ads,0
U01246,2025-02-27,India,Android,25-34,Female,Organic,1
U01247,2025-06-17,UK,Android,25-34,Female,Organic,1
U01248,2025-04-25,Germany,iOS,45-54,Female,Referral,0
U01249,2025-03-25,USA,Android,35-44,Male,Organic,0
U01250,2025-03-01,UK,Android,25-34,Male,Organic,0
U01251,2025-04-21,UK,iOS,25-34,Male,Organic,0
U01252,2025-05-01,Canada,Android,18-24,Male,Referral,0
U01253,2025-01-12,India,iOS,25-34,Female,Organic,0
U01254,2025-04-29,USA,Android,25-34,Male,Organic,0
U01255,2025-05-24,UK,Android,25-34,Male,Ads,0
U01256,2025-01-20,India,Android,18-24,Female,Organic,1
U01257,2025-05-29,Germany,Android,25-34,Female,Referral,1
U01258,2025-02-10,USA,Android,18-24,Male,Organic,0
U01259,2025-05-02,Germany,iOS,18-24,Female,Referral,0
U01260,2025-02-10,Australia,iOS,45-54,Male,Organic,0
U01261,2025-02-21,Germany,Android,25-34,Female,Ads,0
U01262,2025-05-09,Canada,iOS,18-24,Male,Organic,0
U01263,2025-01-16,India,Android,35-44,Female,Ads,0
U01264,2025-01-31,Germany,Android,18-24,Female,Ads,0
U01265,2025-02-16,India,Android,25-34,Female,Organic,0
U01266,2025-02-03,USA,iOS,45-54,Male,Organic,0
U01267,2025-04-18,India,iOS,25-34,Male,Organic,0
U01268,2025-01-15,Brazil,Android,55+,Male,Ads,0
U01269,2025-01-31,UK,iOS,55+,Male,Organic,0
U01270,2025-01-01,USA,Android,25-34,Male,Referral,1
U01271,2025-03-21,USA,Android,18-24,Female,Organic,0
U01272,2025-03-29,USA,Web,18-24,Male,Ads,1
U01273,2025-05-14,USA,Android,18-24,Female,Organic,0
U01274,2025-04-26,USA,Android,25-34,Male,Referral,0
U01275,2025-04-02,USA,Android,25-34,Female,Organic,0
U01276,2025-02-26,Brazil,Android,25-34,Female,Organic,1
U01277,2025-01-07,USA,Android,25-34,Female,Organic,0
U01278,2025-02-14,Brazil,Android,25-34,Female,Organic,0
U01279,2025-02-25,India,iOS,35-44,Male,Ads,0
U01280,2025-05-18,USA,Android,45-54,Female,Organic,0
U01281,2025-02-24,USA,Android,25-34,Female,Organic,0
U01282,2025-05-17,USA,iOS,18-24,Female,Ads,0
U01283,2025-06-16,USA,Android,55+,Female,Referral,1
U01284,2025-03-30,USA,iOS,18-24,Male,Organic,0
U01285,2025-01-14,India,Android,35-44,Female,Organic,0
U01286,2025-05-14,Brazil,Android,18-24,Male,Referral,0
U01287,2025-02-15,Australia,Android,18-24,Female,Organic,0
U01288,2025-06-29,USA,iOS,45-54,Male,Organic,1
U01289,2025-02-21,USA,Android,25-34,Male,Ads,0
U01290,2025-06-02,USA,Android,18-24,Male,Ads,0
U01291,2025-06-03,UK,iOS,35-44,Female,Ads,0
U01292,2025-05-02,India,Android,18-24,Male,Ads,0
U01293,2025-04-25,Brazil,Android,18-24,Male,Organic,0
U01294,2025-05-09,India,Android,35-44,Male,Referral,0
U01295,2025-06-06,Germany,Android,18-24,Male,Organic,0
U01296,2025-02-08,Canada,Android,18-24,Female,Referral,1
U01297,2025-03-24,USA,Android,18-24,Male,Organic,0
U01298,2025-01-23,India,Android,35-44,Female,Organic,1
U01299,2025-04-16,USA,Android,25-34,Other,Organic,0
U01300,2025-02-13,Japan,iOS,18-24,Female,Organic,0
U01301,2025-05-06,UK,iOS,55+,Female,Organic,0
U01302,2025-01-29,Brazil,Android,45-54,Male,Organic,0
U01303,2025-06-26,Canada,Android,25-34,Male,Organic,0
U01304,2025-02-21,USA,iOS,45-54,Male,Ads,0
U01305,2025-06-10,UK,Android,25-34,Male,Organic,0
U01306,2025-01-28,USA,iOS,25-34,Female,Ads,0
U01307,2025-01-14,USA,iOS,35-44,Female,Referral,0
U01308,2025-01-12,USA,Android,45-54,Male,Organic,0
U01309,2025-02-02,Brazil,iOS,18-24,Female,Ads,0
U01310,2025-06-03,India,Android,25-34,Male,Referral,1
U01311,2025-03-01,USA,iOS,18-24,Male,Organic,0
U01312,2025-04-26,Germany,iOS,18-24,Male,Ads,0
U01313,2025-05-26,Australia,Android,18-24,Male,Organic,0
U01314,2025-06-10,UK,Android,35-44,Male,Referral,0
U01315,2025-04-21,USA,Android,25-34,Female,Ads,0
U01316,2025-06-28,Germany,Android,25-34,Female,Ads,0
U01317,2025-02-26,Canada,Android,35-44,Male,Organic,0
U01318,2025-03-27,India,iOS,18-24,Male,Organic,0
U01319,2025-01-25,USA,Android,25-34,Female,Organic,0
U01320,2025-04-02,Brazil,Web,25-34,Male,Ads,0
U01321,2025-05-14,India,Android,45-54,Male,Organic,0
U01322,2025-03-01,India,Android,45-54,Female,Organic,0
U01323,2025-05-16,UK,iOS,35-44,Female,Ads,0
U01324,2025-03-20,USA,iOS,25-34,Female,Ads,0
U01325,2025-02-22,USA,Android,35-44,Male,Ads,0
U01326,2025-04-08,Germany,Android,35-44,Female,Referral,0
U01327,2025-04-15,Canada,iOS,25-34,Male,Organic,0
U01328,2025-04-06,USA,Android,55+,Female,Organic,0
U01329,2025-03-27,India,iOS,35-44,Male,Ads,0
U01330,2025-01-16,India,Android,35-44,Female,Organic,0
U01331,2025-04-27,Japan,iOS,18-24,Male,Ads,0
U01332,2025-01-08,UK,iOS,18-24,Male,Ads,0
U01333,2025-06-22,USA,iOS,25-34,Female,Organic,1
U01334,2025-03-25,USA,iOS,18-24,Female,Organic,0
U01335,2025-05-23,UK,iOS,18-24,Male,Organic,0
U01336,2025-03-04,India,Android,25-34,Female,Organic,1
U01337,2025-04-28,Australia,Android,25-34,Other,Organic,0
U01338,2025-02-18,USA,iOS,55+,Female,Referral,0
U01339,2025-01-06,India,Android,25-34,Female,Referral,0
U01340,2025-01-18,Brazil,iOS,25-34,Male,Organic,0
U01341,2025-02-14,USA,Android,35-44,Female,Referral,1
U01342,2025-05-11,UK,iOS,18-24,Female,Ads,0
U01343,2025-06-12,UK,iOS,25-34,Male,Organic,0
U01344,2025-06-17,Japan,iOS,18-24,Male,Organic,0
U01345,2025-04-22,India,Android,25-34,Male,Ads,1
U01346,2025-04-25,India,iOS,45-54,Other,Referral,0
U01347,2025-01-05,Australia,Android,18-24,Male,Organic,0
U01348,2025-05-29,Brazil,Android,18-24,Female,Organic,0
U01349,2025-05-11,Canada,iOS,18-24,Male,Organic,0
U01350,2025-06-09,USA,Android,35-44,Female,Organic,0
U01351,2025-02-22,Australia,Android,45-54,Female,Ads,0
U01352,2025-04-22,USA,Android,45-54,Male,Organic,0
U01353,2025-01-08,Australia,Android,35-44,Female,Referral,0
U01354,2025-05-29,UK,iOS,25-34,Female,Ads,0
U01355,2025-05-27,UK,Android,45-54,Female,Organic,1
U01356,2025-02-04,USA,Android,35-44,Female,Ads,1
U01357,2025-04-02,India,iOS,55+,Female,Organic,1
U01358,2025-04-11,Canada,iOS,55+,Male,Organic,0
U01359,2025-05-07,Germany,Android,25-34,Male,Organic,0
U01360,2025-03-27,India,Android,45-54,Female,Organic,0
U01361,2025-06-27,UK,Android,35-44,Female,Ads,0
U01362,2025-02-24,India,Web,18-24,Other,Ads,0
U01363,2025-02-05,Germany,Android,35-44,Male,Referral,0
U01364,2025-04-24,Germany,Android,35-44,Female,Ads,1
U01365,2025-03-26,Brazil,Android,25-34,Male,Referral,0
U01366,2025-05-04,Germany,Web,25-34,Male,Ads,0
U01367,2025-06-08,Australia,Android,25-34,Male,Ads,0
U01368,2025-04-06,Brazil,Android,18-24,Female,Organic,0
U01369,2025-01-18,Germany,iOS,25-34,Male,Organic,0
U01370,2025-04-02,USA,Android,18-24,Female,Ads,1
U01371,2025-03-09,Australia,Android,35-44,Other,Organic,0
U01372,2025-03-21,India,iOS,45-54,Male,Referral,0
U01373,2025-03-06,USA,Web,35-44,Female,Referral,0
U01374,2025-03-04,India,Android,18-24,Male,Ads,0
U01375,2025-05-11,UK,Android,35-44,Female,Ads,0
U01376,2025-01-21,Brazil,iOS,18-24,Female,Organic,1
U01377,2025-06-16,USA,Android,35-44,Female,Organic,0
U01378,2025-02-01,Canada,Android,35-44,Female,Organic,0
U01379,2025-03-06,UK,Android,25-34,Male,Organic,0
U01380,2025-03-21,Germany,Android,35-44,Male,Organic,0
U01381,2025-05-15,Germany,Android,25-34,Female,Ads,0
U01382,2025-04-07,USA,iOS,55+,Female,Organic,0
U01383,2025-02-25,USA,Android,35-44,Male,Organic,0
U01384,2025-05-09,USA,Android,45-54,Male,Referral,0
U01385,2025-03-19,India,Android,25-34,Female,Organic,0
U01386,2025-06-07,Brazil,Android,35-44,Female,Organic,0
U01387,2025-05-28,UK,Android,55+,Male,Organic,0
U01388,2025-04-17,USA,iOS,18-24,Male,Organic,0
U01389,2025-01-08,Japan,iOS,18-24,Male,Organic,0
U01390,2025-03-30,USA,Android,25-34,Female,Organic,1
U01391,2025-01-18,USA,Android,35-44,Female,Organic,0
U01392,2025-03-03,Japan,iOS,18-24,Male,Ads,0
U01393,2025-02-19,UK,Android,18-24,Other,Organic,1
U01394,2025-03-04,UK,Android,18-24,Male,Organic,1
U01395,2025-01-23,UK,Android,18-24,Male,Referral,0
U01396,2025-05-31,USA,Android,55+,Male,Organic,0
U01397,2025-03-20,USA,iOS,18-24,Female,Organic,0
U01398,2025-06-17,Australia,iOS,25-34,Female,Referral,0
U01399,2025-04-10,Brazil,Android,18-24,Female,Referral,0
U01400,2025-06-10,Canada,iOS,25-34,Male,Organic,0
U01401,2025-01-01,USA,Android,25-34,Female,Organic,0
U01402,2025-05-08,Japan,iOS,18-24,Female,Ads,0
U01403,2025-06-18,Japan,iOS,25-34,Male,Organic,0
U01404,2025-04-16,Brazil,iOS,18-24,Female,Referral,0
U01405,2025-03-31,India,Android,18-24,Female,Referral,0
U01406,2025-03-22,USA,iOS,25-34,Female,Referral,0
U01407,2025-01-11,India,Android,35-44,Male,Organic,0
U01408,2025-02-06,Brazil,iOS,25-34,Female,Referral,0
U01409,2025-04-11,Australia,iOS,35-44,Male,Ads,0
U01410,2025-03-12,Germany,iOS,25-34,Female,Ads,0
U01411,2025-05-01,UK,iOS,25-34,Male,Organic,0
U01412,2025-05-27,Canada,Web,25-34,Male,Organic,1
U01413,2025-04-07,Brazil,Android,25-34,Female,Organic,0
U01414,2025-05-02,USA,Android,35-44,Female,Organic,0
U01415,2025-03-27,Brazil,iOS,35-44,Male,Organic,0
U01416,2025-05-28,India,Android,25-34,Male,Organic,1
U01417,2025-01-11,Brazil,Android,25-34,Male,Organic,1
U01418,2025-02-09,Canada,Android,18-24,Male,Organic,0
U01419,2025-02-21,USA,Android,18-24,Male,Organic,0
U01420,2025-04-17,USA,Android,45-54,Male,Organic,0
U01421,2025-01-26,India,iOS,18-24,Male,Organic,0
U01422,2025-02-25,Australia,iOS,18-24,Male,Organic,0
U01423,2025-03-27,USA,Android,25-34,Female,Ads,0
U01424,2025-06-21,Australia,iOS,25-34,Female,Ads,0
U01425,2025-05-16,USA,Android,18-24,Male,Organic,0
U01426,2025-04-05,USA,iOS,18-24,Female,Ads,0
U01427,2025-01-24,USA,Android,35-44,Male,Organic,0
U01428,2025-01-06,USA,iOS,45-54,Other,Organic,0
U01429,2025-05-03,USA,iOS,35-44,Female,Organic,0
U01430,2025-04-29,Japan,Android,25-34,Male,Organic,1
U01431,2025-06-05,Japan,iOS,25-34,Female,Organic,1
U01432,2025-02-16,India,Android,25-34,Male,Organic,0
U01433,2025-05-18,Canada,iOS,18-24,Male,Organic,0
U01434,2025-01-31,India,Android,18-24,Male,Organic,0
U01435,2025-03-02,USA,Android,45-54,Male,Organic,0
U01436,2025-04-17,India,Android,18-24,Male,Organic,0
U01437,2025-01-03,India,iOS,25-34,Female,Organic,0
U01438,2025-04-18,UK,Android,25-34,Female,Organic,0
U01439,2025-03-21,USA,Android,45-54,Female,Organic,0
U01440,2025-01-19,Brazil,Android,25-34,Male,Ads,0
U01441,2025-02-13,USA,iOS,18-24,Male,Organic,0
U01442,2025-06-13,Brazil,iOS,45-54,Female,Referral,0
U01443,2025-06-27,Australia,iOS,18-24,Male,Referral,0
U01444,2025-01-23,USA,Android,35-44,Male,Organic,0
U01445,2025-03-31,Germany,iOS,35-44,Male,Ads,0
U01446,2025-01-23,Japan,Android,35-44,Male,Ads,0
U01447,2025-05-06,USA,Android,18-24,Male,Ads,0
U01448,2025-06-11,Germany,Android,35-44,Female,Organic,0
U01449,2025-01-30,Australia,Android,18-24,Male,Organic,1
U01450,2025-04-07,USA,iOS,45-54,Male,Ads,0
U01451,2025-05-20,USA,iOS,25-34,Male,Organic,0
U01452,2025-02-26,India,Android,35-44,Female,Ads,0
U01453,2025-04-09,UK,Android,18-24,Female,Ads,0
U01454,2025-05-17,Japan,Android,55+,Female,Referral,0
U01455,2025-02-23,Germany,Android,35-44,Male,Ads,0
U01456,2025-03-22,UK,Android,35-44,Male,Organic,0
U01457,2025-06-12,Germany,iOS,18-24,Male,Ads,0
U01458,2025-04-04,Brazil,Android,18-24,Male,Referral,0
U01459,2025-04-02,India,iOS,25-34,Male,Organic,0
U01460,2025-02-17,India,iOS,18-24,Male,Organic,0
U01461,2025-03-30,Japan,Android,25-34,Female,Ads,0
U01462,2025-04-18,India,Android,35-44,Female,Ads,1
U01463,2025-01-29,USA,Android,18-24,Female,Organic,0
U01464,2025-03-16,Japan,Android,35-44,Male,Ads,0
U01465,2025-02-07,India,Android,25-34,Male,Organic,0
U01466,2025-06-29,USA,iOS,25-34,Male,Ads,1
U01467,2025-04-27,USA,Android,45-54,Male,Referral,1
U01468,2025-04-09,India,Android,35-44,Male,Referral,0
U01469,2025-05-25,Brazil,iOS,18-24,Male,Organic,1
U01470,2025-06-20,Japan,Android,25-34,Male,Referral,0
U01471,2025-01-27,Brazil,iOS,18-24,Female,Organic,0
U01472,2025-06-17,USA,iOS,18-24,Female,Organic,1
U01473,2025-01-14,Brazil,iOS,45-54,Female,Ads,1
U01474,2025-02-23,USA,iOS,18-24,Female,Organic,0
U01475,2025-05-31,Australia,iOS,25-34,Male,Organic,0
U01476,2025-06-03,USA,Android,55+,Male,Organic,0
U01477,2025-06-15,India,iOS,25-34,Female,Organic,0
U01478,2025-03-22,UK,Android,25-34,Female,Organic,0
U01479,2025-03-07,Germany,Android,25-34,Male,Organic,0
U01480,2025-06-02,Australia,iOS,18-24,Male,Referral,1
U01481,2025-04-09,Canada,Web,45-54,Male,Organic,0
U01482,2025-02-21,Brazil,iOS,18-24,Male,Referral,0
U01483,2025-06-09,Brazil,Android,35-44,Male,Organic,0
U01484,2025-01-01,Australia,Android,18-24,Female,Organic,0
U01485,2025-02-24,UK,Android,45-54,Female,Organic,0
U01486,2025-05-21,USA,Android,25-34,Female,Organic,0
U01487,2025-02-27,Australia,iOS,35-44,Male,Organic,0
U01488,2025-06-12,Germany,iOS,18-24,Male,Referral,1
U01489,2025-04-24,Australia,Android,18-24,Female,Ads,0
U01490,2025-04-23,Canada,iOS,45-54,Female,Ads,0
U01491,2025-05-09,USA,Web,25-34,Female,Organic,0
U01492,2025-04-06,UK,Android,18-24,Female,Organic,0
U01493,2025-06-18,Germany,Android,18-24,Female,Ads,0
U01494,2025-01-29,Germany,iOS,18-24,Male,Organic,0
U01495,2025-03-28,Germany,Android,18-24,Female,Organic,0
U01496,2025-04-15,Australia,Android,25-34,Female,Organic,0
U01497,2025-04-05,Japan,Android,25-34,Female,Organic,0
U01498,2025-03-09,Brazil,Android,25-34,Male,Organic,0
U01499,2025-03-06,Australia,iOS,55+,Female,Organic,0
U01500,2025-04-18,Australia,Android,35-44,Male,Organic,0
U01501,2025-05-29,Canada,iOS,18-24,Male,Organic,0
U01502,2025-04-16,USA,iOS,45-54,Female,Ads,0
U01503,2025-03-15,USA,Web,25-34,Female,Ads,0
U01504,2025-03-30,India,iOS,18-24,Male,Referral,0
U01505,2025-03-04,Brazil,iOS,25-34,Male,Ads,1
U01506,2025-06-18,USA,iOS,25-34,Female,Organic,0
U01507,2025-02-06,Canada,Web,35-44,Male,Organic,0
U01508,2025-05-16,Brazil,Android,18-24,Male,Organic,0
U01509,2025-02-16,Germany,Android,25-34,Male,Referral,0
U01510,2025-04-22,USA,Android,25-34,Male,Referral,0
U01511,2025-03-16,Brazil,iOS,18-24,Male,Ads,0
U01512,2025-02-15,India,iOS,25-34,Male,Referral,0
U01513,2025-06-16,UK,iOS,35-44,Male,Ads,1
U01514,2025-05-31,Brazil,Android,18-24,Male,Organic,0
U01515,2025-03-21,India,Android,25-34,Female,Referral,0
U01516,2025-01-09,USA,iOS,45-54,Female,Ads,0
U01517,2025-03-03,India,Android,55+,Male,Ads,0
U01518,2025-05-25,USA,Android,18-24,Male,Ads,0
U01519,2025-04-02,USA,iOS,25-34,Female,Organic,0
U01520,2025-05-17,India,Android,45-54,Female,Ads,0
U01521,2025-06-27,UK,Android,18-24,Male,Organic,0
U01522,2025-06-07,Brazil,Android,35-44,Male,Ads,1
U01523,2025-03-16,Brazil,Android,35-44,Male,Organic,0
U01524,2025-03-16,India,iOS,18-24,Female,Organic,0
U01525,2025-05-09,India,Android,35-44,Female,Organic,0
U01526,2025-06-03,UK,Android,55+,Female,Ads,0
U01527,2025-06-09,India,Android,25-34,Male,Referral,1
U01528,2025-05-07,Japan,Android,25-34,Male,Organic,0
U01529,2025-01-30,USA,Android,55+,Male,Organic,0
U01530,2025-04-07,India,Android,18-24,Male,Organic,0
U01531,2025-01-08,Japan,Android,18-24,Female,Organic,0
U01532,2025-01-25,Canada,iOS,35-44,Female,Organic,0
U01533,2025-04-08,India,Android,25-34,Female,Organic,0
U01534,2025-04-25,India,Android,25-34,Female,Organic,0
U01535,2025-03-06,UK,Android,18-24,Female,Referral,0
U01536,2025-06-18,Japan,iOS,18-24,Female,Ads,0
U01537,2025-01-20,India,iOS,45-54,Male,Organic,0
U01538,2025-06-19,USA,Android,25-34,Male,Organic,0
U01539,2025-06-14,USA,Android,18-24,Female,Referral,0
U01540,2025-03-27,Germany,iOS,35-44,Male,Organic,0
U01541,2025-01-20,USA,iOS,18-24,Female,Ads,0
U01542,2025-04-13,USA,iOS,25-34,Male,Organic,0
U01543,2025-06-26,Germany,iOS,25-34,Male,Referral,0
U01544,2025-03-30,USA,Web,18-24,Female,Ads,0
U01545,2025-01-03,Canada,Android,25-34,Female,Organic,0
U01546,2025-05-21,Canada,Android,18-24,Female,Organic,0
U01547,2025-01-28,Germany,iOS,25-34,Male,Organic,0
U01548,2025-03-21,USA,Android,25-34,Female,Organic,1
U01549,2025-06-19,Australia,iOS,18-24,Male,Ads,1
U01550,2025-05-08,India,iOS,25-34,Male,Referral,0
U01551,2025-01-30,Canada,Android,35-44,Female,Ads,0
U01552,2025-01-15,USA,iOS,25-34,Female,Organic,1
U01553,2025-04-02,India,Android,18-24,Male,Referral,1
U01554,2025-06-01,India,Android,45-54,Male,Organic,1
U01555,2025-02-21,USA,Web,18-24,Female,Organic,0
U01556,2025-03-07,Brazil,iOS,18-24,Male,Organic,0
U01557,2025-05-02,UK,Android,55+,Other,Organic,0
U01558,2025-05-15,Canada,Android,35-44,Female,Organic,1
U01559,2025-03-19,USA,Android,18-24,Female,Organic,0
U01560,2025-05-07,India,Android,35-44,Female,Organic,0
U01561,2025-01-16,Japan,Android,25-34,Male,Ads,0
U01562,2025-06-15,Canada,Android,18-24,Male,Ads,0
U01563,2025-03-05,USA,Android,25-34,Female,Organic,0
U01564,2025-06-15,Japan,Android,45-54,Male,Ads,0
U01565,2025-05-11,UK,iOS,25-34,Female,Organic,0
U01566,2025-06-16,USA,Android,18-24,Female,Organic,0
U01567,2025-04-14,Germany,iOS,55+,Male,Organic,0
U01568,2025-03-15,India,iOS,25-34,Male,Ads,0
U01569,2025-03-03,Germany,Android,18-24,Male,Organic,0
U01570,2025-05-02,Germany,iOS,25-34,Male,Ads,0
U01571,2025-05-20,USA,Android,25-34,Female,Referral,1
U01572,2025-06-22,Brazil,Android,35-44,Male,Organic,0
U01573,2025-05-28,Germany,Android,55+,Male,Organic,0
U01574,2025-04-05,India,Android,25-34,Male,Ads,0
U01575,2025-06-19,Japan,iOS,18-24,Female,Organic,0
U01576,2025-04-16,Brazil,Android,25-34,Male,Organic,0
U01577,2025-01-07,Australia,Android,35-44,Male,Organic,0
U01578,2025-04-30,UK,Android,35-44,Male,Ads,0
U01579,2025-01-14,USA,Android,25-34,Male,Organic,1
U01580,2025-02-15,USA,Android,35-44,Male,Organic,0
U01581,2025-05-03,Brazil,Android,45-54,Other,Referral,0
U01582,2025-05-13,USA,iOS,18-24,Female,Organic,0
U01583,2025-06-28,UK,iOS,18-24,Male,Organic,0
U01584,2025-02-25,USA,iOS,35-44,Female,Referral,0
U01585,2025-02-14,India,Android,25-34,Female,Ads,0
U01586,2025-05-26,India,iOS,18-24,Male,Organic,1
U01587,2025-01-18,Canada,iOS,35-44,Female,Organic,1
U01588,2025-03-26,Japan,Android,18-24,Male,Ads,0
U01589,2025-01-20,USA,Android,25-34,Female,Referral,0
U01590,2025-05-28,India,Android,18-24,Female,Referral,0
U01591,2025-05-04,India,Web,45-54,Female,Ads,0
U01592,2025-05-17,USA,Android,18-24,Female,Ads,1
U01593,2025-06-19,Brazil,iOS,18-24,Female,Organic,1
U01594,2025-01-20,UK,Android,18-24,Female,Organic,0
U01595,2025-03-28,USA,Android,25-34,Male,Organic,1
U01596,2025-02-02,UK,iOS,25-34,Male,Organic,0
U01597,2025-05-15,Canada,Android,25-34,Female,Ads,0
U01598,2025-02-28,USA,Android,18-24,Male,Organic,1
U01599,2025-06-25,USA,iOS,35-44,Male,Organic,0
U01600,2025-01-06,Brazil,Android,18-24,Female,Organic,0
U01601,2025-01-09,Canada,iOS,18-24,Female,Ads,0
U01602,2025-03-04,India,iOS,18-24,Male,Organic,0
U01603,2025-06-04,Brazil,Android,18-24,Male,Organic,0
U01604,2025-01-11,USA,Android,35-44,Female,Organic,0
U01605,2025-02-26,Canada,Android,18-24,Male,Ads,0
U01606,2025-03-11,Japan,iOS,25-34,Male,Organic,1
U01607,2025-03-14,India,iOS,25-34,Female,Referral,0
U01608,2025-03-25,India,Android,18-24,Male,Ads,0
U01609,2025-01-29,Germany,iOS,45-54,Female,Organic,0
U01610,2025-02-17,Australia,Android,55+,Female,Ads,1
U01611,2025-04-14,India,Android,35-44,Female,Organic,0
U01612,2025-03-22,USA,Web,25-34,Female,Referral,0
U01613,2025-04-20,Brazil,Android,55+,Female,Organic,0
U01614,2025-05-13,Brazil,Android,25-34,Other,Organic,1
U01615,2025-06-03,Canada,Android,25-34,Male,Organic,0
U01616,2025-02-04,Germany,Android,55+,Female,Ads,0
U01617,2025-02-03,USA,Web,25-34,Female,Organic,0
U01618,2025-02-03,Germany,Android,18-24,Male,Organic,1
U01619,2025-01-16,India,Android,35-44,Male,Organic,0
U01620,2025-04-29,USA,iOS,35-44,Female,Organic,1
U01621,2025-06-19,USA,Web,18-24,Female,Organic,0
U01622,2025-03-16,India,Android,35-44,Female,Organic,0
U01623,2025-05-01,USA,Android,18-24,Male,Organic,0
U01624,2025-05-13,India,Android,35-44,Male,Organic,0
U01625,2025-02-16,India,Android,25-34,Female,Organic,0
U01626,2025-04-07,Brazil,Android,18-24,Male,Organic,0
U01627,2025-06-27,Australia,Android,25-34,Male,Organic,1
U01628,2025-04-24,Canada,Web,25-34,Female,Ads,0
U01629,2025-01-28,USA,Android,18-24,Female,Organic,0
U01630,2025-02-15,Australia,Android,25-34,Male,Ads,0
U01631,2025-03-31,India,Android,18-24,Female,Ads,0
U01632,2025-05-04,USA,Android,25-34,Male,Organic,0
U01633,2025-02-19,UK,iOS,18-24,Male,Organic,0
U01634,2025-03-31,India,Android,35-44,Female,Organic,0
U01635,2025-02-19,Japan,Android,25-34,Female,Organic,1
U01636,2025-05-10,UK,Android,18-24,Male,Organic,0
U01637,2025-01-02,India,Android,18-24,Male,Referral,0
U01638,2025-06-24,Germany,Android,35-44,Female,Referral,0
U01639,2025-06-06,India,iOS,18-24,Female,Ads,0
U01640,2025-04-01,Australia,Android,25-34,Male,Ads,0
U01641,2025-06-24,India,iOS,25-34,Female,Organic,0
U01642,2025-02-25,India,Android,25-34,Female,Organic,0
U01643,2025-05-12,UK,iOS,25-34,Male,Referral,0
U01644,2025-04-17,India,iOS,18-24,Other,Organic,0
U01645,2025-01-31,Canada,Android,35-44,Male,Organic,0
U01646,2025-01-15,India,iOS,18-24,Female,Ads,0
U01647,2025-03-27,Australia,Android,25-34,Female,Ads,0
U01648,2025-03-09,India,iOS,25-34,Female,Ads,0
U01649,2025-04-25,USA,Android,55+,Male,Ads,0
U01650,2025-02-28,USA,iOS,18-24,Male,Organic,0
U01651,2025-05-05,India,iOS,55+,Female,Ads,0
U01652,2025-03-24,Brazil,Android,45-54,Female,Organic,1
U01653,2025-05-15,UK,Android,45-54,Male,Ads,0
U01654,2025-02-18,Germany,iOS,18-24,Female,Organic,0
U01655,2025-03-30,Canada,Android,18-24,Male,Organic,0
U01656,2025-06-14,USA,iOS,35-44,Male,Organic,0
U01657,2025-02-28,UK,Android,35-44,Female,Organic,0
U01658,2025-02-08,Canada,Android,18-24,Female,Referral,0
U01659,2025-03-16,India,iOS,25-34,Male,Organic,0
U01660,2025-06-15,Canada,Android,18-24,Male,Organic,1
U01661,2025-04-04,USA,iOS,18-24,Male,Organic,0
U01662,2025-01-21,India,Android,45-54,Female,Organic,0
U01663,2025-02-16,USA,iOS,55+,Male,Organic,0
U01664,2025-03-16,Brazil,Android,25-34,Male,Ads,1
U01665,2025-04-22,India,iOS,18-24,Male,Organic,0
U01666,2025-03-11,India,iOS,18-24,Female,Ads,0
U01667,2025-04-22,UK,iOS,18-24,Male,Referral,0
U01668,2025-02-27,Australia,iOS,18-24,Other,Referral,0
U01669,2025-05-16,UK,Android,25-34,Female,Organic,1
U01670,2025-02-27,USA,Android,35-44,Male,Organic,0
U01671,2025-01-05,Japan,Android,18-24,Female,Ads,0
U01672,2025-06-11,Brazil,iOS,35-44,Female,Organic,0
U01673,2025-05-08,UK,Android,25-34,Male,Organic,0
U01674,2025-03-18,Japan,Android,18-24,Male,Organic,0
U01675,2025-02-23,Canada,Android,35-44,Female,Ads,0
U01676,2025-01-02,Japan,Android,35-44,Female,Organic,1
U01677,2025-04-20,USA,Android,18-24,Female,Organic,0
U01678,2025-06-17,UK,Android,18-24,Male,Organic,0
U01679,2025-05-14,India,iOS,25-34,Female,Organic,0
U01680,2025-06-01,Brazil,iOS,18-24,Female,Organic,0
U01681,2025-05-25,UK,Android,18-24,Female,Ads,0
U01682,2025-01-10,USA,Android,18-24,Female,Organic,0
U01683,2025-06-26,USA,Android,35-44,Male,Referral,0
U01684,2025-04-28,UK,Android,18-24,Female,Organic,0
U01685,2025-05-25,India,iOS,18-24,Male,Ads,0
U01686,2025-04-07,Brazil,Android,18-24,Male,Organic,0
U01687,2025-06-11,USA,Android,25-34,Male,Organic,0
U01688,2025-06-25,Brazil,iOS,45-54,Female,Organic,0
U01689,2025-06-25,India,iOS,25-34,Male,Ads,0
U01690,2025-02-25,USA,Android,25-34,Female,Ads,0
U01691,2025-05-31,Brazil,Android,25-34,Female,Organic,0
U01692,2025-06-05,India,iOS,45-54,Male,Organic,0
U01693,2025-02-14,Japan,Android,18-24,Female,Organic,0
U01694,2025-04-28,UK,Android,35-44,Female,Ads,0
U01695,2025-06-05,USA,Android,18-24,Male,Organic,0
U01696,2025-03-10,India,Android,55+,Male,Ads,0
U01697,2025-02-12,USA,iOS,18-24,Female,Organic,1
U01698,2025-05-04,USA,iOS,18-24,Female,Organic,0
U01699,2025-02-06,USA,iOS,18-24,Male,Organic,0
U01700,2025-05-01,Brazil,Android,18-24,Female,Organic,0
U01701,2025-02-18,USA,Android,35-44,Female,Organic,0
U01702,2025-05-12,UK,Android,18-24,Male,Organic,0
U01703,2025-05-27,India,Android,35-44,Male,Ads,0
U01704,2025-05-20,USA,Android,35-44,Male,Organic,0
U01705,2025-05-30,India,Web,25-34,Male,Organic,0
U01706,2025-05-09,Brazil,Android,25-34,Female,Organic,0
U01707,2025-05-13,Canada,Android,18-24,Male,Ads,1
U01708,2025-06-12,Australia,Android,55+,Male,Organic,0
U01709,2025-01-27,USA,Android,25-34,Female,Organic,0
U01710,2025-05-02,Germany,Android,18-24,Male,Organic,0
U01711,2025-01-19,USA,iOS,18-24,Male,Organic,0
U01712,2025-06-25,India,Android,35-44,Male,Organic,0
U01713,2025-05-02,Brazil,Android,25-34,Female,Referral,0
U01714,2025-05-06,UK,Android,25-34,Female,Ads,1
U01715,2025-01-08,Canada,iOS,25-34,Female,Organic,0
U01716,2025-03-01,USA,Android,18-24,Male,Referral,0
U01717,2025-06-03,UK,iOS,45-54,Female,Organic,1
U01718,2025-03-27,USA,Android,45-54,Female,Organic,1
U01719,2025-01-07,India,iOS,55+,Male,Referral,0
U01720,2025-04-23,Brazil,Android,25-34,Female,Ads,1
U01721,2025-03-12,Brazil,iOS,25-34,Female,Referral,1
U01722,2025-05-23,Australia,Android,25-34,Male,Organic,0
U01723,2025-01-26,USA,Android,18-24,Male,Ads,0
U01724,2025-01-18,Brazil,Android,45-54,Female,Organic,0
U01725,2025-06-26,India,Android,25-34,Female,Referral,1
U01726,2025-02-27,USA,Android,25-34,Female,Organic,0
U01727,2025-03-05,India,Android,18-24,Male,Organic,0
U01728,2025-05-26,Australia,Web,18-24,Female,Organic,0
U01729,2025-03-22,USA,Android,18-24,Male,Organic,0
U01730,2025-02-04,USA,iOS,55+,Female,Referral,0
U01731,2025-02-08,USA,Android,45-54,Female,Organic,0
U01732,2025-01-26,Japan,Android,35-44,Male,Ads,1
U01733,2025-06-02,USA,iOS,25-34,Female,Organic,0
U01734,2025-04-15,USA,Android,35-44,Female,Organic,0
U01735,2025-06-20,USA,iOS,55+,Female,Organic,0
U01736,2025-03-13,USA,iOS,35-44,Male,Organic,0
U01737,2025-04-14,UK,Android,35-44,Female,Organic,0
U01738,2025-04-08,India,iOS,35-44,Male,Ads,0
U01739,2025-06-27,Brazil,Android,25-34,Male,Organic,0
U01740,2025-02-22,Brazil,iOS,18-24,Male,Ads,0
U01741,2025-06-11,USA,Android,45-54,Female,Referral,0
U01742,2025-02-01,USA,Android,25-34,Male,Organic,0
U01743,2025-02-19,USA,Android,25-34,Female,Organic,0
U01744,2025-06-27,USA,Android,18-24,Male,Organic,0
U01745,2025-06-10,India,Android,25-34,Male,Organic,0
U01746,2025-04-04,Australia,Android,55+,Male,Ads,1
U01747,2025-06-06,India,Android,18-24,Female,Ads,0
U01748,2025-02-27,India,iOS,25-34,Male,Organic,0
U01749,2025-05-25,Canada,iOS,35-44,Male,Ads,0
U01750,2025-06-19,India,Android,25-34,Male,Referral,0
U01751,2025-03-07,Australia,Android,35-44,Male,Organic,0
U01752,2025-06-06,USA,Android,25-34,Female,Ads,0
U01753,2025-01-23,UK,Android,35-44,Female,Organic,0
U01754,2025-04-01,Brazil,iOS,25-34,Female,Organic,0
U01755,2025-01-15,USA,Android,25-34,Female,Organic,0
U01756,2025-01-28,Brazil,Android,18-24,Female,Referral,1
U01757,2025-05-27,USA,iOS,18-24,Male,Organic,0
U01758,2025-02-13,India,Android,35-44,Male,Organic,1
U01759,2025-06-17,Germany,iOS,18-24,Female,Organic,1
U01760,2025-05-12,USA,iOS,35-44,Male,Organic,0
U01761,2025-05-21,UK,Android,35-44,Female,Organic,0
U01762,2025-05-11,India,Android,25-34,Male,Organic,0
U01763,2025-03-19,USA,iOS,25-34,Male,Organic,0
U01764,2025-06-14,Canada,Android,45-54,Female,Organic,1
U01765,2025-06-06,India,Android,25-34,Female,Organic,0
U01766,2025-04-19,Japan,Android,18-24,Male,Organic,0
U01767,2025-03-13,India,iOS,55+,Male,Organic,0
U01768,2025-01-18,India,Android,18-24,Female,Organic,0
U01769,2025-06-03,Canada,Android,35-44,Male,Organic,0
U01770,2025-03-18,USA,Android,25-34,Male,Organic,0
U01771,2025-01-03,Australia,iOS,25-34,Male,Ads,0
U01772,2025-02-21,Australia,Android,45-54,Other,Organic,1
U01773,2025-04-15,UK,Android,35-44,Male,Ads,0
U01774,2025-01-24,India,Web,18-24,Male,Organic,0
U01775,2025-03-30,India,iOS,25-34,Male,Organic,0
U01776,2025-03-13,USA,iOS,35-44,Female,Ads,0
U01777,2025-05-11,UK,Android,25-34,Male,Ads,0
U01778,2025-05-26,Canada,Android,25-34,Female,Referral,0
U01779,2025-05-11,Brazil,Android,25-34,Female,Organic,0
U01780,2025-02-20,USA,Android,55+,Male,Organic,0
U01781,2025-04-24,Canada,Android,18-24,Male,Organic,0
U01782,2025-03-15,Canada,Android,25-34,Female,Organic,0
U01783,2025-06-09,Brazil,Android,18-24,Female,Organic,0
U01784,2025-05-04,Canada,iOS,18-24,Male,Ads,0
U01785,2025-03-14,USA,Android,35-44,Female,Ads,0
U01786,2025-01-22,Germany,Android,18-24,Female,Referral,0
U01787,2025-05-12,India,Android,35-44,Other,Organic,0
U01788,2025-02-15,USA,Android,45-54,Male,Referral,1
U01789,2025-04-02,Canada,Android,35-44,Male,Organic,1
U01790,2025-01-05,Canada,Android,25-34,Male,Organic,0
U01791,2025-05-01,Canada,iOS,45-54,Female,Referral,0
U01792,2025-06-21,Australia,iOS,25-34,Female,Ads,0
U01793,2025-04-20,Canada,Android,18-24,Male,Organic,0
U01794,2025-03-05,UK,iOS,18-24,Female,Referral,0
U01795,2025-06-27,India,Android,35-44,Male,Organic,0
U01796,2025-04-29,USA,Android,18-24,Male,Organic,0
U01797,2025-02-12,UK,Android,18-24,Male,Organic,0
U01798,2025-05-06,USA,iOS,55+,Female,Referral,0
U01799,2025-01-13,Japan,iOS,25-34,Male,Referral,0
U01800,2025-05-04,Germany,Android,18-24,Female,Organic,0
U01801,2025-06-09,Brazil,Android,25-34,Female,Organic,0
U01802,2025-04-01,USA,Android,25-34,Other,Organic,0
U01803,2025-06-26,USA,iOS,45-54,Male,Ads,0
U01804,2025-05-17,Canada,iOS,25-34,Female,Organic,0
U01805,2025-02-28,UK,Android,35-44,Female,Ads,1
U01806,2025-05-07,India,Android,18-24,Female,Organic,0
U01807,2025-03-21,Germany,Android,18-24,Male,Organic,0
U01808,2025-01-23,UK,Android,25-34,Male,Organic,0
U01809,2025-01-28,USA,Android,55+,Female,Ads,0
U01810,2025-01-09,India,Android,35-44,Male,Ads,0
U01811,2025-01-08,Brazil,Android,35-44,Male,Organic,0
U01812,2025-03-01,USA,Android,18-24,Male,Organic,0
U01813,2025-04-06,USA,Android,35-44,Male,Organic,0
U01814,2025-01-23,India,iOS,25-34,Female,Ads,1
U01815,2025-01-19,Germany,Android,25-34,Male,Ads,0
U01816,2025-02-15,Germany,iOS,18-24,Female,Organic,0
U01817,2025-06-22,Germany,Android,35-44,Male,Organic,1
U01818,2025-04-15,USA,iOS,18-24,Male,Organic,0
U01819,2025-01-27,India,Android,18-24,Female,Ads,0
U01820,2025-03-17,USA,Android,18-24,Female,Organic,0
U01821,2025-03-30,India,Android,18-24,Male,Ads,0
U01822,2025-03-14,Canada,Android,25-34,Female,Organic,0
U01823,2025-05-11,India,iOS,18-24,Female,Referral,0
U01824,2025-05-25,Brazil,Android,25-34,Female,Referral,0
U01825,2025-05-16,USA,Android,45-54,Female,Referral,0
U01826,2025-04-15,USA,Web,35-44,Male,Organic,0
U01827,2025-03-23,Japan,Android,35-44,Female,Organic,0
U01828,2025-04-25,USA,Android,45-54,Male,Organic,0
U01829,2025-05-25,USA,Android,18-24,Female,Ads,0
U01830,2025-05-22,India,Android,25-34,Female,Ads,0
U01831,2025-01-31,UK,iOS,35-44,Female,Organic,1
U01832,2025-06-21,Australia,Android,35-44,Female,Ads,0
U01833,2025-03-22,India,Android,18-24,Male,Ads,0
U01834,2025-05-08,USA,iOS,35-44,Male,Organic,0
U01835,2025-01-20,UK,iOS,45-54,Female,Organic,0
U01836,2025-06-11,USA,Android,18-24,Female,Organic,0
U01837,2025-04-06,India,iOS,18-24,Female,Organic,0
U01838,2025-04-30,UK,iOS,25-34,Male,Ads,1
U01839,2025-03-21,Brazil,iOS,18-24,Male,Organic,0
U01840,2025-02-24,India,Android,55+,Male,Ads,0
U01841,2025-01-07,USA,iOS,25-34,Female,Organic,0
U01842,2025-05-15,India,Android,25-34,Male,Ads,0
U01843,2025-03-13,Canada,Android,35-44,Male,Organic,0
U01844,2025-02-12,Canada,Android,35-44,Female,Organic,1
U01845,2025-03-28,USA,Android,25-34,Male,Referral,0
U01846,2025-03-28,USA,Android,18-24,Female,Organic,0
U01847,2025-02-15,India,Android,18-24,Female,Organic,0
U01848,2025-06-16,USA,iOS,18-24,Male,Organic,0
U01849,2025-03-12,UK,Android,18-24,Female,Ads,0
U01850,2025-01-20,Germany,iOS,35-44,Female,Organic,1
U01851,2025-05-14,India,Android,55+,Female,Referral,0
U01852,2025-03-13,Japan,Android,45-54,Female,Organic,1
U01853,2025-04-16,Japan,Android,35-44,Female,Ads,0
U01854,2025-06-25,USA,Android,18-24,Male,Organic,0
U01855,2025-05-06,USA,iOS,25-34,Male,Ads,0
U01856,2025-03-11,Australia,iOS,18-24,Female,Ads,0
U01857,2025-01-12,UK,Android,25-34,Male,Organic,1
U01858,2025-03-19,USA,Android,55+,Male,Organic,1
U01859,2025-02-23,India,Android,18-24,Female,Ads,0
U01860,2025-02-06,UK,Android,25-34,Female,Organic,0
U01861,2025-01-24,India,Android,25-34,Female,Organic,0
U01862,2025-06-14,UK,Android,18-24,Female,Referral,0
U01863,2025-06-10,Canada,Android,18-24,Other,Organic,0
U01864,2025-03-30,India,iOS,18-24,Female,Organic,0
U01865,2025-01-18,India,Web,18-24,Female,Organic,0
U01866,2025-05-09,USA,iOS,18-24,Female,Ads,1
U01867,2025-02-11,USA,Web,25-34,Male,Organic,0
U01868,2025-05-05,Australia,Android,25-34,Female,Organic,0
U01869,2025-05-05,India,Android,18-24,Female,Referral,0
U01870,2025-04-26,India,Android,25-34,Female,Organic,0
U01871,2025-01-05,Germany,Android,45-54,Male,Organic,0
U01872,2025-01-10,India,Android,18-24,Female,Organic,0
U01873,2025-06-02,Japan,Android,25-34,Female,Organic,0
U01874,2025-03-06,Japan,Android,35-44,Female,Organic,0
U01875,2025-02-17,Canada,Android,18-24,Male,Ads,0
U01876,2025-01-25,UK,Android,45-54,Female,Organic,0
U01877,2025-06-02,Brazil,Android,45-54,Female,Organic,0
U01878,2025-04-20,Brazil,Android,25-34,Male,Ads,0
U01879,2025-02-09,Germany,Web,25-34,Male,Ads,0
U01880,2025-01-14,Brazil,Android,25-34,Female,Organic,1
U01881,2025-06-11,UK,iOS,55+,Female,Organic,0
U01882,2025-05-29,USA,iOS,18-24,Female,Ads,0
U01883,2025-04-18,USA,Android,35-44,Male,Organic,0
U01884,2025-02-10,Australia,Android,35-44,Female,Ads,0
U01885,2025-04-24,USA,Android,18-24,Female,Ads,1
U01886,2025-02-11,USA,Android,18-24,Female,Ads,0
U01887,2025-06-07,USA,iOS,18-24,Female,Organic,0
U01888,2025-06-18,USA,Android,25-34,Female,Ads,0
U01889,2025-02-15,Canada,iOS,18-24,Male,Organic,0
U01890,2025-03-05,India,Android,45-54,Male,Ads,0
U01891,2025-05-31,India,Android,35-44,Female,Organic,0
U01892,2025-01-29,India,iOS,18-24,Male,Organic,0
U01893,2025-06-03,USA,iOS,35-44,Other,Organic,0
U01894,2025-06-24,USA,Android,18-24,Female,Organic,0
U01895,2025-04-26,Brazil,Android,18-24,Female,Organic,0
U01896,2025-01-01,USA,iOS,18-24,Male,Organic,0
U01897,2025-02-23,Germany,iOS,25-34,Male,Organic,0
U01898,2025-06-16,Brazil,iOS,45-54,Female,Organic,0
U01899,2025-01-29,USA,iOS,25-34,Male,Organic,1
U01900,2025-01-26,Canada,Android,35-44,Female,Referral,1
U01901,2025-04-15,Canada,Android,18-24,Female,Ads,0
U01902,2025-02-18,USA,iOS,25-34,Male,Ads,0
U01903,2025-06-05,USA,Android,45-54,Male,Referral,0
U01904,2025-02-03,USA,Android,25-34,Female,Organic,0
U01905,2025-01-22,Germany,Android,25-34,Male,Organic,1
U01906,2025-05-09,USA,Android,18-24,Male,Organic,0
U01907,2025-06-18,Brazil,Android,45-54,Female,Organic,0
U01908,2025-01-06,UK,Android,18-24,Female,Ads,0
U01909,2025-01-26,USA,Android,25-34,Female,Organic,0
U01910,2025-01-03,USA,Android,25-34,Male,Organic,0
U01911,2025-03-11,Brazil,Android,18-24,Female,Organic,0
U01912,2025-06-03,USA,Android,18-24,Female,Organic,0
U01913,2025-06-03,Canada,Android,35-44,Female,Organic,0
U01914,2025-02-16,India,Android,18-24,Male,Ads,0
U01915,2025-04-25,USA,Android,35-44,Female,Referral,0
U01916,2025-03-04,USA,Web,55+,Female,Ads,0
U01917,2025-01-04,USA,iOS,25-34,Female,Organic,1
U01918,2025-02-03,India,Android,35-44,Male,Organic,0
U01919,2025-02-21,India,iOS,25-34,Female,Organic,0
U01920,2025-01-11,Japan,iOS,18-24,Female,Organic,0
U01921,2025-01-25,USA,Android,18-24,Female,Organic,0
U01922,2025-05-25,USA,Android,25-34,Female,Organic,0
U01923,2025-03-23,India,Android,35-44,Male,Referral,1
U01924,2025-04-13,UK,iOS,45-54,Male,Organic,0
U01925,2025-01-23,India,Android,25-34,Male,Organic,0
U01926,2025-05-25,USA,Android,35-44,Male,Ads,0
U01927,2025-01-13,USA,Android,18-24,Male,Organic,0
U01928,2025-04-03,Canada,iOS,18-24,Female,Organic,1
U01929,2025-03-29,Germany,Android,35-44,Female,Organic,0
U01930,2025-06-01,Brazil,Android,45-54,Male,Organic,0
U01931,2025-03-12,India,iOS,35-44,Male,Ads,1
U01932,2025-04-10,USA,Android,25-34,Male,Organic,0
U01933,2025-04-26,Brazil,Android,18-24,Male,Organic,0
U01934,2025-01-22,Germany,iOS,25-34,Female,Ads,0
U01935,2025-03-29,Canada,Web,35-44,Female,Ads,0
U01936,2025-04-08,USA,iOS,25-34,Other,Ads,0
U01937,2025-02-13,India,Android,25-34,Female,Ads,0
U01938,2025-04-30,USA,iOS,18-24,Female,Ads,0
U01939,2025-01-09,India,Android,25-34,Male,Ads,1
U01940,2025-05-22,USA,Android,18-24,Male,Ads,0
U01941,2025-06-02,India,iOS,35-44,Female,Organic,0
U01942,2025-06-26,Brazil,Android,35-44,Male,Organic,1
U01943,2025-06-18,UK,iOS,35-44,Female,Referral,0
U01944,2025-05-08,India,Android,18-24,Male,Organic,0
U01945,2025-04-12,Brazil,Android,25-34,Male,Referral,0
U01946,2025-02-28,Germany,Android,25-34,Female,Ads,0
U01947,2025-03-30,India,Android,18-24,Male,Ads,1
U01948,2025-05-05,USA,iOS,35-44,Male,Ads,1
U01949,2025-01-07,India,iOS,35-44,Male,Organic,0
U01950,2025-01-12,Germany,Android,18-24,Male,Organic,1
U01951,2025-04-04,Germany,Android,45-54,Male,Referral,0
U01952,2025-06-14,India,iOS,18-24,Other,Organic,0
U01953,2025-03-19,India,Android,55+,Male,Ads,0
U01954,2025-03-24,USA,Android,25-34,Male,Organic,0
U01955,2025-05-14,Australia,Android,35-44,Female,Ads,0
U01956,2025-01-21,India,Android,18-24,Female,Referral,0
U01957,2025-04-06,Germany,Android,45-54,Male,Organic,0
U01958,2025-05-19,India,iOS,45-54,Male,Organic,0
U01959,2025-06-26,India,iOS,18-24,Female,Referral,1
U01960,2025-03-28,India,Android,25-34,Male,Organic,0
U01961,2025-01-15,USA,Web,18-24,Male,Referral,0
U01962,2025-06-24,Canada,Android,25-34,Female,Organic,0
U01963,2025-01-16,Brazil,Android,35-44,Male,Ads,0
U01964,2025-03-04,India,iOS,45-54,Male,Organic,1
U01965,2025-04-29,Brazil,Android,18-24,Male,Organic,0
U01966,2025-01-29,USA,Android,18-24,Female,Organic,0
U01967,2025-01-13,UK,Android,25-34,Female,Ads,1
U01968,2025-01-25,India,iOS,25-34,Female,Organic,0
U01969,2025-02-23,India,Android,18-24,Male,Organic,1
U01970,2025-05-02,Germany,Android,18-24,Female,Organic,0
U01971,2025-05-03,UK,iOS,25-34,Male,Organic,0
U01972,2025-04-24,Canada,Android,18-24,Female,Referral,0
U01973,2025-04-17,Brazil,Android,35-44,Male,Organic,0
U01974,2025-05-19,UK,Android,25-34,Male,Organic,0
U01975,2025-03-05,Japan,Android,18-24,Male,Organic,0
U01976,2025-03-15,USA,iOS,18-24,Male,Referral,1
U01977,2025-04-27,Brazil,Android,25-34,Female,Referral,0
U01978,2025-04-14,Germany,Android,18-24,Female,Organic,0
U01979,2025-02-27,USA,iOS,25-34,Female,Organic,0
U01980,2025-03-30,Brazil,Android,25-34,Male,Organic,0
U01981,2025-04-09,UK,iOS,35-44,Male,Referral,0
U01982,2025-04-28,Brazil,Android,55+,Female,Organic,0
U01983,2025-03-25,Japan,iOS,25-34,Male,Referral,1
U01984,2025-01-20,USA,Android,18-24,Female,Ads,0
U01985,2025-06-04,USA,Android,18-24,Female,Ads,0
U01986,2025-05-17,Japan,Android,35-44,Female,Organic,0
U01987,2025-01-23,Germany,Android,55+,Male,Referral,1
U01988,2025-06-15,Australia,iOS,18-24,Male,Ads,0
U01989,2025-05-08,USA,Android,18-24,Male,Ads,0
U01990,2025-05-07,UK,Android,18-24,Female,Organic,1
U01991,2025-06-20,Japan,iOS,18-24,Male,Referral,0
U01992,2025-05-30,Brazil,Android,25-34,Female,Referral,0
U01993,2025-04-18,Germany,iOS,18-24,Male,Referral,0
U01994,2025-05-20,Canada,Android,45-54,Female,Ads,0
U01995,2025-06-18,India,iOS,45-54,Male,Ads,0
U01996,2025-02-11,USA,Android,25-34,Female,Referral,1
U01997,2025-03-25,USA,iOS,18-24,Female,Organic,0
U01998,2025-03-29,USA,iOS,35-44,Female,Ads,0
U01999,2025-06-22,Canada,iOS,25-34,Female,Organic,0
U02000,2025-02-14,Japan,Android,18-24,Female,Organic,0
U02001,2025-03-22,Brazil,Android,25-34,Female,Organic,0
U02002,2025-03-07,Brazil,Android,25-34,Female,Ads,0
U02003,2025-06-10,Germany,iOS,18-24,Female,Organic,0
U02004,2025-03-30,USA,iOS,35-44,Female,Ads,0
U02005,2025-03-19,Germany,Android,55+,Male,Organic,1
U02006,2025-03-22,India,Web,18-24,Female,Organic,0
U02007,2025-05-22,Canada,Android,25-34,Male,Ads,0
U02008,2025-01-19,Brazil,Android,25-34,Female,Ads,0
U02009,2025-03-02,Germany,Android,35-44,Female,Organic,0
U02010,2025-03-24,USA,Android,18-24,Female,Organic,0
U02011,2025-03-02,Brazil,iOS,55+,Male,Organic,0
U02012,2025-05-10,Brazil,iOS,25-34,Female,Organic,0
U02013,2025-02-19,UK,Android,18-24,Female,Referral,0
U02014,2025-03-14,USA,iOS,25-34,Male,Referral,1
U02015,2025-01-30,Japan,iOS,45-54,Male,Organic,1
U02016,2025-05-14,Japan,Android,18-24,Female,Ads,0
U02017,2025-06-29,India,iOS,55+,Male,Organic,0
U02018,2025-04-03,USA,Android,18-24,Male,Ads,0
U02019,2025-01-14,India,Android,25-34,Male,Ads,0
U02020,2025-01-18,UK,iOS,55+,Female,Ads,0
U02021,2025-06-11,Germany,Android,25-34,Female,Referral,0
U02022,2025-01-17,India,Web,18-24,Female,Referral,0
U02023,2025-01-19,Canada,Android,55+,Female,Organic,0
U02024,2025-03-25,India,iOS,25-34,Female,Ads,0
U02025,2025-01-19,Canada,Web,25-34,Female,Organic,0
U02026,2025-05-25,India,Android,55+,Male,Organic,0
U02027,2025-05-24,USA,Android,45-54,Male,Ads,1
U02028,2025-03-14,Australia,Android,45-54,Female,Ads,0
U02029,2025-06-07,Australia,iOS,55+,Male,Organic,0
U02030,2025-01-26,UK,Android,25-34,Female,Referral,1
U02031,2025-04-19,Canada,iOS,18-24,Male,Ads,0
U02032,2025-01-12,India,Android,55+,Female,Organic,0
U02033,2025-04-24,Australia,Android,25-34,Female,Organic,0
U02034,2025-04-20,UK,Android,18-24,Male,Referral,0
U02035,2025-04-20,Brazil,Android,25-34,Female,Organic,0
U02036,2025-03-06,USA,Android,35-44,Female,Organic,0
U02037,2025-05-11,India,Android,55+,Female,Organic,0
U02038,2025-01-24,Canada,Android,25-34,Other,Organic,0
U02039,2025-03-21,USA,Web,25-34,Male,Organic,1
U02040,2025-03-10,Brazil,Android,45-54,Female,Organic,0
U02041,2025-06-19,USA,Android,18-24,Female,Referral,0
U02042,2025-05-10,Canada,iOS,35-44,Female,Organic,1
U02043,2025-05-26,Germany,Android,18-24,Female,Referral,0
U02044,2025-03-24,Germany,Android,18-24,Male,Organic,0
U02045,2025-06-18,Brazil,Android,25-34,Other,Referral,0
U02046,2025-06-27,Brazil,Android,25-34,Male,Organic,0
U02047,2025-05-21,India,Android,18-24,Female,Organic,0
U02048,2025-01-10,India,iOS,45-54,Female,Referral,0
U02049,2025-02-25,Germany,Android,25-34,Female,Organic,0
U02050,2025-04-27,Canada,Android,25-34,Female,Organic,0
U02051,2025-03-02,India,Android,45-54,Male,Organic,1
U02052,2025-03-10,USA,Android,25-34,Female,Organic,0
U02053,2025-01-21,Germany,iOS,35-44,Female,Organic,0
U02054,2025-04-23,India,Android,45-54,Female,Ads,0
U02055,2025-04-09,Canada,Android,18-24,Male,Referral,1
U02056,2025-02-11,Germany,iOS,35-44,Female,Organic,0
U02057,2025-01-31,UK,iOS,18-24,Female,Referral,0
U02058,2025-05-08,USA,Android,18-24,Female,Organic,0
U02059,2025-04-04,USA,iOS,45-54,Male,Organic,0
U02060,2025-02-13,Germany,Web,55+,Female,Organic,0
U02061,2025-06-14,USA,Android,18-24,Female,Referral,0
U02062,2025-01-22,Canada,iOS,25-34,Male,Referral,0
U02063,2025-03-09,USA,iOS,25-34,Male,Organic,0
U02064,2025-06-14,Germany,Android,25-34,Female,Organic,0
U02065,2025-04-19,India,iOS,18-24,Female,Organic,0
U02066,2025-03-13,India,Android,18-24,Female,Organic,0
U02067,2025-01-23,Brazil,Android,25-34,Male,Organic,1
U02068,2025-05-29,USA,iOS,45-54,Female,Organic,0
U02069,2025-02-24,USA,Web,25-34,Male,Organic,0
U02070,2025-04-22,USA,iOS,35-44,Male,Ads,0
U02071,2025-02-13,USA,Android,18-24,Female,Ads,0
U02072,2025-06-06,USA,Android,25-34,Female,Organic,0
U02073,2025-03-25,Brazil,Android,18-24,Female,Organic,0
U02074,2025-06-14,USA,Android,18-24,Male,Ads,0
U02075,2025-04-19,Brazil,Android,18-24,Female,Organic,1
U02076,2025-05-30,Japan,Android,35-44,Male,Organic,0
U02077,2025-06-08,USA,iOS,25-34,Male,Organic,0
U02078,2025-05-01,India,Android,35-44,Female,Organic,0
U02079,2025-04-30,UK,Android,18-24,Female,Referral,0
U02080,2025-05-12,UK,Android,25-34,Male,Ads,0
U02081,2025-05-05,UK,Android,55+,Male,Referral,0
U02082,2025-04-19,Canada,Android,18-24,Female,Organic,0
U02083,2025-01-06,Japan,iOS,25-34,Male,Ads,1
U02084,2025-04-29,India,iOS,25-34,Male,Organic,0
U02085,2025-05-08,India,iOS,25-34,Male,Ads,0
U02086,2025-06-11,India,Android,18-24,Male,Ads,0
U02087,2025-05-15,USA,Android,18-24,Female,Ads,0
U02088,2025-02-21,Brazil,Android,35-44,Male,Ads,0
U02089,2025-01-06,USA,Android,35-44,Male,Ads,0
U02090,2025-02-05,UK,Android,18-24,Female,Organic,0
U02091,2025-02-23,Canada,Android,25-34,Female,Organic,0
U02092,2025-05-17,USA,iOS,25-34,Male,Organic,0
U02093,2025-05-29,USA,Android,25-34,Female,Organic,0
U02094,2025-03-01,India,iOS,25-34,Female,Referral,0
U02095,2025-06-28,Germany,Android,18-24,Female,Organic,0
U02096,2025-03-07,India,iOS,18-24,Male,Organic,0
U02097,2025-03-10,India,iOS,25-34,Female,Organic,0
U02098,2025-01-02,USA,Android,25-34,Female,Organic,0
U02099,2025-02-05,Canada,iOS,18-24,Female,Organic,0
U02100,2025-06-18,UK,iOS,55+,Female,Organic,0
U02101,2025-01-28,Australia,Android,25-34,Male,Organic,1
U02102,2025-04-20,UK,iOS,45-54,Female,Organic,0
U02103,2025-05-08,Japan,iOS,25-34,Female,Referral,0
U02104,2025-03-19,USA,Android,18-24,Male,Organic,0
U02105,2025-01-14,Germany,iOS,55+,Male,Ads,0
U02106,2025-01-28,USA,iOS,35-44,Male,Referral,0
U02107,2025-05-24,USA,iOS,18-24,Male,Organic,0
U02108,2025-05-03,India,iOS,18-24,Male,Organic,0
U02109,2025-01-06,India,Android,35-44,Female,Organic,1
U02110,2025-01-18,Canada,Android,55+,Female,Ads,1
U02111,2025-05-25,India,iOS,25-34,Male,Ads,0
U02112,2025-04-14,India,iOS,45-54,Female,Organic,0
U02113,2025-02-11,Brazil,iOS,25-34,Male,Organic,0
U02114,2025-03-15,Brazil,Android,35-44,Male,Organic,1
U02115,2025-03-23,Germany,iOS,18-24,Male,Organic,0
U02116,2025-03-30,Germany,iOS,45-54,Male,Organic,0
U02117,2025-03-08,Brazil,iOS,18-24,Female,Referral,0
U02118,2025-01-31,Brazil,iOS,18-24,Male,Ads,0
U02119,2025-03-13,Australia,Android,18-24,Female,Organic,0
U02120,2025-03-02,USA,Android,18-24,Male,Organic,0
U02121,2025-05-21,USA,Web,25-34,Male,Organic,0
U02122,2025-03-04,Brazil,Android,18-24,Male,Organic,0
U02123,2025-05-31,USA,Android,55+,Female,Ads,1
U02124,2025-04-21,USA,Android,55+,Male,Ads,0
U02125,2025-04-26,UK,Android,18-24,Male,Ads,0
U02126,2025-01-17,Canada,iOS,55+,Male,Ads,1
U02127,2025-06-21,USA,Android,35-44,Female,Ads,1
U02128,2025-01-11,Australia,iOS,18-24,Female,Organic,0
U02129,2025-01-31,Brazil,Android,35-44,Female,Organic,0
U02130,2025-01-31,Germany,Android,35-44,Male,Organic,0
U02131,2025-05-27,India,Web,18-24,Female,Organic,0
U02132,2025-04-30,India,Android,45-54,Female,Referral,0
U02133,2025-01-10,Brazil,Android,18-24,Female,Organic,1
U02134,2025-05-11,USA,Android,55+,Female,Organic,1
U02135,2025-01-16,Germany,iOS,18-24,Female,Organic,1
U02136,2025-02-22,India,Android,18-24,Male,Organic,0
U02137,2025-03-28,Japan,Android,18-24,Male,Ads,0
U02138,2025-05-09,Brazil,Android,55+,Male,Referral,1
U02139,2025-03-24,India,Android,18-24,Male,Referral,0
U02140,2025-04-05,India,Android,18-24,Male,Ads,0
U02141,2025-04-28,India,Android,18-24,Male,Ads,0
U02142,2025-03-27,Brazil,Android,55+,Male,Organic,0
U02143,2025-03-22,USA,Android,18-24,Female,Organic,0
U02144,2025-02-23,Japan,iOS,25-34,Female,Organic,0
U02145,2025-02-11,USA,Android,25-34,Female,Organic,0
U02146,2025-05-27,USA,iOS,25-34,Male,Organic,0
U02147,2025-04-10,USA,iOS,25-34,Male,Organic,0
U02148,2025-01-23,Brazil,Web,18-24,Male,Ads,0
U02149,2025-03-09,USA,Android,45-54,Male,Organic,0
U02150,2025-03-25,India,iOS,25-34,Male,Organic,0
U02151,2025-01-22,Japan,iOS,25-34,Female,Ads,0
U02152,2025-02-25,Canada,Android,35-44,Female,Organic,0
U02153,2025-05-12,USA,iOS,25-34,Female,Organic,0
U02154,2025-05-12,USA,Android,35-44,Female,Organic,0
U02155,2025-04-26,Brazil,Android,25-34,Female,Organic,0
U02156,2025-04-05,USA,Android,18-24,Female,Organic,0
U02157,2025-04-13,USA,Web,18-24,Female,Organic,0
U02158,2025-05-10,India,iOS,25-34,Female,Ads,0
U02159,2025-03-01,India,iOS,18-24,Male,Organic,0
U02160,2025-01-09,Brazil,Android,35-44,Male,Organic,1
U02161,2025-02-12,USA,Android,45-54,Male,Ads,0
U02162,2025-03-18,India,Android,35-44,Female,Organic,0
U02163,2025-04-27,UK,Android,18-24,Female,Ads,0
U02164,2025-01-11,USA,iOS,18-24,Male,Ads,0
U02165,2025-01-02,USA,iOS,18-24,Male,Organic,0
U02166,2025-02-09,USA,iOS,25-34,Male,Ads,0
U02167,2025-02-28,USA,iOS,25-34,Female,Ads,0
U02168,2025-02-11,USA,Android,18-24,Female,Organic,0
U02169,2025-05-30,Canada,Android,45-54,Male,Organic,0
U02170,2025-01-27,Brazil,iOS,18-24,Female,Organic,0
U02171,2025-05-29,USA,iOS,18-24,Male,Organic,1
U02172,2025-02-19,USA,Android,25-34,Female,Organic,0
U02173,2025-02-26,USA,Android,35-44,Female,Referral,0
U02174,2025-03-05,Canada,iOS,45-54,Female,Referral,0
U02175,2025-01-24,India,Android,25-34,Female,Referral,0
U02176,2025-01-02,Canada,Android,18-24,Male,Organic,0
U02177,2025-04-07,Australia,iOS,25-34,Male,Ads,0
U02178,2025-05-26,India,Android,35-44,Female,Referral,1
U02179,2025-03-25,USA,Android,18-24,Male,Organic,0
U02180,2025-02-04,USA,Android,35-44,Female,Organic,0
U02181,2025-01-26,UK,Web,35-44,Male,Organic,0
U02182,2025-03-15,USA,Android,18-24,Male,Organic,0
U02183,2025-04-14,Japan,iOS,18-24,Female,Referral,0
U02184,2025-05-17,Brazil,iOS,18-24,Male,Ads,0
U02185,2025-02-14,Brazil,iOS,18-24,Male,Organic,1
U02186,2025-04-08,UK,Android,25-34,Male,Organic,0
U02187,2025-04-19,India,Android,18-24,Female,Ads,0
U02188,2025-06-11,Brazil,iOS,35-44,Male,Organic,0
U02189,2025-05-10,Japan,Android,35-44,Female,Referral,1
U02190,2025-06-06,Canada,iOS,25-34,Female,Ads,0
U02191,2025-03-10,Australia,Android,18-24,Male,Ads,0
U02192,2025-01-14,India,iOS,35-44,Female,Organic,0
U02193,2025-03-19,India,Android,25-34,Other,Ads,1
U02194,2025-06-17,UK,iOS,35-44,Male,Referral,1
U02195,2025-05-25,USA,Android,45-54,Female,Organic,0
U02196,2025-01-09,UK,iOS,18-24,Female,Referral,1
U02197,2025-03-26,India,iOS,35-44,Female,Organic,0
U02198,2025-01-04,Germany,iOS,25-34,Female,Referral,0
U02199,2025-03-31,Canada,Android,25-34,Male,Organic,0
U02200,2025-06-28,Australia,iOS,35-44,Male,Organic,0
U02201,2025-01-16,India,iOS,25-34,Female,Organic,0
U02202,2025-06-17,India,iOS,18-24,Female,Organic,0
U02203,2025-03-02,Brazil,Android,18-24,Female,Organic,1
U02204,2025-04-22,USA,Android,55+,Male,Organic,0
U02205,2025-03-25,Canada,Android,35-44,Male,Organic,1
U02206,2025-04-22,USA,iOS,18-24,Male,Referral,0
U02207,2025-03-20,India,Android,35-44,Male,Organic,0
U02208,2025-05-18,India,Android,25-34,Female,Organic,0
U02209,2025-05-05,USA,Android,18-24,Female,Referral,0
U02210,2025-03-23,Canada,Android,35-44,Female,Organic,0
U02211,2025-02-26,India,Android,18-24,Male,Referral,0
U02212,2025-01-23,Canada,Android,35-44,Female,Referral,0
U02213,2025-03-20,Australia,Android,55+,Male,Organic,0
U02214,2025-01-05,Brazil,Android,25-34,Male,Organic,0
U02215,2025-03-05,Germany,iOS,25-34,Female,Organic,0
U02216,2025-02-03,India,iOS,35-44,Male,Organic,0
U02217,2025-06-05,India,iOS,18-24,Male,Organic,0
U02218,2025-05-01,USA,Android,45-54,Male,Organic,1
U02219,2025-03-31,Germany,iOS,45-54,Female,Organic,0
U02220,2025-06-11,India,iOS,45-54,Male,Organic,0
U02221,2025-05-14,Brazil,Android,18-24,Female,Referral,0
U02222,2025-06-28,India,Android,35-44,Male,Organic,0
U02223,2025-03-12,UK,Android,25-34,Male,Organic,0
U02224,2025-01-18,USA,Android,45-54,Male,Organic,0
U02225,2025-03-26,Brazil,iOS,18-24,Male,Organic,0
U02226,2025-06-13,India,Web,25-34,Male,Organic,0
U02227,2025-01-21,USA,Android,25-34,Male,Organic,1
U02228,2025-02-17,Australia,Android,18-24,Female,Organic,0
U02229,2025-03-26,Canada,Android,45-54,Male,Referral,0
U02230,2025-04-25,Germany,Android,25-34,Male,Organic,0
U02231,2025-03-19,UK,Android,35-44,Male,Organic,0
U02232,2025-04-12,Brazil,Android,25-34,Other,Organic,0
U02233,2025-01-16,Australia,iOS,25-34,Male,Organic,1
U02234,2025-03-18,India,iOS,35-44,Male,Ads,0
U02235,2025-06-19,India,iOS,45-54,Female,Organic,0
U02236,2025-03-02,Germany,iOS,25-34,Female,Organic,0
U02237,2025-05-25,USA,iOS,25-34,Male,Organic,1
U02238,2025-03-07,Brazil,Android,25-34,Male,Organic,0
U02239,2025-02-13,Germany,iOS,18-24,Female,Organic,0
U02240,2025-03-06,Brazil,Android,25-34,Female,Ads,0
U02241,2025-06-01,Brazil,iOS,35-44,Female,Organic,1
U02242,2025-02-02,India,Android,25-34,Female,Organic,0
U02243,2025-01-15,USA,Android,25-34,Male,Referral,0
U02244,2025-04-10,Canada,Android,18-24,Female,Organic,0
U02245,2025-05-03,USA,Android,35-44,Female,Referral,1
U02246,2025-01-23,Australia,Android,35-44,Male,Organic,0
U02247,2025-04-14,Germany,Android,18-24,Female,Referral,0
U02248,2025-04-10,USA,iOS,45-54,Male,Ads,0
U02249,2025-02-07,USA,Android,18-24,Female,Organic,1
U02250,2025-06-25,UK,Android,55+,Female,Referral,1
U02251,2025-05-31,USA,iOS,45-54,Male,Referral,0
U02252,2025-03-09,USA,Android,18-24,Male,Organic,0
U02253,2025-03-10,Canada,Android,25-34,Male,Organic,0
U02254,2025-05-22,Germany,Android,45-54,Male,Organic,0
U02255,2025-06-09,Germany,iOS,35-44,Male,Referral,0
U02256,2025-05-06,USA,Android,25-34,Male,Organic,0
U02257,2025-06-08,UK,Android,18-24,Female,Ads,0
U02258,2025-01-29,Canada,Android,18-24,Female,Ads,0
U02259,2025-02-15,UK,Web,18-24,Female,Referral,0
U02260,2025-01-20,India,Android,45-54,Male,Organic,0
U02261,2025-01-29,USA,Android,18-24,Male,Organic,0
U02262,2025-02-19,Canada,Android,18-24,Male,Organic,0
U02263,2025-02-08,India,iOS,25-34,Female,Organic,0
U02264,2025-02-03,USA,iOS,25-34,Female,Organic,0
U02265,2025-04-27,India,iOS,45-54,Female,Organic,0
U02266,2025-01-30,UK,iOS,25-34,Female,Organic,0
U02267,2025-05-28,India,Android,18-24,Male,Ads,0
U02268,2025-05-28,USA,iOS,18-24,Female,Organic,0
U02269,2025-05-08,India,Android,25-34,Female,Ads,0
U02270,2025-01-15,USA,Android,18-24,Male,Referral,0
U02271,2025-02-04,USA,iOS,25-34,Female,Ads,0
U02272,2025-05-31,Japan,Android,35-44,Male,Referral,1
U02273,2025-05-02,UK,Android,18-24,Female,Organic,0
U02274,2025-04-06,Brazil,Android,45-54,Male,Organic,0
U02275,2025-04-01,USA,Android,18-24,Female,Ads,0
U02276,2025-05-27,Brazil,Android,25-34,Female,Referral,0
U02277,2025-04-20,Germany,Android,35-44,Male,Organic,0
U02278,2025-05-28,USA,Android,25-34,Female,Ads,0
U02279,2025-04-23,Brazil,Android,18-24,Female,Ads,0
U02280,2025-03-29,USA,Android,18-24,Male,Organic,0
U02281,2025-05-13,USA,iOS,45-54,Female,Organic,0
U02282,2025-06-29,USA,Android,18-24,Female,Ads,1
U02283,2025-06-21,India,Android,25-34,Female,Ads,0
U02284,2025-04-20,Canada,Android,25-34,Female,Referral,0
U02285,2025-05-05,UK,iOS,35-44,Female,Organic,0
U02286,2025-05-04,Canada,Android,35-44,Male,Organic,0
U02287,2025-05-02,USA,iOS,25-34,Male,Organic,0
U02288,2025-03-04,USA,Android,25-34,Female,Organic,0
U02289,2025-06-17,Germany,iOS,25-34,Male,Organic,1
U02290,2025-05-02,USA,Android,25-34,Male,Organic,0
U02291,2025-03-03,India,Android,18-24,Female,Referral,0
U02292,2025-01-30,USA,Android,25-34,Male,Ads,0
U02293,2025-03-27,Canada,Android,25-34,Male,Referral,0
U02294,2025-01-14,India,Android,18-24,Female,Organic,0
U02295,2025-04-02,USA,iOS,18-24,Male,Organic,0
U02296,2025-03-27,USA,Android,35-44,Male,Ads,0
U02297,2025-05-03,USA,Android,18-24,Male,Organic,0
U02298,2025-02-28,USA,iOS,35-44,Female,Organic,0
U02299,2025-06-04,Brazil,Android,35-44,Male,Ads,0
U02300,2025-02-23,USA,iOS,18-24,Male,Organic,1
U02301,2025-04-25,India,Web,18-24,Female,Organic,0
U02302,2025-01-11,USA,Android,18-24,Female,Organic,1
U02303,2025-03-10,Brazil,Android,25-34,Male,Organic,0
U02304,2025-04-09,Brazil,Android,18-24,Male,Referral,0
U02305,2025-01-15,Japan,iOS,55+,Male,Organic,0
U02306,2025-03-02,Germany,Android,35-44,Female,Ads,0
U02307,2025-03-31,Canada,iOS,35-44,Female,Organic,0
U02308,2025-03-29,India,Android,45-54,Male,Referral,0
U02309,2025-01-08,USA,Android,35-44,Male,Ads,0
U02310,2025-01-12,Germany,Android,55+,Male,Organic,1
U02311,2025-03-13,Canada,Android,35-44,Male,Organic,1
U02312,2025-06-11,USA,Android,45-54,Male,Organic,0
U02313,2025-02-25,India,iOS,18-24,Male,Organic,0
U02314,2025-01-15,USA,Android,45-54,Female,Referral,0
U02315,2025-05-06,India,iOS,18-24,Female,Organic,0
U02316,2025-06-17,India,Android,18-24,Male,Ads,1
U02317,2025-06-16,Canada,Android,18-24,Female,Ads,0
U02318,2025-01-18,Japan,Android,18-24,Male,Referral,0
U02319,2025-04-30,UK,iOS,25-34,Female,Organic,0
U02320,2025-04-26,India,Android,25-34,Other,Ads,0
U02321,2025-04-09,USA,Android,25-34,Other,Organic,0
U02322,2025-03-16,UK,Android,45-54,Male,Organic,0
U02323,2025-03-31,USA,iOS,35-44,Male,Ads,0
U02324,2025-04-23,USA,iOS,35-44,Female,Ads,0
U02325,2025-04-18,Canada,Android,35-44,Male,Ads,0
U02326,2025-06-03,Japan,Android,18-24,Male,Organic,0
U02327,2025-05-24,USA,Android,18-24,Male,Organic,1
U02328,2025-06-23,USA,iOS,35-44,Female,Ads,0
U02329,2025-01-08,USA,iOS,45-54,Female,Organic,0
U02330,2025-03-29,USA,Android,18-24,Male,Organic,1
U02331,2025-06-26,USA,iOS,18-24,Male,Organic,0
U02332,2025-06-07,India,iOS,18-24,Male,Organic,0
U02333,2025-04-22,India,Android,45-54,Female,Ads,1
U02334,2025-05-07,Germany,Web,25-34,Male,Referral,1
U02335,2025-02-06,Brazil,Android,25-34,Female,Referral,0
U02336,2025-03-04,India,iOS,25-34,Female,Ads,0
U02337,2025-04-28,USA,Android,35-44,Female,Organic,0
U02338,2025-04-03,UK,iOS,25-34,Female,Referral,0
U02339,2025-04-08,UK,iOS,25-34,Female,Ads,0
U02340,2025-01-30,Australia,Android,25-34,Female,Organic,0
U02341,2025-01-13,India,iOS,35-44,Male,Referral,0
U02342,2025-03-29,Brazil,iOS,18-24,Male,Organic,0
U02343,2025-01-21,India,iOS,18-24,Male,Referral,0
U02344,2025-06-07,USA,Android,18-24,Female,Organic,0
U02345,2025-06-24,India,Web,35-44,Male,Ads,0
U02346,2025-06-12,India,Android,55+,Female,Ads,0
U02347,2025-03-08,UK,Android,55+,Male,Ads,0
U02348,2025-05-19,USA,Android,55+,Female,Organic,0
U02349,2025-01-17,USA,iOS,18-24,Female,Referral,1
U02350,2025-04-08,USA,iOS,18-24,Female,Ads,0
U02351,2025-05-06,Brazil,Android,18-24,Male,Referral,0
U02352,2025-02-03,Canada,Android,18-24,Other,Referral,0
U02353,2025-01-08,USA,Android,35-44,Female,Referral,0
U02354,2025-02-18,USA,Android,18-24,Female,Ads,0
U02355,2025-05-18,USA,iOS,18-24,Male,Ads,0
U02356,2025-03-27,India,Android,45-54,Female,Referral,0
U02357,2025-03-27,Japan,iOS,55+,Male,Organic,0
U02358,2025-04-12,UK,Android,55+,Female,Organic,0
U02359,2025-04-12,India,iOS,18-24,Female,Ads,0
U02360,2025-04-29,USA,iOS,35-44,Female,Organic,0
U02361,2025-01-31,USA,iOS,45-54,Female,Ads,0
U02362,2025-03-12,UK,Android,18-24,Male,Organic,0
U02363,2025-03-14,Japan,iOS,25-34,Male,Ads,0
U02364,2025-06-28,Brazil,Android,45-54,Female,Organic,1
U02365,2025-02-24,USA,Android,55+,Female,Organic,0
U02366,2025-03-17,USA,iOS,18-24,Male,Ads,0
U02367,2025-03-21,Brazil,Android,18-24,Female,Organic,0
U02368,2025-05-31,India,Android,18-24,Male,Organic,0
U02369,2025-03-07,USA,Android,18-24,Male,Referral,0
U02370,2025-05-12,Australia,iOS,45-54,Female,Referral,0
U02371,2025-04-27,USA,Android,18-24,Female,Organic,0
U02372,2025-01-11,Germany,Android,18-24,Female,Organic,0
U02373,2025-06-03,Brazil,iOS,25-34,Female,Ads,0
U02374,2025-05-03,Canada,Android,45-54,Female,Organic,0
U02375,2025-05-06,India,iOS,18-24,Male,Organic,0
U02376,2025-03-06,Canada,Android,25-34,Male,Organic,0
U02377,2025-01-13,USA,Android,25-34,Female,Organic,0
U02378,2025-03-06,UK,Android,45-54,Female,Organic,0
U02379,2025-01-19,Australia,Android,55+,Female,Organic,0
U02380,2025-04-19,USA,Android,18-24,Female,Ads,0
U02381,2025-05-12,Canada,Android,18-24,Female,Organic,0
U02382,2025-03-17,India,Android,25-34,Female,Organic,0
U02383,2025-02-25,Brazil,Android,25-34,Female,Organic,0
U02384,2025-02-18,India,Android,18-24,Male,Organic,0
U02385,2025-05-21,USA,iOS,18-24,Male,Referral,0
U02386,2025-06-15,Australia,iOS,18-24,Male,Referral,0
U02387,2025-05-08,UK,iOS,35-44,Male,Organic,0
U02388,2025-06-25,USA,iOS,35-44,Female,Organic,0
U02389,2025-04-28,UK,iOS,25-34,Male,Ads,0
U02390,2025-06-19,India,iOS,45-54,Female,Organic,0
U02391,2025-01-30,India,Android,25-34,Male,Ads,0
U02392,2025-03-06,Australia,Android,18-24,Male,Organic,0
U02393,2025-01-16,USA,iOS,25-34,Female,Organic,0
U02394,2025-04-24,India,Android,18-24,Female,Ads,0
U02395,2025-05-09,USA,Android,25-34,Male,Ads,0
U02396,2025-01-28,India,Web,25-34,Female,Organic,0
U02397,2025-06-28,India,Android,18-24,Female,Organic,0
U02398,2025-03-09,India,Android,55+,Male,Referral,0
U02399,2025-03-02,USA,Web,45-54,Female,Organic,0
U02400,2025-05-08,Brazil,iOS,55+,Male,Referral,0
U02401,2025-05-16,UK,Android,25-34,Male,Organic,1
U02402,2025-05-09,India,iOS,18-24,Female,Organic,0
U02403,2025-03-18,UK,Web,25-34,Male,Organic,0
U02404,2025-01-26,Brazil,Android,45-54,Male,Ads,0
U02405,2025-04-26,India,Android,25-34,Female,Organic,0
U02406,2025-05-18,USA,iOS,18-24,Male,Referral,1
U02407,2025-01-17,UK,Web,25-34,Male,Ads,0
U02408,2025-03-02,USA,Android,45-54,Male,Referral,0
U02409,2025-04-19,Brazil,iOS,18-24,Female,Ads,1
U02410,2025-03-15,USA,Android,35-44,Female,Organic,0
U02411,2025-05-05,USA,Android,35-44,Female,Referral,0
U02412,2025-06-03,Japan,iOS,45-54,Male,Organic,0
U02413,2025-03-05,Canada,Android,35-44,Female,Ads,0
U02414,2025-06-07,USA,iOS,55+,Female,Ads,0
U02415,2025-01-25,Germany,Android,18-24,Male,Ads,0
U02416,2025-05-11,USA,Android,25-34,Female,Organic,0
U02417,2025-05-17,Australia,Android,35-44,Female,Ads,0
U02418,2025-06-10,UK,iOS,18-24,Male,Organic,1
U02419,2025-05-24,USA,iOS,25-34,Male,Organic,1
U02420,2025-05-14,India,Android,35-44,Male,Ads,0
U02421,2025-06-27,Brazil,Android,45-54,Female,Referral,0
U02422,2025-04-13,India,Android,35-44,Female,Ads,0
U02423,2025-01-19,India,Android,45-54,Male,Organic,0
U02424,2025-05-06,Brazil,iOS,45-54,Male,Organic,0
U02425,2025-05-11,India,Android,25-34,Female,Organic,1
U02426,2025-03-24,Australia,Android,45-54,Female,Organic,0
U02427,2025-04-09,Australia,iOS,18-24,Male,Referral,0
U02428,2025-03-12,USA,Android,45-54,Female,Organic,0
U02429,2025-01-04,USA,Android,18-24,Male,Organic,0
U02430,2025-03-12,USA,Android,45-54,Male,Ads,0
U02431,2025-03-01,USA,Android,25-34,Male,Ads,1
U02432,2025-02-05,Australia,Android,35-44,Other,Organic,1
U02433,2025-02-11,USA,Android,35-44,Male,Ads,1
U02434,2025-03-08,India,iOS,35-44,Female,Organic,0
U02435,2025-05-29,Japan,Android,35-44,Female,Organic,0
U02436,2025-04-05,Australia,iOS,35-44,Other,Organic,0
U02437,2025-02-07,Germany,Android,18-24,Male,Organic,0
U02438,2025-02-13,USA,iOS,25-34,Male,Organic,0
U02439,2025-01-27,USA,iOS,18-24,Female,Organic,0
U02440,2025-01-31,USA,Android,18-24,Female,Organic,0
U02441,2025-01-15,USA,Android,18-24,Male,Organic,0
U02442,2025-02-27,India,Android,18-24,Male,Organic,0
U02443,2025-06-13,India,iOS,25-34,Female,Ads,0
U02444,2025-06-03,USA,iOS,25-34,Male,Organic,0
U02445,2025-01-20,Brazil,Android,25-34,Female,Organic,0
U02446,2025-04-09,UK,iOS,45-54,Male,Organic,0
U02447,2025-05-30,USA,Android,25-34,Female,Organic,0
U02448,2025-04-15,Canada,Android,25-34,Male,Referral,0
U02449,2025-06-12,Brazil,Android,45-54,Female,Organic,0
U02450,2025-05-24,Canada,Android,18-24,Male,Organic,0
U02451,2025-06-21,UK,Android,18-24,Female,Ads,0
U02452,2025-04-13,India,Android,18-24,Male,Ads,0
U02453,2025-01-08,Australia,Android,18-24,Male,Ads,1
U02454,2025-05-09,Brazil,iOS,18-24,Other,Organic,0
U02455,2025-03-07,Australia,iOS,45-54,Male,Organic,0
U02456,2025-06-20,UK,Android,35-44,Male,Referral,0
U02457,2025-05-29,USA,Android,25-34,Male,Organic,0
U02458,2025-05-01,Canada,iOS,25-34,Female,Ads,0
U02459,2025-01-26,India,Android,25-34,Male,Referral,0
U02460,2025-04-26,Japan,Android,45-54,Male,Ads,1
U02461,2025-03-15,UK,Android,45-54,Male,Referral,0
U02462,2025-01-30,Australia,Android,35-44,Male,Organic,0
U02463,2025-02-01,India,Android,18-24,Male,Organic,0
U02464,2025-02-05,Canada,iOS,35-44,Female,Ads,0
U02465,2025-06-11,Canada,iOS,18-24,Male,Organic,0
U02466,2025-05-15,USA,iOS,45-54,Female,Referral,0
U02467,2025-05-30,UK,Android,35-44,Male,Organic,0
U02468,2025-05-02,Canada,Android,25-34,Female,Referral,1
U02469,2025-06-07,USA,iOS,55+,Male,Organic,0
U02470,2025-06-25,USA,Android,25-34,Female,Organic,0
U02471,2025-02-02,India,iOS,18-24,Male,Referral,1
U02472,2025-05-21,Australia,Android,18-24,Female,Organic,0
U02473,2025-03-26,Germany,Android,18-24,Male,Organic,1
U02474,2025-01-09,Canada,iOS,18-24,Female,Organic,0
U02475,2025-03-21,India,iOS,25-34,Female,Organic,0
U02476,2025-03-12,Australia,iOS,25-34,Female,Organic,0
U02477,2025-05-12,India,Android,18-24,Female,Ads,0
U02478,2025-05-20,USA,Android,25-34,Female,Ads,0
U02479,2025-02-16,Germany,Android,25-34,Male,Organic,0
U02480,2025-03-28,USA,iOS,18-24,Male,Ads,1
U02481,2025-04-29,USA,Android,55+,Female,Organic,0
U02482,2025-02-25,Brazil,Android,45-54,Male,Organic,0
U02483,2025-05-27,India,iOS,18-24,Male,Organic,0
U02484,2025-05-26,India,iOS,25-34,Male,Organic,0
U02485,2025-06-02,Germany,Android,25-34,Female,Ads,0
U02486,2025-03-29,Germany,Android,55+,Male,Organic,0
U02487,2025-02-15,Germany,Web,35-44,Male,Organic,0
U02488,2025-04-14,Brazil,iOS,25-34,Male,Organic,0
U02489,2025-02-16,UK,Android,18-24,Male,Ads,1
U02490,2025-03-02,Germany,Android,55+,Female,Organic,0
U02491,2025-06-07,Canada,iOS,35-44,Male,Organic,0
U02492,2025-06-02,India,Android,25-34,Female,Organic,0
U02493,2025-04-02,Germany,iOS,35-44,Female,Ads,0
U02494,2025-06-25,Australia,iOS,35-44,Female,Organic,0
U02495,2025-06-12,USA,iOS,25-34,Female,Organic,1
U02496,2025-02-07,Canada,Android,35-44,Female,Organic,0
U02497,2025-03-13,Brazil,Web,45-54,Male,Ads,0
U02498,2025-05-12,USA,iOS,35-44,Male,Organic,0
U02499,2025-04-21,USA,iOS,18-24,Female,Organic,0
U02500,2025-03-27,India,Android,45-54,Female,Organic,0
U02501,2025-03-31,Canada,Web,18-24,Female,Organic,0
U02502,2025-05-30,Brazil,iOS,45-54,Female,Ads,0
U02503,2025-02-24,USA,iOS,18-24,Male,Organic,0
U02504,2025-06-01,UK,Web,45-54,Female,Organic,1
U02505,2025-03-16,Germany,iOS,25-34,Female,Organic,1
U02506,2025-04-08,UK,Android,25-34,Female,Organic,0
U02507,2025-04-13,Brazil,Android,25-34,Female,Organic,0
U02508,2025-03-23,Brazil,iOS,35-44,Male,Organic,0
U02509,2025-02-01,USA,iOS,35-44,Male,Organic,0
U02510,2025-06-08,Germany,iOS,18-24,Female,Referral,0
U02511,2025-02-08,USA,iOS,18-24,Female,Organic,0
U02512,2025-06-05,Brazil,Android,55+,Male,Referral,0
U02513,2025-04-28,USA,Android,18-24,Female,Ads,0
U02514,2025-01-27,USA,iOS,25-34,Male,Ads,1
U02515,2025-06-19,UK,Android,35-44,Male,Organic,0
U02516,2025-02-18,UK,Android,25-34,Male,Organic,1
U02517,2025-01-11,Australia,Android,18-24,Male,Organic,0
U02518,2025-05-05,USA,Android,35-44,Male,Organic,0
U02519,2025-04-04,Brazil,iOS,25-34,Male,Organic,1
U02520,2025-06-19,Brazil,iOS,35-44,Female,Referral,0
U02521,2025-03-14,Canada,iOS,18-24,Female,Organic,0
U02522,2025-04-18,UK,Android,55+,Male,Organic,1
U02523,2025-01-20,USA,iOS,25-34,Female,Organic,0
U02524,2025-05-19,India,Android,45-54,Male,Organic,0
U02525,2025-06-14,Brazil,iOS,18-24,Male,Organic,0
U02526,2025-04-11,India,iOS,55+,Male,Organic,0
U02527,2025-06-15,Japan,Android,18-24,Male,Referral,0
U02528,2025-01-25,India,Android,35-44,Male,Organic,1
U02529,2025-02-25,Brazil,Android,18-24,Female,Organic,0
U02530,2025-01-17,USA,Android,35-44,Female,Organic,0
U02531,2025-05-29,Brazil,iOS,35-44,Female,Organic,0
U02532,2025-02-01,USA,iOS,25-34,Female,Referral,0
U02533,2025-02-22,Germany,Android,18-24,Female,Referral,0
U02534,2025-03-29,Canada,iOS,25-34,Female,Ads,0
U02535,2025-06-25,India,iOS,45-54,Female,Referral,0
U02536,2025-04-10,USA,iOS,18-24,Male,Organic,0
U02537,2025-01-29,Japan,Android,35-44,Female,Ads,0
U02538,2025-06-11,UK,Web,25-34,Female,Organic,0
U02539,2025-03-26,USA,Android,35-44,Male,Ads,0
U02540,2025-01-18,USA,Android,18-24,Female,Organic,0
U02541,2025-06-26,India,Android,55+,Female,Ads,1
U02542,2025-02-13,India,Web,45-54,Female,Organic,0
U02543,2025-06-08,USA,iOS,45-54,Male,Organic,0
U02544,2025-03-29,India,Android,25-34,Male,Organic,0
U02545,2025-06-21,USA,Android,25-34,Male,Organic,1
U02546,2025-03-09,USA,iOS,18-24,Male,Organic,0
U02547,2025-01-06,Australia,iOS,25-34,Female,Organic,0
U02548,2025-03-22,Canada,Android,18-24,Female,Organic,0
U02549,2025-01-11,Canada,iOS,25-34,Male,Organic,0
U02550,2025-03-18,India,iOS,45-54,Female,Organic,0
U02551,2025-04-08,USA,iOS,25-34,Male,Organic,0
U02552,2025-03-14,UK,Android,25-34,Male,Ads,0
U02553,2025-02-15,USA,iOS,55+,Female,Organic,0
U02554,2025-03-16,USA,iOS,45-54,Female,Ads,0
U02555,2025-01-16,Germany,Android,25-34,Female,Ads,0
U02556,2025-03-14,Canada,iOS,18-24,Female,Ads,0
U02557,2025-02-13,India,iOS,45-54,Female,Referral,0
U02558,2025-01-06,India,iOS,18-24,Male,Organic,0
U02559,2025-03-03,USA,iOS,18-24,Female,Referral,0
U02560,2025-01-20,USA,Android,25-34,Male,Organic,0
U02561,2025-06-12,UK,Android,18-24,Female,Ads,0
U02562,2025-05-19,Germany,iOS,45-54,Male,Referral,0
U02563,2025-05-07,Brazil,Android,18-24,Male,Organic,0
U02564,2025-03-07,Brazil,Android,35-44,Female,Referral,0
U02565,2025-06-03,Brazil,Android,55+,Male,Referral,0
U02566,2025-01-29,UK,Android,25-34,Female,Organic,0
U02567,2025-01-27,Brazil,Android,35-44,Male,Organic,0
U02568,2025-01-08,Canada,Web,45-54,Female,Organic,0
U02569,2025-02-25,India,iOS,35-44,Male,Organic,0
U02570,2025-06-28,USA,iOS,25-34,Female,Referral,1
U02571,2025-06-11,India,Android,18-24,Female,Ads,0
U02572,2025-04-02,USA,Android,45-54,Male,Organic,0
U02573,2025-05-16,India,Android,18-24,Male,Ads,0
U02574,2025-06-11,Brazil,iOS,25-34,Female,Organic,0
U02575,2025-01-27,India,iOS,18-24,Female,Organic,0
U02576,2025-05-28,UK,iOS,18-24,Female,Ads,1
U02577,2025-05-18,India,Android,25-34,Female,Organic,0
U02578,2025-04-02,India,Android,35-44,Male,Organic,0
U02579,2025-03-29,USA,iOS,25-34,Female,Organic,0
U02580,2025-04-30,USA,Android,35-44,Female,Organic,1
U02581,2025-01-02,India,iOS,25-34,Female,Organic,0
U02582,2025-06-25,USA,Android,25-34,Male,Organic,0
U02583,2025-01-16,UK,Android,18-24,Female,Referral,0
U02584,2025-01-04,India,iOS,25-34,Male,Organic,0
U02585,2025-02-19,Brazil,Web,35-44,Male,Organic,1
U02586,2025-02-11,Brazil,iOS,18-24,Female,Organic,0
U02587,2025-06-12,UK,Android,55+,Male,Referral,0
U02588,2025-01-30,Germany,iOS,45-54,Male,Organic,0
U02589,2025-04-17,USA,Android,25-34,Female,Organic,1
U02590,2025-05-22,India,iOS,25-34,Male,Organic,0
U02591,2025-04-29,India,Android,45-54,Other,Organic,0
U02592,2025-04-13,UK,Android,45-54,Female,Organic,1
U02593,2025-03-24,India,Android,35-44,Male,Organic,0
U02594,2025-01-22,Japan,Android,35-44,Male,Organic,0
U02595,2025-05-31,Australia,Android,18-24,Male,Organic,0
U02596,2025-02-25,USA,Android,18-24,Male,Organic,1
U02597,2025-02-16,USA,Android,18-24,Female,Organic,1
U02598,2025-02-28,USA,Android,25-34,Male,Organic,0
U02599,2025-01-24,Brazil,Android,18-24,Female,Organic,0
U02600,2025-01-10,India,Android,45-54,Female,Organic,0
U02601,2025-02-16,Canada,iOS,35-44,Male,Referral,0
U02602,2025-03-23,Australia,Android,25-34,Male,Organic,1
U02603,2025-05-05,India,Android,35-44,Male,Ads,0
U02604,2025-06-04,Brazil,iOS,55+,Female,Referral,0
U02605,2025-05-01,USA,Android,25-34,Female,Ads,0
U02606,2025-03-30,Japan,iOS,35-44,Female,Organic,0
U02607,2025-01-13,USA,Android,18-24,Male,Ads,0
U02608,2025-01-22,USA,Android,45-54,Male,Organic,0
U02609,2025-06-12,India,Android,25-34,Female,Referral,0
U02610,2025-06-25,Germany,Android,45-54,Female,Organic,0
U02611,2025-04-08,Germany,iOS,25-34,Female,Organic,0
U02612,2025-04-26,Germany,iOS,25-34,Male,Organic,1
U02613,2025-04-15,USA,Android,45-54,Male,Organic,0
U02614,2025-01-04,USA,Android,45-54,Male,Organic,0
U02615,2025-05-03,Brazil,Android,18-24,Female,Ads,1
U02616,2025-04-11,Germany,Android,35-44,Female,Organic,0
U02617,2025-04-22,Brazil,Android,25-34,Female,Referral,0
U02618,2025-02-16,Canada,Android,25-34,Male,Organic,0
U02619,2025-05-20,Australia,Android,25-34,Male,Ads,0
U02620,2025-01-28,USA,iOS,35-44,Other,Ads,0
U02621,2025-02-26,USA,Android,45-54,Female,Ads,0
U02622,2025-03-25,Canada,Android,18-24,Female,Organic,0
U02623,2025-01-01,Australia,iOS,45-54,Male,Organic,0
U02624,2025-04-30,Germany,iOS,25-34,Male,Organic,0
U02625,2025-03-10,India,iOS,35-44,Male,Ads,0
U02626,2025-02-16,USA,Android,25-34,Male,Organic,1
U02627,2025-04-21,Japan,Android,18-24,Male,Organic,0
U02628,2025-03-22,USA,iOS,35-44,Male,Organic,0
U02629,2025-02-06,USA,iOS,35-44,Male,Organic,0
U02630,2025-05-10,USA,Android,18-24,Female,Organic,0
U02631,2025-05-10,UK,iOS,35-44,Female,Organic,0
U02632,2025-01-17,Australia,Android,25-34,Male,Organic,0
U02633,2025-04-12,UK,Android,45-54,Female,Ads,1
U02634,2025-03-12,Australia,Android,18-24,Male,Ads,0
U02635,2025-01-14,UK,Android,18-24,Male,Ads,0
U02636,2025-04-13,USA,Android,18-24,Female,Organic,0
U02637,2025-04-16,India,Web,35-44,Female,Organic,0
U02638,2025-04-09,UK,iOS,18-24,Female,Organic,1
U02639,2025-06-02,UK,Android,18-24,Male,Referral,1
U02640,2025-04-09,USA,Android,25-34,Male,Organic,0
U02641,2025-04-18,Brazil,Android,18-24,Female,Referral,0
U02642,2025-01-04,USA,Web,45-54,Male,Organic,0
U02643,2025-03-17,USA,Android,18-24,Female,Organic,0
U02644,2025-06-19,Japan,Android,45-54,Male,Organic,1
U02645,2025-04-02,USA,iOS,45-54,Male,Organic,0
U02646,2025-01-09,Germany,iOS,25-34,Male,Ads,0
U02647,2025-05-04,USA,Android,25-34,Female,Organic,0
U02648,2025-03-17,Brazil,iOS,25-34,Female,Organic,1
U02649,2025-03-14,India,iOS,55+,Male,Organic,0
U02650,2025-02-19,USA,Android,18-24,Female,Organic,0
U02651,2025-05-26,USA,Android,35-44,Female,Organic,1
U02652,2025-01-04,USA,iOS,35-44,Female,Organic,0
U02653,2025-03-11,Australia,Android,18-24,Female,Organic,0
U02654,2025-06-03,Germany,iOS,25-34,Male,Organic,0
U02655,2025-01-14,Japan,iOS,25-34,Male,Organic,0
U02656,2025-03-08,USA,Android,18-24,Male,Organic,0
U02657,2025-02-16,India,Android,18-24,Male,Ads,0
U02658,2025-05-23,Australia,Android,25-34,Male,Organic,0
U02659,2025-05-08,India,Android,25-34,Male,Organic,1
U02660,2025-05-02,USA,Android,35-44,Female,Organic,0
U02661,2025-01-21,Germany,iOS,25-34,Male,Organic,0
U02662,2025-05-30,Germany,Android,25-34,Female,Ads,0
U02663,2025-04-23,India,Android,55+,Male,Organic,0
U02664,2025-05-23,India,Android,35-44,Female,Organic,0
U02665,2025-05-27,UK,Android,18-24,Male,Ads,0
U02666,2025-03-06,Canada,iOS,18-24,Female,Ads,0
U02667,2025-01-26,UK,Android,18-24,Male,Referral,1
U02668,2025-01-09,Germany,Android,25-34,Female,Ads,0
U02669,2025-03-10,Germany,iOS,45-54,Male,Ads,0
U02670,2025-04-17,UK,iOS,18-24,Female,Ads,0
U02671,2025-03-07,India,Android,18-24,Male,Organic,1
U02672,2025-06-07,USA,Android,18-24,Male,Organic,0
U02673,2025-05-05,USA,Android,18-24,Female,Referral,0
U02674,2025-02-03,Canada,Android,45-54,Other,Organic,1
U02675,2025-06-11,Australia,iOS,18-24,Male,Referral,0
U02676,2025-06-01,USA,Android,25-34,Female,Organic,0
U02677,2025-05-13,USA,Android,18-24,Female,Organic,0
U02678,2025-04-01,UK,Android,45-54,Female,Referral,0
U02679,2025-05-16,USA,iOS,35-44,Female,Organic,0
U02680,2025-04-03,Germany,Android,18-24,Male,Referral,0
U02681,2025-05-03,Australia,Android,25-34,Female,Referral,0
U02682,2025-02-05,Germany,iOS,55+,Female,Referral,0
U02683,2025-06-07,USA,iOS,25-34,Female,Organic,0
U02684,2025-01-27,Brazil,Android,25-34,Female,Organic,1
U02685,2025-01-13,USA,iOS,18-24,Male,Organic,0
U02686,2025-05-20,USA,iOS,45-54,Male,Organic,0
U02687,2025-05-31,USA,iOS,18-24,Male,Referral,0
U02688,2025-03-30,Canada,iOS,25-34,Male,Referral,0
U02689,2025-01-08,Australia,Android,45-54,Female,Ads,0
U02690,2025-02-26,USA,Android,25-34,Female,Organic,0
U02691,2025-02-09,Germany,Android,25-34,Male,Referral,0
U02692,2025-01-09,USA,Android,45-54,Female,Organic,0
U02693,2025-06-03,India,Android,45-54,Female,Referral,0
U02694,2025-02-08,UK,Android,25-34,Female,Referral,0
U02695,2025-06-22,USA,iOS,25-34,Male,Organic,0
U02696,2025-01-09,USA,Android,18-24,Male,Organic,0
U02697,2025-03-03,USA,Android,55+,Male,Ads,0
U02698,2025-03-02,India,Android,18-24,Female,Organic,0
U02699,2025-04-11,USA,Android,25-34,Female,Ads,0
U02700,2025-03-19,USA,Android,25-34,Other,Ads,0
U02701,2025-06-08,Canada,Android,25-34,Male,Organic,0
U02702,2025-04-16,Germany,Android,35-44,Female,Organic,0
U02703,2025-04-02,Canada,iOS,55+,Female,Ads,1
U02704,2025-02-19,USA,iOS,45-54,Male,Referral,1
U02705,2025-01-08,USA,Android,18-24,Male,Ads,1
U02706,2025-05-27,USA,iOS,18-24,Male,Organic,1
U02707,2025-05-06,USA,Android,18-24,Male,Organic,1
U02708,2025-02-07,Canada,Android,18-24,Female,Organic,0
U02709,2025-02-25,Australia,iOS,18-24,Male,Organic,0
U02710,2025-03-11,UK,Android,55+,Female,Referral,0
U02711,2025-06-17,Canada,Android,18-24,Male,Organic,0
U02712,2025-06-01,Germany,iOS,25-34,Female,Ads,0
U02713,2025-01-10,Canada,iOS,25-34,Female,Organic,0
U02714,2025-06-18,India,iOS,25-34,Female,Organic,0
U02715,2025-05-08,Brazil,Android,18-24,Male,Organic,0
U02716,2025-03-06,USA,iOS,35-44,Female,Organic,0
U02717,2025-02-23,India,Android,35-44,Male,Ads,0
U02718,2025-01-25,USA,Android,35-44,Male,Ads,0
U02719,2025-06-05,Germany,iOS,18-24,Male,Organic,0
U02720,2025-03-13,USA,Android,18-24,Male,Organic,0
U02721,2025-03-26,USA,Android,35-44,Male,Organic,0
U02722,2025-06-22,Canada,Android,18-24,Male,Organic,0
U02723,2025-03-19,Germany,iOS,25-34,Male,Organic,1
U02724,2025-05-25,Germany,Android,18-24,Female,Organic,0
U02725,2025-03-27,India,iOS,18-24,Female,Organic,0
U02726,2025-06-23,India,Android,18-24,Female,Ads,1
U02727,2025-03-17,USA,iOS,25-34,Female,Referral,0
U02728,2025-03-07,Brazil,Android,25-34,Female,Organic,0
U02729,2025-02-06,India,iOS,18-24,Male,Ads,0
U02730,2025-04-07,USA,Android,18-24,Male,Referral,0
U02731,2025-05-15,India,iOS,35-44,Male,Organic,0
U02732,2025-04-07,UK,Android,18-24,Male,Ads,1
U02733,2025-03-13,India,Web,25-34,Female,Organic,0
U02734,2025-06-29,India,Android,35-44,Female,Organic,0
U02735,2025-06-04,Canada,Android,35-44,Other,Organic,0
U02736,2025-04-11,USA,Android,45-54,Male,Ads,1
U02737,2025-02-21,Germany,Android,55+,Male,Organic,0
U02738,2025-06-05,Germany,Android,35-44,Female,Organic,0
U02739,2025-01-17,USA,iOS,25-34,Male,Organic,0
U02740,2025-05-22,India,iOS,18-24,Female,Referral,0
U02741,2025-03-24,India,Android,25-34,Male,Organic,0
U02742,2025-01-16,Australia,Android,45-54,Male,Ads,0
U02743,2025-03-25,USA,iOS,25-34,Male,Organic,0
U02744,2025-04-27,India,Android,18-24,Female,Organic,0
U02745,2025-06-09,USA,iOS,25-34,Female,Ads,0
U02746,2025-02-05,Japan,iOS,25-34,Female,Organic,0
U02747,2025-04-16,Germany,iOS,18-24,Male,Ads,0
U02748,2025-02-27,India,Android,45-54,Female,Organic,0
U02749,2025-03-04,USA,Android,35-44,Female,Organic,0
U02750,2025-01-20,UK,Android,18-24,Male,Organic,0
U02751,2025-01-16,USA,iOS,35-44,Male,Ads,0
U02752,2025-03-05,USA,iOS,18-24,Female,Referral,1
U02753,2025-05-09,Brazil,iOS,35-44,Female,Organic,0
U02754,2025-02-27,India,Android,18-24,Female,Ads,0
U02755,2025-03-01,USA,Android,45-54,Female,Organic,0
U02756,2025-03-28,Germany,Android,25-34,Male,Organic,0
U02757,2025-04-28,USA,iOS,25-34,Male,Ads,0
U02758,2025-05-20,Germany,iOS,18-24,Female,Organic,0
U02759,2025-03-24,Canada,iOS,45-54,Female,Ads,0
U02760,2025-02-02,India,Android,25-34,Male,Referral,0
U02761,2025-05-14,USA,Web,18-24,Female,Organic,0
U02762,2025-03-28,USA,Android,18-24,Male,Organic,1
U02763,2025-03-10,Australia,Android,35-44,Male,Organic,0
U02764,2025-03-28,Brazil,iOS,25-34,Female,Organic,0
U02765,2025-01-09,Canada,Android,55+,Other,Ads,0
U02766,2025-05-22,India,iOS,45-54,Female,Referral,0
U02767,2025-06-18,Canada,Android,25-34,Female,Organic,1
U02768,2025-06-27,Germany,Android,18-24,Female,Organic,0
U02769,2025-03-10,India,Android,18-24,Female,Organic,0
U02770,2025-04-30,UK,Android,35-44,Male,Organic,1
U02771,2025-03-26,USA,Android,25-34,Female,Organic,0
U02772,2025-02-23,USA,Android,45-54,Female,Ads,1
U02773,2025-05-05,Canada,Android,25-34,Male,Ads,0
U02774,2025-06-03,UK,Android,18-24,Female,Organic,0
U02775,2025-01-12,Germany,Android,18-24,Female,Organic,0
U02776,2025-01-15,India,Android,25-34,Female,Referral,0
U02777,2025-05-11,Canada,Android,18-24,Male,Ads,0
U02778,2025-05-04,Japan,iOS,25-34,Male,Organic,0
U02779,2025-03-20,Brazil,Android,18-24,Male,Ads,0
U02780,2025-03-12,USA,Android,35-44,Female,Organic,0
U02781,2025-04-10,Brazil,Android,35-44,Male,Organic,1
U02782,2025-06-05,Germany,iOS,25-34,Female,Organic,1
U02783,2025-05-26,Canada,Android,25-34,Male,Ads,0
U02784,2025-05-12,Canada,Android,25-34,Female,Ads,1
U02785,2025-02-01,Canada,iOS,25-34,Female,Organic,1
U02786,2025-01-07,Germany,Android,25-34,Female,Organic,0
U02787,2025-01-28,USA,Android,18-24,Female,Organic,0
U02788,2025-06-14,Australia,Android,45-54,Female,Organic,0
U02789,2025-04-28,USA,Android,55+,Female,Organic,0
U02790,2025-05-12,Brazil,Android,18-24,Male,Organic,0
U02791,2025-06-01,India,Web,25-34,Male,Ads,0
U02792,2025-03-27,USA,Android,25-34,Female,Organic,0
U02793,2025-01-07,Germany,Android,18-24,Female,Organic,0
U02794,2025-01-25,India,Android,18-24,Female,Organic,0
U02795,2025-01-14,India,iOS,45-54,Female,Organic,0
U02796,2025-02-15,USA,Android,35-44,Male,Organic,0
U02797,2025-06-01,Germany,Android,35-44,Male,Ads,1
U02798,2025-05-06,Germany,Android,45-54,Female,Organic,0
U02799,2025-03-13,USA,Android,45-54,Female,Organic,0
U02800,2025-03-12,India,Android,18-24,Female,Organic,0
U02801,2025-03-16,USA,Android,18-24,Female,Ads,1
U02802,2025-04-21,USA,Android,45-54,Female,Organic,0
U02803,2025-01-07,Australia,Android,18-24,Male,Organic,0
U02804,2025-04-28,Brazil,iOS,25-34,Male,Organic,0
U02805,2025-01-30,Canada,iOS,45-54,Male,Organic,0
U02806,2025-05-12,UK,iOS,45-54,Male,Ads,1
U02807,2025-03-29,USA,Android,45-54,Female,Organic,0
U02808,2025-03-14,Germany,Android,25-34,Male,Organic,1
U02809,2025-03-14,India,Android,18-24,Female,Organic,0
U02810,2025-03-28,Japan,Android,25-34,Female,Organic,0
U02811,2025-05-29,USA,iOS,18-24,Female,Organic,0
U02812,2025-01-15,Canada,iOS,25-34,Male,Organic,0
U02813,2025-04-22,Australia,Android,35-44,Female,Ads,0
U02814,2025-01-27,USA,Android,35-44,Female,Organic,0
U02815,2025-04-13,Australia,Android,18-24,Male,Organic,0
U02816,2025-03-13,UK,Android,18-24,Male,Organic,0
U02817,2025-03-19,Germany,iOS,25-34,Female,Referral,0
U02818,2025-03-03,Brazil,Android,25-34,Male,Organic,0
U02819,2025-05-07,USA,Android,18-24,Female,Referral,0
U02820,2025-02-24,Brazil,iOS,25-34,Female,Referral,0
U02821,2025-02-18,USA,iOS,35-44,Female,Ads,0
U02822,2025-01-23,USA,Android,18-24,Male,Organic,0
U02823,2025-01-06,USA,Android,25-34,Male,Organic,0
U02824,2025-05-23,USA,Android,35-44,Female,Organic,0
U02825,2025-02-06,Australia,Android,25-34,Female,Ads,0
U02826,2025-04-07,UK,iOS,18-24,Male,Organic,0
U02827,2025-04-11,Brazil,Android,55+,Male,Organic,0
U02828,2025-03-17,Brazil,iOS,18-24,Female,Organic,1
U02829,2025-06-27,Australia,Android,18-24,Female,Referral,0
U02830,2025-04-20,USA,Android,18-24,Male,Organic,0
U02831,2025-01-23,India,iOS,25-34,Female,Organic,0
U02832,2025-02-20,India,iOS,45-54,Male,Organic,0
U02833,2025-05-31,Australia,Android,45-54,Female,Ads,0
U02834,2025-02-20,USA,iOS,25-34,Male,Organic,0
U02835,2025-05-17,India,iOS,35-44,Female,Organic,0
U02836,2025-03-28,Brazil,iOS,25-34,Male,Organic,0
U02837,2025-02-11,Australia,Android,18-24,Male,Referral,0
U02838,2025-04-29,Japan,iOS,18-24,Female,Organic,1
U02839,2025-02-25,India,iOS,45-54,Male,Organic,0
U02840,2025-05-15,Australia,Android,25-34,Female,Referral,0
U02841,2025-06-27,Japan,Android,25-34,Female,Referral,0
U02842,2025-04-06,Australia,Android,25-34,Female,Organic,0
U02843,2025-02-08,USA,Android,55+,Female,Organic,0
U02844,2025-01-24,India,Android,45-54,Female,Organic,0
U02845,2025-01-27,Australia,Android,18-24,Female,Organic,0
U02846,2025-06-15,USA,iOS,35-44,Female,Ads,0
U02847,2025-01-15,USA,Android,55+,Male,Organic,1
U02848,2025-03-29,India,Android,45-54,Male,Organic,0
U02849,2025-02-03,UK,iOS,18-24,Male,Organic,0
U02850,2025-06-24,Brazil,Android,18-24,Female,Organic,1
U02851,2025-05-19,USA,iOS,35-44,Male,Ads,0
U02852,2025-03-28,Brazil,Android,35-44,Male,Organic,0
U02853,2025-01-18,India,iOS,25-34,Male,Ads,0
U02854,2025-06-07,Brazil,Android,18-24,Male,Referral,1
U02855,2025-05-13,India,Android,18-24,Female,Organic,0
U02856,2025-06-14,Japan,iOS,25-34,Female,Referral,0
U02857,2025-03-04,Japan,Android,45-54,Female,Organic,0
U02858,2025-05-10,Canada,Android,18-24,Male,Referral,0
U02859,2025-03-09,UK,iOS,35-44,Female,Organic,0
U02860,2025-05-18,Canada,Android,25-34,Male,Organic,0
U02861,2025-01-13,USA,Android,18-24,Male,Organic,0
U02862,2025-04-17,Canada,Android,25-34,Female,Organic,0
U02863,2025-04-16,Australia,Android,25-34,Female,Ads,0
U02864,2025-02-26,Brazil,iOS,35-44,Female,Organic,0
U02865,2025-06-23,Canada,Android,25-34,Female,Organic,0
U02866,2025-02-28,India,iOS,35-44,Male,Ads,1
U02867,2025-06-15,Canada,Android,18-24,Other,Organic,0
U02868,2025-01-31,Canada,iOS,25-34,Male,Organic,0
U02869,2025-05-19,Brazil,Android,25-34,Female,Ads,0
U02870,2025-05-18,Japan,Android,18-24,Male,Organic,0
U02871,2025-05-16,Australia,Android,18-24,Female,Ads,0
U02872,2025-05-04,UK,iOS,18-24,Female,Organic,0
U02873,2025-02-03,USA,Android,18-24,Male,Organic,0
U02874,2025-06-04,Canada,Android,25-34,Female,Organic,0
U02875,2025-03-12,USA,Android,18-24,Female,Organic,1
U02876,2025-04-09,USA,Android,45-54,Female,Organic,1
U02877,2025-02-13,Australia,Android,45-54,Male,Referral,0
U02878,2025-01-24,Australia,Android,35-44,Male,Organic,0
U02879,2025-02-09,USA,Android,18-24,Female,Ads,0
U02880,2025-06-03,Germany,Android,35-44,Male,Organic,0
U02881,2025-01-27,USA,Android,18-24,Male,Organic,0
U02882,2025-02-15,Canada,Android,45-54,Female,Ads,0
U02883,2025-06-03,India,iOS,45-54,Male,Ads,0
U02884,2025-04-06,USA,iOS,18-24,Female,Ads,0
U02885,2025-01-06,USA,Android,18-24,Female,Ads,0
U02886,2025-03-12,USA,Android,25-34,Male,Organic,0
U02887,2025-04-18,Germany,iOS,45-54,Male,Ads,0
U02888,2025-04-22,India,iOS,45-54,Male,Organic,0
U02889,2025-03-13,India,Android,18-24,Female,Organic,0
U02890,2025-04-01,India,Android,55+,Female,Ads,0
U02891,2025-06-06,USA,Android,18-24,Female,Organic,0
U02892,2025-04-18,USA,Android,18-24,Female,Organic,0
U02893,2025-01-26,USA,Android,25-34,Male,Ads,0
U02894,2025-04-29,UK,iOS,18-24,Male,Ads,0
U02895,2025-06-21,UK,Web,25-34,Female,Referral,0
U02896,2025-01-17,UK,iOS,45-54,Male,Organic,0
U02897,2025-01-13,Germany,Android,25-34,Female,Organic,0
U02898,2025-03-02,India,Android,18-24,Female,Referral,0
U02899,2025-03-19,Japan,Android,25-34,Male,Organic,0
U02900,2025-05-20,USA,Android,35-44,Female,Organic,1
U02901,2025-05-20,Germany,iOS,25-34,Male,Organic,0
U02902,2025-04-03,India,Android,35-44,Female,Organic,0
U02903,2025-04-13,India,Android,25-34,Female,Ads,0
U02904,2025-03-21,Germany,iOS,25-34,Female,Organic,0
U02905,2025-05-30,India,Android,45-54,Male,Referral,0
U02906,2025-03-21,Canada,Web,18-24,Male,Organic,1
U02907,2025-06-09,India,Android,25-34,Female,Organic,0
U02908,2025-04-22,Brazil,iOS,18-24,Male,Organic,0
U02909,2025-01-15,Canada,Android,45-54,Female,Organic,0
U02910,2025-01-25,USA,iOS,18-24,Male,Referral,1
U02911,2025-03-03,India,iOS,55+,Male,Organic,0
U02912,2025-05-05,USA,Web,55+,Female,Organic,0
U02913,2025-01-15,Brazil,iOS,35-44,Male,Organic,0
U02914,2025-03-29,Australia,Android,25-34,Male,Ads,0
U02915,2025-04-01,Japan,iOS,18-24,Female,Ads,1
U02916,2025-05-13,Brazil,iOS,45-54,Male,Organic,0
U02917,2025-04-11,Canada,Android,45-54,Male,Organic,0
U02918,2025-03-08,Japan,Android,45-54,Male,Referral,0
U02919,2025-01-25,USA,iOS,35-44,Female,Organic,0
U02920,2025-06-20,UK,Android,25-34,Female,Organic,0
U02921,2025-06-10,Germany,iOS,35-44,Male,Organic,0
U02922,2025-06-01,Canada,Android,18-24,Male,Organic,1
U02923,2025-04-18,Brazil,iOS,18-24,Female,Ads,0
U02924,2025-05-05,Germany,iOS,18-24,Female,Organic,0
U02925,2025-04-25,UK,Android,18-24,Male,Referral,0
U02926,2025-02-05,USA,Android,18-24,Female,Referral,1
U02927,2025-05-30,USA,Android,55+,Female,Organic,0
U02928,2025-01-26,Australia,Android,25-34,Male,Referral,0
U02929,2025-03-26,USA,Android,25-34,Male,Organic,0
U02930,2025-04-08,USA,iOS,25-34,Male,Ads,0
U02931,2025-06-26,Germany,Android,35-44,Female,Organic,0
U02932,2025-06-18,UK,Android,18-24,Male,Ads,0
U02933,2025-01-11,India,iOS,18-24,Female,Ads,1
U02934,2025-06-11,India,Android,35-44,Female,Ads,0
U02935,2025-01-25,USA,Android,25-34,Female,Referral,0
U02936,2025-04-11,USA,Android,55+,Male,Organic,0
U02937,2025-01-30,Germany,Android,25-34,Male,Referral,0
U02938,2025-03-01,USA,Android,18-24,Male,Ads,0
U02939,2025-02-01,Japan,Android,55+,Female,Ads,0
U02940,2025-02-01,USA,iOS,35-44,Female,Organic,0
U02941,2025-03-04,USA,iOS,35-44,Male,Organic,0
U02942,2025-05-18,USA,Android,55+,Male,Ads,0
U02943,2025-02-13,Japan,iOS,25-34,Female,Ads,0
U02944,2025-03-09,Japan,Android,55+,Female,Organic,0
U02945,2025-04-11,UK,iOS,45-54,Male,Referral,0
U02946,2025-06-23,India,iOS,25-34,Other,Organic,0
U02947,2025-02-25,Brazil,Android,45-54,Female,Organic,0
U02948,2025-06-14,USA,iOS,25-34,Male,Ads,0
U02949,2025-01-16,USA,Android,25-34,Male,Referral,0
U02950,2025-02-18,Germany,iOS,18-24,Male,Ads,0
U02951,2025-02-08,India,Android,18-24,Female,Ads,0
U02952,2025-05-04,Germany,Android,25-34,Male,Ads,0
U02953,2025-04-17,USA,Android,25-34,Female,Referral,0
U02954,2025-02-23,India,Android,35-44,Male,Organic,0
U02955,2025-01-25,India,Android,18-24,Female,Organic,0
U02956,2025-05-02,Canada,Android,18-24,Female,Organic,0
U02957,2025-02-28,India,Android,18-24,Male,Organic,0
U02958,2025-04-30,USA,iOS,35-44,Male,Ads,1
U02959,2025-04-14,India,iOS,25-34,Female,Organic,0
U02960,2025-01-19,India,Android,25-34,Male,Organic,0
U02961,2025-04-08,USA,Android,25-34,Male,Organic,0
U02962,2025-05-05,Germany,Android,35-44,Female,Organic,0
U02963,2025-02-02,UK,Web,25-34,Male,Organic,0
U02964,2025-04-25,Germany,iOS,45-54,Female,Referral,0
U02965,2025-04-23,India,Android,18-24,Female,Organic,0
U02966,2025-01-30,Japan,iOS,35-44,Female,Organic,1
U02967,2025-02-03,USA,Android,18-24,Female,Ads,0
U02968,2025-05-08,India,Web,25-34,Male,Referral,0
U02969,2025-05-02,Australia,Android,25-34,Female,Organic,0
U02970,2025-05-20,UK,Android,25-34,Female,Organic,0
U02971,2025-06-25,Brazil,Android,35-44,Male,Organic,0
U02972,2025-04-28,USA,iOS,18-24,Male,Organic,0
U02973,2025-03-07,India,Android,35-44,Female,Organic,0
U02974,2025-06-13,Japan,Android,18-24,Female,Ads,1
U02975,2025-06-29,UK,Android,18-24,Female,Organic,0
U02976,2025-04-20,USA,Android,18-24,Male,Organic,0
U02977,2025-01-08,USA,Web,45-54,Female,Referral,0
U02978,2025-06-10,Canada,Android,18-24,Male,Referral,0
U02979,2025-06-17,India,Android,18-24,Male,Referral,0
U02980,2025-01-06,Australia,Android,18-24,Male,Referral,0
U02981,2025-01-16,India,iOS,25-34,Female,Organic,0
U02982,2025-01-09,Brazil,Android,25-34,Male,Referral,0
U02983,2025-05-05,USA,Android,35-44,Female,Organic,1
U02984,2025-05-30,USA,Android,25-34,Female,Organic,0
U02985,2025-04-22,Japan,iOS,25-34,Female,Organic,0
U02986,2025-02-21,USA,Android,18-24,Male,Referral,0
U02987,2025-05-07,USA,iOS,18-24,Male,Organic,0
U02988,2025-02-10,Brazil,Android,18-24,Female,Ads,0
U02989,2025-05-29,India,Android,45-54,Male,Organic,1
U02990,2025-04-22,USA,Android,18-24,Female,Organic,0
U02991,2025-03-22,Canada,iOS,18-24,Female,Organic,1
U02992,2025-05-01,USA,iOS,25-34,Female,Referral,0
U02993,2025-05-05,Canada,Android,25-34,Female,Ads,0
U02994,2025-01-06,Canada,Android,35-44,Female,Ads,0
U02995,2025-04-07,USA,Android,18-24,Male,Organic,0
U02996,2025-06-22,USA,Android,25-34,Male,Referral,0
U02997,2025-05-02,USA,iOS,18-24,Female,Organic,0
U02998,2025-04-16,USA,Android,18-24,Male,Ads,1
U02999,2025-02-26,USA,Android,25-34,Female,Ads,0
U03000,2025-05-05,India,iOS,45-54,Male,Ads,0
U03001,2025-02-28,UK,iOS,45-54,Female,Organic,0
U03002,2025-04-04,Japan,Android,35-44,Male,Ads,0
U03003,2025-02-17,Brazil,Android,18-24,Other,Organic,0
U03004,2025-06-06,USA,Android,35-44,Female,Referral,0
U03005,2025-06-06,Germany,iOS,18-24,Male,Organic,0
U03006,2025-05-14,Australia,iOS,35-44,Male,Organic,0
U03007,2025-03-20,UK,Android,18-24,Male,Organic,0
U03008,2025-02-27,USA,iOS,18-24,Male,Organic,0
U03009,2025-03-30,USA,iOS,35-44,Male,Organic,0
U03010,2025-01-15,USA,iOS,18-24,Male,Ads,0
U03011,2025-05-14,India,iOS,18-24,Male,Organic,1
U03012,2025-01-12,Brazil,Android,18-24,Female,Ads,0
U03013,2025-01-31,USA,Android,18-24,Female,Ads,1
U03014,2025-03-27,Canada,Android,45-54,Female,Ads,0
U03015,2025-03-22,Brazil,Android,25-34,Male,Organic,0
U03016,2025-04-05,USA,iOS,18-24,Female,Ads,0
U03017,2025-04-01,USA,iOS,25-34,Female,Organic,0
U03018,2025-02-09,UK,iOS,18-24,Male,Organic,0
U03019,2025-03-08,UK,iOS,45-54,Male,Organic,0
U03020,2025-04-28,Canada,iOS,18-24,Female,Ads,0
U03021,2025-01-28,Brazil,Android,18-24,Female,Ads,0
U03022,2025-03-02,UK,Android,35-44,Male,Organic,0
U03023,2025-06-17,Australia,iOS,25-34,Female,Organic,0
U03024,2025-05-20,USA,Android,18-24,Male,Organic,0
U03025,2025-03-04,Japan,Android,35-44,Other,Organic,0
U03026,2025-05-23,Australia,Android,45-54,Female,Organic,0
U03027,2025-06-17,Brazil,Android,35-44,Female,Referral,0
U03028,2025-03-09,India,Android,25-34,Male,Organic,0
U03029,2025-03-19,Australia,iOS,18-24,Male,Organic,0
U03030,2025-01-26,Brazil,iOS,18-24,Female,Organic,1
U03031,2025-05-28,Brazil,Android,18-24,Male,Ads,0
U03032,2025-03-13,USA,iOS,25-34,Female,Referral,0
U03033,2025-04-10,USA,Android,18-24,Female,Organic,0
U03034,2025-04-20,Brazil,Android,25-34,Female,Organic,0
U03035,2025-01-21,India,Android,18-24,Male,Referral,0
U03036,2025-03-03,India,Android,18-24,Female,Referral,0
U03037,2025-02-16,UK,Android,25-34,Female,Organic,0
U03038,2025-04-01,USA,iOS,25-34,Male,Organic,0
U03039,2025-01-24,Brazil,Android,35-44,Male,Organic,0
U03040,2025-02-21,India,iOS,18-24,Male,Ads,1
U03041,2025-03-29,UK,Android,45-54,Male,Organic,1
U03042,2025-02-18,Brazil,Web,35-44,Male,Organic,0
U03043,2025-01-28,Australia,iOS,25-34,Male,Organic,0
U03044,2025-01-19,USA,Android,35-44,Female,Ads,0
U03045,2025-01-10,USA,Android,18-24,Male,Organic,0
U03046,2025-02-26,Canada,Android,18-24,Male,Ads,0
U03047,2025-03-16,USA,Android,25-34,Female,Ads,0
U03048,2025-06-17,Germany,Android,45-54,Male,Ads,0
U03049,2025-04-30,India,Android,35-44,Female,Ads,0
U03050,2025-03-23,Brazil,Android,25-34,Other,Organic,1
U03051,2025-02-18,Australia,Android,18-24,Female,Organic,0
U03052,2025-06-18,India,Android,45-54,Male,Ads,0
U03053,2025-06-25,Brazil,iOS,25-34,Female,Organic,0
U03054,2025-02-01,Canada,iOS,55+,Female,Organic,0
U03055,2025-06-07,Australia,iOS,18-24,Male,Organic,0
U03056,2025-03-05,USA,iOS,35-44,Male,Organic,1
U03057,2025-04-23,USA,Android,18-24,Male,Ads,0
U03058,2025-05-21,Germany,Android,35-44,Female,Referral,0
U03059,2025-03-02,Brazil,iOS,18-24,Female,Organic,0
U03060,2025-02-06,India,iOS,55+,Male,Ads,1
U03061,2025-05-29,USA,iOS,18-24,Female,Organic,0
U03062,2025-01-31,India,Android,35-44,Male,Organic,1
U03063,2025-04-07,Brazil,iOS,25-34,Male,Organic,0
U03064,2025-04-10,USA,iOS,18-24,Male,Organic,0
U03065,2025-04-01,USA,iOS,45-54,Female,Organic,0
U03066,2025-04-07,Germany,Android,35-44,Female,Organic,0
U03067,2025-06-20,Canada,Android,35-44,Female,Referral,0
U03068,2025-03-01,USA,Android,45-54,Female,Organic,0
U03069,2025-04-07,UK,iOS,18-24,Female,Organic,0
U03070,2025-01-05,Canada,iOS,45-54,Female,Referral,0
U03071,2025-01-18,Australia,Android,25-34,Male,Organic,0
U03072,2025-03-18,USA,Web,18-24,Female,Ads,0
U03073,2025-04-09,USA,iOS,18-24,Female,Organic,0
U03074,2025-03-30,India,Android,35-44,Female,Organic,0
U03075,2025-02-16,Australia,iOS,45-54,Male,Referral,0
U03076,2025-02-11,India,iOS,25-34,Female,Organic,0
U03077,2025-04-24,USA,iOS,25-34,Male,Ads,0
U03078,2025-03-10,Germany,iOS,25-34,Male,Organic,0
U03079,2025-01-10,Canada,Android,55+,Male,Referral,0
U03080,2025-01-10,Canada,Android,35-44,Male,Ads,0
U03081,2025-02-24,Germany,Android,25-34,Male,Referral,0
U03082,2025-04-07,India,Android,45-54,Female,Organic,0
U03083,2025-04-27,USA,iOS,25-34,Female,Organic,0
U03084,2025-06-21,UK,iOS,25-34,Male,Organic,0
U03085,2025-06-13,USA,iOS,18-24,Male,Organic,0
U03086,2025-05-08,India,Android,55+,Male,Organic,0
U03087,2025-05-11,India,Android,25-34,Female,Organic,0
U03088,2025-04-02,USA,Android,25-34,Female,Organic,1
U03089,2025-02-25,Canada,iOS,35-44,Female,Organic,0
U03090,2025-04-15,USA,Android,45-54,Male,Organic,0
U03091,2025-01-02,Germany,Android,25-34,Female,Organic,0
U03092,2025-06-14,India,iOS,18-24,Female,Ads,0
U03093,2025-01-21,India,Android,45-54,Other,Organic,1
U03094,2025-03-25,India,Android,18-24,Female,Organic,0
U03095,2025-01-27,USA,Android,18-24,Female,Ads,1
U03096,2025-06-21,Brazil,Android,18-24,Female,Organic,0
U03097,2025-02-21,UK,Android,18-24,Female,Organic,0
U03098,2025-05-22,Australia,Android,18-24,Other,Organic,1
U03099,2025-03-13,Japan,iOS,45-54,Male,Organic,0
U03100,2025-05-29,Australia,iOS,25-34,Female,Referral,0
U03101,2025-03-20,UK,Android,55+,Male,Organic,0
U03102,2025-03-13,Australia,Android,25-34,Female,Ads,0
U03103,2025-01-09,India,Android,25-34,Male,Ads,1
U03104,2025-03-19,USA,Android,25-34,Female,Organic,1
U03105,2025-01-10,Australia,Android,45-54,Male,Organic,0
U03106,2025-04-21,India,Web,18-24,Female,Organic,0
U03107,2025-04-20,UK,Web,25-34,Female,Ads,0
U03108,2025-02-07,India,Android,18-24,Female,Organic,0
U03109,2025-03-12,UK,Android,25-34,Male,Organic,0
U03110,2025-04-18,Brazil,Android,25-34,Male,Organic,0
U03111,2025-02-26,UK,Android,18-24,Female,Organic,0
U03112,2025-01-15,Canada,iOS,18-24,Female,Ads,0
U03113,2025-03-17,USA,iOS,18-24,Male,Organic,0
U03114,2025-04-08,Japan,Android,35-44,Male,Organic,0
U03115,2025-03-29,Brazil,Android,35-44,Male,Ads,0
U03116,2025-05-29,Brazil,Android,35-44,Male,Referral,0
U03117,2025-04-17,UK,Android,18-24,Female,Organic,0
U03118,2025-02-24,USA,Android,18-24,Female,Organic,0
U03119,2025-06-10,Canada,Android,35-44,Male,Ads,0
U03120,2025-05-02,India,Web,18-24,Male,Organic,1
U03121,2025-05-13,India,Android,45-54,Male,Organic,1
U03122,2025-04-29,India,Android,25-34,Female,Ads,0
U03123,2025-01-24,USA,Android,25-34,Female,Ads,1
U03124,2025-01-25,Germany,Android,25-34,Male,Ads,0
U03125,2025-01-19,USA,Android,45-54,Male,Organic,0
U03126,2025-03-18,Canada,Android,18-24,Male,Organic,0
U03127,2025-03-14,UK,Android,25-34,Female,Referral,0
U03128,2025-06-04,USA,Android,25-34,Male,Referral,1
U03129,2025-03-07,Germany,Android,25-34,Male,Ads,0
U03130,2025-04-19,India,Android,18-24,Male,Organic,0
U03131,2025-03-12,UK,iOS,35-44,Male,Ads,0
U03132,2025-05-27,USA,Android,18-24,Male,Organic,0
U03133,2025-01-29,Brazil,Android,35-44,Male,Organic,0
U03134,2025-02-08,Germany,Android,18-24,Male,Organic,0
U03135,2025-04-27,Canada,Android,45-54,Female,Organic,0
U03136,2025-04-09,India,iOS,25-34,Female,Ads,1
U03137,2025-03-19,Canada,Android,25-34,Female,Organic,0
U03138,2025-04-08,Brazil,iOS,18-24,Female,Organic,0
U03139,2025-01-08,Canada,iOS,18-24,Male,Organic,0
U03140,2025-01-09,Germany,Android,35-44,Female,Ads,0
U03141,2025-01-08,Canada,Android,25-34,Female,Ads,0
U03142,2025-01-27,India,iOS,18-24,Female,Referral,0
U03143,2025-05-19,Germany,Android,18-24,Male,Organic,0
U03144,2025-03-06,UK,iOS,45-54,Female,Ads,0
U03145,2025-06-06,Canada,iOS,45-54,Male,Organic,1
U03146,2025-04-02,India,Android,18-24,Female,Referral,0
U03147,2025-04-11,Germany,iOS,18-24,Female,Referral,0
U03148,2025-03-30,India,Android,18-24,Female,Ads,0
U03149,2025-01-29,Canada,iOS,45-54,Male,Organic,0
U03150,2025-04-28,Japan,Android,25-34,Male,Referral,0
U03151,2025-06-23,Brazil,Android,35-44,Female,Referral,0
U03152,2025-04-11,Canada,iOS,45-54,Male,Organic,0
U03153,2025-01-28,USA,iOS,45-54,Female,Organic,0
U03154,2025-03-05,USA,iOS,18-24,Female,Ads,0
U03155,2025-04-30,India,iOS,35-44,Female,Organic,0
U03156,2025-03-03,USA,iOS,18-24,Male,Organic,1
U03157,2025-02-01,Japan,Android,45-54,Other,Organic,0
U03158,2025-03-18,India,Android,35-44,Male,Organic,0
U03159,2025-04-30,Germany,iOS,45-54,Female,Organic,0
U03160,2025-05-24,Brazil,Android,35-44,Male,Organic,0
U03161,2025-06-13,UK,iOS,25-34,Male,Organic,0
U03162,2025-02-28,USA,iOS,25-34,Female,Organic,0
U03163,2025-04-26,USA,iOS,35-44,Female,Organic,0
U03164,2025-03-07,Japan,iOS,25-34,Male,Referral,0
U03165,2025-04-09,USA,iOS,45-54,Female,Organic,0
U03166,2025-06-10,USA,Android,45-54,Male,Organic,0
U03167,2025-04-09,UK,Android,18-24,Female,Organic,0
U03168,2025-04-14,India,iOS,25-34,Male,Ads,0
U03169,2025-04-06,USA,iOS,18-24,Female,Organic,0
U03170,2025-05-18,USA,iOS,25-34,Male,Organic,0
U03171,2025-04-20,India,iOS,25-34,Male,Organic,0
U03172,2025-02-28,Brazil,Android,18-24,Female,Referral,1
U03173,2025-04-03,UK,Android,18-24,Other,Organic,1
U03174,2025-06-08,India,Android,45-54,Female,Organic,0
U03175,2025-01-04,UK,Android,25-34,Female,Organic,0
U03176,2025-03-13,Brazil,Android,25-34,Male,Organic,0
U03177,2025-03-06,Australia,iOS,45-54,Female,Ads,1
U03178,2025-05-11,USA,Android,35-44,Male,Ads,0
U03179,2025-01-22,USA,Android,55+,Male,Ads,0
U03180,2025-03-22,Australia,Android,45-54,Male,Organic,0
U03181,2025-04-24,Brazil,Android,55+,Female,Referral,0
U03182,2025-03-01,Germany,iOS,45-54,Female,Ads,0
U03183,2025-06-04,USA,Android,18-24,Female,Organic,1
U03184,2025-06-24,India,Android,25-34,Female,Referral,0
U03185,2025-05-21,USA,Android,35-44,Male,Ads,1
U03186,2025-06-19,Australia,iOS,25-34,Male,Referral,0
U03187,2025-05-14,Germany,iOS,55+,Male,Organic,1
U03188,2025-05-03,USA,Android,18-24,Male,Ads,0
U03189,2025-01-06,Brazil,iOS,25-34,Female,Organic,0
U03190,2025-04-26,USA,iOS,18-24,Male,Ads,0
U03191,2025-04-03,Germany,Android,25-34,Male,Organic,0
U03192,2025-02-21,Germany,iOS,18-24,Male,Ads,1
U03193,2025-05-08,UK,Android,35-44,Female,Organic,0
U03194,2025-06-02,Australia,Android,35-44,Other,Referral,0
U03195,2025-05-31,USA,Android,18-24,Female,Organic,1
U03196,2025-04-23,USA,Android,45-54,Female,Organic,0
U03197,2025-04-23,USA,iOS,18-24,Male,Organic,0
U03198,2025-02-14,UK,Android,25-34,Male,Organic,0
U03199,2025-05-21,USA,iOS,18-24,Male,Organic,0
U03200,2025-01-10,USA,iOS,25-34,Male,Organic,0
U03201,2025-04-24,Japan,Android,18-24,Male,Ads,1
U03202,2025-04-04,USA,Android,18-24,Female,Referral,1
U03203,2025-02-03,India,iOS,18-24,Female,Organic,0
U03204,2025-04-12,USA,Android,25-34,Male,Organic,0
U03205,2025-05-03,Brazil,iOS,25-34,Male,Organic,0
U03206,2025-05-21,India,iOS,35-44,Female,Ads,0
U03207,2025-05-01,USA,Android,35-44,Female,Organic,1
U03208,2025-05-31,USA,Android,18-24,Female,Ads,0
U03209,2025-06-13,USA,iOS,45-54,Male,Organic,0
U03210,2025-03-15,USA,Android,18-24,Female,Ads,1
U03211,2025-01-29,Australia,iOS,35-44,Female,Organic,0
U03212,2025-06-09,Germany,Android,18-24,Female,Organic,0
U03213,2025-05-13,UK,Android,18-24,Female,Organic,1
U03214,2025-02-17,India,iOS,35-44,Male,Referral,1
U03215,2025-01-07,Brazil,iOS,25-34,Female,Organic,1
U03216,2025-04-22,USA,Android,18-24,Female,Organic,0
U03217,2025-05-17,USA,iOS,25-34,Male,Ads,0
U03218,2025-01-22,UK,Android,25-34,Male,Organic,0
U03219,2025-02-07,Japan,iOS,18-24,Male,Referral,0
U03220,2025-01-04,Canada,Android,25-34,Male,Ads,0
U03221,2025-03-27,UK,Web,55+,Male,Organic,0
U03222,2025-03-02,Germany,Android,25-34,Male,Organic,0
U03223,2025-03-23,Australia,iOS,35-44,Female,Organic,0
U03224,2025-01-30,Australia,Android,18-24,Male,Organic,0
U03225,2025-03-22,Canada,Android,45-54,Male,Organic,0
U03226,2025-05-15,Japan,Android,18-24,Male,Ads,1
U03227,2025-02-09,USA,Android,35-44,Female,Referral,1
U03228,2025-03-21,USA,iOS,18-24,Male,Organic,1
U03229,2025-04-08,USA,Android,18-24,Male,Ads,0
U03230,2025-05-31,USA,Android,18-24,Female,Organic,0
U03231,2025-04-29,Japan,Android,18-24,Female,Organic,0
U03232,2025-06-28,Brazil,Android,35-44,Female,Ads,1
U03233,2025-04-02,India,iOS,35-44,Female,Organic,0
U03234,2025-06-19,Australia,iOS,25-34,Male,Organic,0
U03235,2025-06-14,India,Web,55+,Female,Referral,0
U03236,2025-05-23,India,Android,18-24,Male,Referral,0
U03237,2025-05-22,Japan,Android,35-44,Male,Organic,1
U03238,2025-01-13,Germany,Web,18-24,Male,Referral,0
U03239,2025-05-18,UK,Android,25-34,Male,Organic,0
U03240,2025-01-27,Japan,Android,55+,Male,Organic,0
U03241,2025-04-11,USA,Android,18-24,Male,Organic,1
U03242,2025-02-10,India,iOS,25-34,Male,Organic,0
U03243,2025-04-19,Brazil,Android,18-24,Male,Organic,1
U03244,2025-03-05,Brazil,iOS,35-44,Female,Organic,1
U03245,2025-05-09,Canada,iOS,35-44,Female,Organic,0
U03246,2025-04-03,Japan,Android,45-54,Male,Organic,0
U03247,2025-04-13,USA,Android,18-24,Male,Organic,0
U03248,2025-03-15,UK,Android,18-24,Female,Organic,0
U03249,2025-03-02,USA,Android,18-24,Male,Ads,0
U03250,2025-02-03,Canada,Android,25-34,Female,Referral,0
U03251,2025-03-31,Germany,Web,18-24,Male,Ads,0
U03252,2025-06-27,USA,Android,25-34,Male,Organic,0
U03253,2025-04-14,USA,Android,25-34,Female,Organic,1
U03254,2025-03-08,Australia,iOS,18-24,Other,Organic,0
U03255,2025-04-17,Brazil,Android,25-34,Male,Ads,0
U03256,2025-03-10,Canada,Android,25-34,Male,Ads,0
U03257,2025-05-12,Germany,iOS,45-54,Female,Organic,0
U03258,2025-05-30,Japan,Android,18-24,Male,Organic,0
U03259,2025-06-18,Brazil,Android,35-44,Male,Ads,0
U03260,2025-05-20,USA,Android,35-44,Female,Organic,0
U03261,2025-05-13,India,Android,18-24,Female,Organic,0
U03262,2025-05-05,India,Android,45-54,Female,Ads,1
U03263,2025-06-06,India,Web,25-34,Other,Organic,0
U03264,2025-05-15,Australia,Android,25-34,Female,Organic,0
U03265,2025-02-21,USA,Web,55+,Female,Organic,0
U03266,2025-04-29,Brazil,Android,45-54,Male,Ads,0
U03267,2025-04-05,Germany,iOS,25-34,Female,Organic,1
U03268,2025-02-07,Japan,Android,25-34,Female,Organic,0
U03269,2025-02-17,USA,Android,45-54,Female,Organic,0
U03270,2025-02-24,India,iOS,25-34,Male,Organic,1
U03271,2025-04-19,Germany,Android,18-24,Female,Organic,0
U03272,2025-02-27,Canada,Android,55+,Female,Organic,0
U03273,2025-02-13,Germany,iOS,18-24,Female,Organic,0
U03274,2025-02-27,Canada,Android,25-34,Male,Ads,0
U03275,2025-05-30,USA,iOS,35-44,Female,Referral,0
U03276,2025-02-26,Australia,Android,18-24,Female,Organic,0
U03277,2025-05-17,India,iOS,18-24,Female,Ads,0
U03278,2025-02-10,USA,Android,45-54,Male,Ads,0
U03279,2025-05-15,Germany,Android,45-54,Male,Organic,0
U03280,2025-05-17,Australia,Android,18-24,Female,Organic,1
U03281,2025-04-05,Australia,iOS,25-34,Other,Organic,1
U03282,2025-03-03,UK,Android,25-34,Female,Ads,0
U03283,2025-04-04,USA,Android,18-24,Female,Organic,0
U03284,2025-03-09,India,Android,18-24,Female,Ads,0
U03285,2025-04-19,India,iOS,25-34,Female,Organic,0
U03286,2025-06-04,India,iOS,35-44,Female,Ads,0
U03287,2025-05-21,Australia,Android,25-34,Male,Ads,0
U03288,2025-02-23,UK,iOS,18-24,Male,Organic,1
U03289,2025-02-25,USA,Android,18-24,Female,Ads,1
U03290,2025-01-24,Brazil,Android,35-44,Female,Organic,1
U03291,2025-04-22,USA,Android,35-44,Female,Organic,0
U03292,2025-05-12,USA,Android,35-44,Male,Ads,0
U03293,2025-04-16,USA,iOS,35-44,Female,Organic,0
U03294,2025-03-15,USA,Android,18-24,Male,Organic,0
U03295,2025-06-23,India,Android,45-54,Female,Organic,0
U03296,2025-03-18,Canada,iOS,35-44,Male,Organic,0
U03297,2025-06-08,Canada,Android,35-44,Female,Organic,0
U03298,2025-03-09,USA,iOS,55+,Male,Ads,0
U03299,2025-05-31,USA,Web,25-34,Female,Organic,0
U03300,2025-06-06,USA,iOS,18-24,Female,Ads,0
U03301,2025-01-29,India,iOS,18-24,Female,Referral,0
U03302,2025-02-26,Australia,iOS,18-24,Male,Ads,0
U03303,2025-01-09,Brazil,iOS,25-34,Male,Referral,0
U03304,2025-02-25,India,Web,55+,Female,Ads,0
U03305,2025-05-19,USA,iOS,35-44,Female,Ads,0
U03306,2025-01-16,Canada,Android,45-54,Female,Organic,1
U03307,2025-03-09,Brazil,iOS,25-34,Female,Ads,0
U03308,2025-06-29,USA,Android,25-34,Male,Organic,0
U03309,2025-03-27,Germany,Android,25-34,Male,Ads,0
U03310,2025-05-08,UK,iOS,45-54,Male,Organic,1
U03311,2025-02-19,India,iOS,45-54,Male,Organic,0
U03312,2025-05-26,Japan,Android,35-44,Female,Organic,0
U03313,2025-04-04,India,Android,18-24,Female,Referral,1
U03314,2025-02-11,Canada,Android,25-34,Female,Ads,1
U03315,2025-02-09,Canada,iOS,25-34,Male,Organic,0
U03316,2025-06-10,Brazil,iOS,35-44,Female,Organic,0
U03317,2025-04-15,India,Android,35-44,Male,Ads,0
U03318,2025-02-22,Germany,Android,25-34,Male,Organic,0
U03319,2025-04-20,USA,Android,35-44,Male,Organic,0
U03320,2025-05-16,Australia,Android,55+,Female,Organic,0
U03321,2025-02-22,USA,Android,18-24,Male,Organic,0
U03322,2025-01-27,India,iOS,45-54,Female,Organic,0
U03323,2025-01-22,USA,Android,25-34,Male,Ads,0
U03324,2025-04-30,Canada,Web,45-54,Male,Organic,0
U03325,2025-05-24,USA,Android,18-24,Male,Ads,0
U03326,2025-04-24,USA,Android,18-24,Female,Organic,0
U03327,2025-02-16,Australia,Web,25-34,Male,Organic,0
U03328,2025-02-17,USA,Android,35-44,Female,Ads,0
U03329,2025-01-10,UK,Android,18-24,Female,Organic,0
U03330,2025-05-11,UK,Android,35-44,Female,Ads,0
U03331,2025-06-25,India,Android,25-34,Female,Ads,0
U03332,2025-04-14,Canada,iOS,55+,Male,Referral,0
U03333,2025-02-13,USA,Android,18-24,Female,Organic,0
U03334,2025-05-04,Australia,Android,45-54,Female,Organic,0
U03335,2025-02-15,India,Android,35-44,Male,Ads,0
U03336,2025-01-11,USA,Android,18-24,Male,Ads,0
U03337,2025-01-20,USA,Android,18-24,Female,Organic,1
U03338,2025-03-22,Australia,iOS,45-54,Female,Organic,0
U03339,2025-03-06,Japan,Android,18-24,Female,Organic,0
U03340,2025-05-20,India,Android,45-54,Male,Organic,1
U03341,2025-04-02,USA,Android,25-34,Female,Organic,0
U03342,2025-01-20,USA,Android,18-24,Male,Referral,0
U03343,2025-05-13,Canada,Android,55+,Male,Ads,0
U03344,2025-05-30,Germany,Android,25-34,Female,Organic,0
U03345,2025-01-27,Australia,iOS,35-44,Male,Referral,0
U03346,2025-01-02,Germany,iOS,35-44,Female,Organic,0
U03347,2025-04-17,USA,iOS,18-24,Female,Organic,0
U03348,2025-01-31,USA,iOS,18-24,Male,Organic,0
U03349,2025-03-21,Brazil,Android,18-24,Female,Ads,0
U03350,2025-05-07,India,Android,45-54,Female,Ads,0
U03351,2025-06-21,India,iOS,18-24,Female,Organic,0
U03352,2025-06-20,Japan,Android,25-34,Male,Referral,1
U03353,2025-04-03,India,Android,18-24,Female,Organic,0
U03354,2025-04-03,USA,Android,25-34,Male,Organic,0
U03355,2025-05-07,Brazil,Android,18-24,Female,Organic,0
U03356,2025-02-08,Australia,Android,18-24,Female,Organic,0
U03357,2025-05-27,India,Android,35-44,Other,Ads,0
U03358,2025-02-25,USA,Android,18-24,Female,Organic,0
U03359,2025-03-04,Germany,Android,18-24,Female,Referral,0
U03360,2025-02-25,Brazil,iOS,18-24,Male,Organic,0
U03361,2025-05-06,USA,Android,45-54,Male,Organic,0
U03362,2025-01-12,USA,Android,25-34,Male,Ads,0
U03363,2025-06-26,Germany,Android,55+,Male,Referral,0
U03364,2025-05-30,India,Android,35-44,Female,Organic,0
U03365,2025-01-18,Canada,Android,25-34,Female,Organic,0
U03366,2025-05-07,Germany,Android,18-24,Female,Organic,0
U03367,2025-04-22,India,Android,25-34,Male,Ads,0
U03368,2025-02-15,UK,Android,45-54,Female,Ads,1
U03369,2025-04-14,Brazil,Android,35-44,Female,Organic,0
U03370,2025-05-24,UK,iOS,55+,Male,Organic,0
U03371,2025-05-21,USA,Android,18-24,Male,Organic,0
U03372,2025-06-15,India,Android,45-54,Female,Organic,0
U03373,2025-01-08,India,Web,18-24,Male,Organic,1
U03374,2025-06-27,USA,Android,18-24,Male,Referral,0
U03375,2025-06-28,USA,Android,35-44,Female,Referral,0
U03376,2025-02-03,USA,iOS,35-44,Female,Organic,0
U03377,2025-03-23,Australia,Android,25-34,Male,Ads,0
U03378,2025-06-21,USA,iOS,18-24,Male,Ads,1
U03379,2025-06-12,UK,iOS,25-34,Male,Organic,0
U03380,2025-02-04,USA,Android,18-24,Male,Ads,0
U03381,2025-06-28,India,iOS,25-34,Male,Organic,0
U03382,2025-01-08,India,iOS,45-54,Male,Organic,0
U03383,2025-06-12,Australia,Android,35-44,Male,Referral,0
U03384,2025-03-19,Canada,iOS,55+,Male,Organic,0
U03385,2025-06-03,India,iOS,35-44,Male,Organic,0
U03386,2025-04-07,USA,Android,25-34,Male,Organic,0
U03387,2025-02-06,USA,Android,35-44,Female,Referral,0
U03388,2025-05-26,Brazil,Android,25-34,Female,Ads,0
U03389,2025-06-19,Germany,Android,55+,Male,Organic,0
U03390,2025-06-29,USA,iOS,18-24,Female,Organic,1
U03391,2025-02-26,Canada,Android,18-24,Male,Ads,0
U03392,2025-06-20,Australia,Android,25-34,Male,Organic,0
U03393,2025-01-08,India,iOS,25-34,Male,Ads,0
U03394,2025-01-02,India,iOS,55+,Male,Organic,0
U03395,2025-02-27,Australia,iOS,25-34,Male,Referral,0
U03396,2025-04-21,USA,Android,18-24,Female,Organic,0
U03397,2025-04-28,UK,iOS,25-34,Female,Organic,1
U03398,2025-01-21,India,Android,45-54,Male,Ads,0
U03399,2025-03-07,India,Android,18-24,Female,Ads,1
U03400,2025-02-25,USA,Android,35-44,Male,Organic,0
U03401,2025-03-30,USA,iOS,18-24,Male,Organic,1
U03402,2025-05-05,Canada,Android,18-24,Male,Referral,0
U03403,2025-04-16,USA,Android,18-24,Male,Organic,0
U03404,2025-04-12,Australia,iOS,18-24,Female,Referral,0
U03405,2025-04-06,USA,Android,45-54,Male,Organic,0
U03406,2025-06-22,USA,Android,18-24,Female,Ads,0
U03407,2025-01-27,UK,Android,45-54,Male,Organic,1
U03408,2025-06-15,Brazil,iOS,18-24,Male,Organic,1
U03409,2025-04-08,USA,Android,18-24,Female,Organic,0
U03410,2025-04-01,USA,Android,25-34,Female,Organic,0
U03411,2025-02-22,India,iOS,18-24,Female,Organic,0
U03412,2025-02-07,USA,iOS,18-24,Male,Organic,1
U03413,2025-06-07,India,Android,25-34,Male,Referral,0
U03414,2025-01-22,India,iOS,18-24,Male,Organic,0
U03415,2025-03-06,USA,Android,18-24,Female,Organic,0
U03416,2025-02-01,USA,Android,35-44,Female,Organic,0
U03417,2025-05-22,USA,Android,55+,Male,Referral,0
U03418,2025-03-31,India,Android,45-54,Male,Organic,1
U03419,2025-05-06,UK,Android,25-34,Female,Organic,0
U03420,2025-02-19,Japan,Android,18-24,Female,Organic,0
U03421,2025-05-20,India,iOS,18-24,Male,Organic,0
U03422,2025-02-06,Canada,Android,35-44,Female,Organic,0
U03423,2025-01-03,USA,Android,18-24,Female,Ads,0
U03424,2025-05-24,USA,Android,55+,Female,Organic,0
U03425,2025-03-07,India,Android,25-34,Male,Ads,0
U03426,2025-06-03,Brazil,Android,25-34,Male,Ads,0
U03427,2025-02-27,USA,Android,35-44,Female,Organic,0
U03428,2025-04-21,Brazil,Android,25-34,Female,Ads,1
U03429,2025-05-11,USA,Android,45-54,Male,Ads,1
U03430,2025-05-28,Canada,Android,35-44,Female,Ads,0
U03431,2025-02-07,USA,Android,25-34,Female,Organic,0
U03432,2025-02-04,USA,Android,18-24,Male,Organic,0
U03433,2025-04-29,India,iOS,35-44,Male,Organic,0
U03434,2025-06-16,Brazil,Android,45-54,Male,Organic,0
U03435,2025-05-05,Brazil,iOS,25-34,Female,Ads,0
U03436,2025-06-24,India,iOS,25-34,Male,Ads,0
U03437,2025-03-20,Germany,Android,25-34,Male,Organic,0
U03438,2025-06-10,Germany,iOS,35-44,Female,Organic,0
U03439,2025-03-25,India,iOS,18-24,Other,Organic,1
U03440,2025-04-11,UK,Android,18-24,Female,Ads,1
U03441,2025-03-05,UK,Android,35-44,Female,Organic,0
U03442,2025-01-17,Australia,Android,25-34,Male,Organic,1
U03443,2025-03-19,Australia,Android,55+,Female,Organic,0
U03444,2025-05-10,Germany,Android,35-44,Female,Ads,0
U03445,2025-01-19,Canada,Android,18-24,Male,Organic,0
U03446,2025-02-05,Japan,iOS,35-44,Male,Organic,0
U03447,2025-01-28,Brazil,Android,35-44,Male,Organic,0
U03448,2025-04-03,USA,Android,35-44,Female,Ads,0
U03449,2025-03-04,Japan,Android,35-44,Female,Organic,0
U03450,2025-02-18,UK,Android,18-24,Female,Ads,0
U03451,2025-01-02,USA,Android,18-24,Female,Ads,0
U03452,2025-02-20,USA,Android,25-34,Male,Referral,0
U03453,2025-03-16,Brazil,iOS,18-24,Female,Ads,0
U03454,2025-02-15,Germany,iOS,35-44,Male,Ads,1
U03455,2025-03-28,India,iOS,18-24,Female,Referral,0
U03456,2025-05-27,USA,Android,45-54,Female,Referral,0
U03457,2025-02-21,Brazil,Android,35-44,Male,Ads,0
U03458,2025-03-06,UK,iOS,35-44,Male,Organic,0
U03459,2025-02-28,Germany,Android,18-24,Female,Organic,0
U03460,2025-04-24,USA,iOS,18-24,Female,Organic,0
U03461,2025-05-21,Brazil,Web,18-24,Male,Organic,0
U03462,2025-04-22,Brazil,Android,35-44,Female,Ads,0
U03463,2025-01-03,India,iOS,35-44,Male,Organic,0
U03464,2025-02-20,Canada,Android,25-34,Female,Organic,0
U03465,2025-05-07,USA,Android,25-34,Female,Organic,0
U03466,2025-03-11,Brazil,iOS,18-24,Male,Organic,1
U03467,2025-05-15,USA,Android,18-24,Female,Organic,0
U03468,2025-02-15,Germany,Web,25-34,Female,Referral,0
U03469,2025-01-13,USA,iOS,25-34,Female,Ads,0
U03470,2025-05-10,Canada,iOS,25-34,Male,Organic,0
U03471,2025-01-23,USA,iOS,35-44,Male,Ads,0
U03472,2025-04-01,India,Android,18-24,Female,Referral,0
U03473,2025-03-01,USA,Android,45-54,Female,Organic,0
U03474,2025-02-01,Australia,Android,25-34,Female,Organic,0
U03475,2025-03-20,USA,Android,18-24,Female,Ads,1
U03476,2025-05-14,India,iOS,25-34,Female,Organic,0
U03477,2025-04-08,India,Android,45-54,Female,Referral,0
U03478,2025-06-29,Germany,Android,45-54,Female,Organic,0
U03479,2025-06-23,Australia,Android,25-34,Female,Organic,0
U03480,2025-06-22,India,Web,55+,Male,Organic,0
U03481,2025-05-17,India,iOS,55+,Male,Organic,1
U03482,2025-05-30,Canada,Android,25-34,Female,Referral,0
U03483,2025-03-02,USA,Android,18-24,Female,Organic,0
U03484,2025-05-15,India,iOS,18-24,Male,Organic,0
U03485,2025-01-23,Brazil,Android,18-24,Female,Organic,0
U03486,2025-05-05,Brazil,iOS,35-44,Male,Referral,0
U03487,2025-06-27,Japan,Android,18-24,Female,Ads,0
U03488,2025-02-27,India,Android,35-44,Male,Organic,0
U03489,2025-03-13,India,Android,18-24,Female,Organic,0
U03490,2025-04-30,Germany,iOS,35-44,Male,Organic,0
U03491,2025-02-12,USA,iOS,18-24,Other,Organic,1
U03492,2025-02-12,Brazil,Android,18-24,Female,Ads,0
U03493,2025-01-26,USA,iOS,35-44,Male,Ads,0
U03494,2025-04-03,UK,iOS,45-54,Female,Organic,0
U03495,2025-01-30,USA,Android,35-44,Female,Organic,0
U03496,2025-03-30,Canada,Android,25-34,Female,Ads,0
U03497,2025-05-26,India,Android,35-44,Female,Organic,0
U03498,2025-04-28,India,Web,25-34,Male,Organic,0
U03499,2025-03-14,USA,Android,25-34,Male,Ads,0
U03500,2025-03-22,UK,Android,45-54,Male,Referral,0
U03501,2025-05-17,Japan,iOS,45-54,Female,Organic,0
U03502,2025-04-17,India,Android,45-54,Male,Ads,0
U03503,2025-06-27,Brazil,Android,25-34,Male,Organic,0
U03504,2025-04-02,Japan,Android,35-44,Female,Ads,0
U03505,2025-05-28,Germany,Android,18-24,Female,Organic,1
U03506,2025-04-15,USA,Android,18-24,Male,Ads,0
U03507,2025-06-05,India,Android,25-34,Female,Ads,1
U03508,2025-05-09,Japan,Android,18-24,Male,Organic,0
U03509,2025-06-10,Japan,Android,18-24,Female,Ads,0
U03510,2025-02-12,USA,Android,25-34,Male,Organic,0
U03511,2025-05-28,USA,Android,55+,Male,Organic,0
U03512,2025-02-18,USA,Android,25-34,Male,Referral,0
U03513,2025-05-13,USA,Android,55+,Female,Referral,0
U03514,2025-05-27,India,Android,35-44,Female,Ads,0
U03515,2025-04-26,Japan,iOS,45-54,Female,Organic,0
U03516,2025-06-19,Japan,Android,25-34,Male,Organic,0
U03517,2025-06-02,Japan,Android,35-44,Female,Organic,1
U03518,2025-01-16,India,iOS,35-44,Female,Organic,0
U03519,2025-04-13,USA,iOS,25-34,Female,Organic,0
U03520,2025-03-28,Brazil,Android,25-34,Male,Organic,1
U03521,2025-04-13,USA,iOS,18-24,Male,Referral,1
U03522,2025-05-17,USA,Android,35-44,Female,Ads,0
U03523,2025-03-12,USA,iOS,18-24,Male,Organic,0
U03524,2025-01-16,Australia,iOS,18-24,Female,Referral,0
U03525,2025-06-28,India,iOS,25-34,Female,Organic,0
U03526,2025-04-20,Canada,Android,18-24,Female,Organic,0
U03527,2025-01-22,India,iOS,35-44,Male,Organic,0
U03528,2025-01-12,Australia,Android,18-24,Male,Referral,0
U03529,2025-06-10,Brazil,Android,25-34,Male,Ads,0
U03530,2025-04-17,USA,iOS,25-34,Male,Referral,0
U03531,2025-06-25,USA,iOS,18-24,Female,Organic,0
U03532,2025-04-09,Germany,iOS,55+,Female,Organic,0
U03533,2025-02-09,Brazil,Android,25-34,Male,Organic,0
U03534,2025-04-22,India,Android,18-24,Male,Organic,1
U03535,2025-04-15,Canada,Android,18-24,Male,Ads,0
U03536,2025-01-30,USA,Android,25-34,Male,Organic,0
U03537,2025-02-01,USA,iOS,18-24,Female,Referral,1
U03538,2025-03-05,Canada,iOS,35-44,Female,Referral,1
U03539,2025-06-15,Australia,Android,35-44,Female,Organic,0
U03540,2025-04-12,Canada,Android,35-44,Female,Referral,1
U03541,2025-03-27,India,Android,35-44,Female,Referral,0
U03542,2025-01-23,Japan,Android,25-34,Female,Organic,1
U03543,2025-05-13,India,Android,25-34,Male,Organic,0
U03544,2025-02-09,India,iOS,25-34,Male,Organic,0
U03545,2025-05-20,USA,Android,35-44,Female,Organic,0
U03546,2025-04-24,USA,Android,25-34,Male,Referral,0
U03547,2025-04-05,Canada,Web,18-24,Female,Ads,1
U03548,2025-01-18,USA,iOS,18-24,Female,Ads,0
U03549,2025-06-24,India,Android,25-34,Male,Organic,0
U03550,2025-04-10,USA,Android,18-24,Female,Organic,1
U03551,2025-03-28,Japan,Android,35-44,Female,Organic,0
U03552,2025-06-07,Germany,Web,25-34,Male,Organic,0
U03553,2025-01-11,Japan,Android,18-24,Male,Organic,1
U03554,2025-03-30,USA,Android,35-44,Female,Organic,0
U03555,2025-01-26,USA,iOS,45-54,Female,Organic,0
U03556,2025-04-10,Brazil,Android,35-44,Male,Organic,0
U03557,2025-03-22,India,Android,18-24,Female,Organic,0
U03558,2025-03-30,Germany,Android,25-34,Male,Organic,0
U03559,2025-04-20,USA,Android,45-54,Male,Organic,0
U03560,2025-01-12,USA,Android,18-24,Male,Organic,1
U03561,2025-04-19,India,iOS,25-34,Male,Organic,1
U03562,2025-03-31,India,Android,25-34,Male,Organic,0
U03563,2025-05-11,USA,Android,18-24,Male,Organic,0
U03564,2025-06-06,Japan,iOS,25-34,Male,Ads,0
U03565,2025-03-01,Japan,Android,18-24,Female,Organic,0
U03566,2025-05-21,USA,iOS,25-34,Female,Organic,0
U03567,2025-01-05,Brazil,iOS,25-34,Male,Organic,0
U03568,2025-03-18,Canada,Android,18-24,Female,Organic,0
U03569,2025-02-19,India,Android,18-24,Female,Organic,0
U03570,2025-06-08,USA,iOS,25-34,Male,Ads,0
U03571,2025-01-01,USA,Android,25-34,Female,Organic,0
U03572,2025-05-25,India,Android,18-24,Female,Ads,0
U03573,2025-02-12,India,iOS,18-24,Female,Referral,0
U03574,2025-04-23,USA,iOS,45-54,Male,Ads,0
U03575,2025-01-15,Brazil,iOS,25-34,Female,Organic,0
U03576,2025-01-09,USA,Android,18-24,Female,Organic,0
U03577,2025-03-24,Brazil,iOS,18-24,Male,Organic,0
U03578,2025-03-08,USA,Web,18-24,Female,Organic,0
U03579,2025-05-17,Canada,Android,18-24,Male,Ads,0
U03580,2025-01-13,Canada,iOS,18-24,Female,Organic,0
U03581,2025-04-16,USA,iOS,35-44,Male,Organic,0
U03582,2025-01-12,India,Android,35-44,Female,Organic,0
U03583,2025-06-23,USA,Android,45-54,Female,Referral,0
U03584,2025-01-14,USA,iOS,25-34,Female,Ads,0
U03585,2025-04-02,India,Android,18-24,Female,Organic,0
U03586,2025-01-07,UK,Android,25-34,Female,Ads,1
U03587,2025-02-25,Germany,Android,25-34,Male,Organic,1
U03588,2025-03-21,UK,Android,25-34,Male,Ads,1
U03589,2025-02-04,Germany,iOS,35-44,Male,Organic,0
U03590,2025-05-30,USA,iOS,45-54,Male,Ads,0
U03591,2025-01-27,India,Android,25-34,Female,Ads,0
U03592,2025-05-29,USA,iOS,18-24,Male,Ads,0
U03593,2025-05-05,India,iOS,35-44,Male,Referral,0
U03594,2025-05-22,India,Android,25-34,Male,Organic,0
U03595,2025-05-06,USA,Android,18-24,Female,Ads,0
U03596,2025-03-23,Australia,iOS,35-44,Female,Organic,1
U03597,2025-03-14,Canada,iOS,25-34,Female,Ads,0
U03598,2025-06-23,India,iOS,25-34,Female,Organic,0
U03599,2025-03-16,Germany,Android,18-24,Male,Organic,0
U03600,2025-03-29,Brazil,Android,18-24,Female,Organic,0
U03601,2025-06-18,Canada,iOS,35-44,Female,Organic,0
U03602,2025-06-28,Brazil,Android,18-24,Female,Organic,0
U03603,2025-06-26,Australia,Web,45-54,Male,Organic,0
U03604,2025-03-15,Canada,iOS,45-54,Male,Ads,0
U03605,2025-03-14,USA,Android,25-34,Female,Organic,0
U03606,2025-01-16,Germany,Android,45-54,Male,Organic,0
U03607,2025-05-13,UK,Android,35-44,Female,Organic,0
U03608,2025-05-09,USA,iOS,55+,Male,Ads,0
U03609,2025-06-19,India,Android,35-44,Female,Organic,0
U03610,2025-04-15,USA,Android,35-44,Female,Ads,0
U03611,2025-01-26,Canada,iOS,18-24,Female,Organic,1
U03612,2025-05-07,UK,iOS,18-24,Male,Organic,0
U03613,2025-06-17,USA,iOS,25-34,Male,Organic,1
U03614,2025-03-09,India,iOS,35-44,Female,Organic,0
U03615,2025-01-24,India,iOS,45-54,Male,Ads,0
U03616,2025-02-04,India,Android,55+,Male,Organic,1
U03617,2025-04-15,USA,Android,18-24,Female,Organic,0
U03618,2025-03-18,USA,iOS,25-34,Male,Organic,0
U03619,2025-04-13,USA,iOS,45-54,Male,Ads,0
U03620,2025-01-25,India,Android,18-24,Female,Organic,0
U03621,2025-05-22,Brazil,Web,18-24,Female,Ads,0
U03622,2025-02-13,Brazil,iOS,25-34,Female,Organic,1
U03623,2025-06-12,UK,iOS,18-24,Female,Organic,0
U03624,2025-01-01,USA,iOS,18-24,Male,Ads,0
U03625,2025-05-27,USA,iOS,45-54,Female,Organic,0
U03626,2025-01-05,USA,iOS,25-34,Female,Organic,0
U03627,2025-02-27,Germany,iOS,25-34,Male,Ads,0
U03628,2025-03-31,USA,Android,18-24,Male,Organic,1
U03629,2025-05-11,India,Android,18-24,Female,Organic,0
U03630,2025-05-20,USA,Android,55+,Female,Organic,0
U03631,2025-04-16,USA,Android,18-24,Male,Ads,0
U03632,2025-03-24,USA,iOS,25-34,Male,Ads,0
U03633,2025-04-14,UK,iOS,18-24,Male,Organic,0
U03634,2025-03-15,UK,iOS,18-24,Male,Ads,1
U03635,2025-06-09,USA,Android,18-24,Male,Ads,0
U03636,2025-02-14,India,Android,25-34,Female,Referral,1
U03637,2025-02-18,India,Android,25-34,Male,Referral,0
U03638,2025-03-31,USA,Android,25-34,Female,Ads,0
U03639,2025-03-09,UK,iOS,35-44,Female,Organic,0
U03640,2025-01-31,USA,iOS,18-24,Female,Organic,0
U03641,2025-02-23,India,Android,35-44,Female,Organic,0
U03642,2025-02-06,India,iOS,18-24,Female,Organic,0
U03643,2025-06-19,India,Android,25-34,Female,Ads,0
U03644,2025-05-21,India,Web,25-34,Female,Ads,0
U03645,2025-05-29,Canada,Android,18-24,Male,Organic,0
U03646,2025-01-22,India,iOS,25-34,Male,Organic,0
U03647,2025-01-07,USA,iOS,18-24,Male,Organic,0
U03648,2025-06-07,Canada,Web,45-54,Male,Ads,0
U03649,2025-05-09,USA,iOS,35-44,Male,Ads,0
U03650,2025-03-23,Australia,iOS,25-34,Female,Organic,0
U03651,2025-04-30,Japan,Android,35-44,Male,Ads,0
U03652,2025-05-29,India,Android,25-34,Other,Referral,0
U03653,2025-06-21,UK,Android,25-34,Male,Organic,0
U03654,2025-06-22,USA,Android,18-24,Female,Organic,0
U03655,2025-01-04,Australia,iOS,18-24,Female,Organic,0
U03656,2025-02-16,Canada,Android,25-34,Female,Referral,0
U03657,2025-02-10,India,Android,25-34,Female,Organic,0
U03658,2025-01-14,Germany,iOS,25-34,Male,Organic,0
U03659,2025-01-20,Canada,Android,25-34,Female,Organic,0
U03660,2025-04-26,UK,iOS,25-34,Male,Ads,0
U03661,2025-01-07,India,iOS,25-34,Female,Referral,1
U03662,2025-03-28,USA,Android,18-24,Male,Organic,0
U03663,2025-04-27,India,iOS,18-24,Male,Ads,0
U03664,2025-05-11,Germany,iOS,25-34,Male,Organic,0
U03665,2025-05-17,USA,Android,25-34,Female,Referral,0
U03666,2025-06-19,Brazil,Web,18-24,Male,Organic,0
U03667,2025-01-10,India,iOS,35-44,Female,Ads,0
U03668,2025-02-17,USA,Android,25-34,Female,Ads,0
U03669,2025-05-24,Brazil,Android,25-34,Female,Ads,0
U03670,2025-01-09,Australia,Android,35-44,Male,Organic,0
U03671,2025-03-20,Canada,Android,55+,Male,Organic,0
U03672,2025-03-27,USA,iOS,18-24,Male,Organic,0
U03673,2025-02-15,India,Android,25-34,Other,Organic,0
U03674,2025-04-15,India,iOS,25-34,Male,Organic,0
U03675,2025-02-12,Brazil,Android,25-34,Male,Referral,0
U03676,2025-05-27,Japan,iOS,25-34,Male,Organic,0
U03677,2025-06-17,Japan,Android,18-24,Female,Referral,0
U03678,2025-05-31,India,iOS,55+,Female,Organic,0
U03679,2025-01-11,USA,Android,18-24,Female,Ads,0
U03680,2025-01-28,India,iOS,25-34,Female,Organic,0
U03681,2025-04-08,UK,iOS,18-24,Female,Referral,0
U03682,2025-02-26,USA,Android,25-34,Male,Organic,0
U03683,2025-02-15,UK,iOS,55+,Male,Organic,1
U03684,2025-06-08,Brazil,iOS,18-24,Male,Ads,0
U03685,2025-06-27,Canada,iOS,18-24,Male,Organic,0
U03686,2025-05-23,India,Android,18-24,Male,Organic,0
U03687,2025-04-22,Canada,Android,35-44,Female,Organic,0
U03688,2025-03-03,Brazil,iOS,25-34,Male,Organic,0
U03689,2025-04-23,Brazil,Android,35-44,Male,Organic,0
U03690,2025-04-27,Brazil,iOS,18-24,Female,Organic,0
U03691,2025-05-31,India,iOS,18-24,Female,Ads,0
U03692,2025-05-11,India,Android,18-24,Other,Organic,0
U03693,2025-06-08,USA,Android,35-44,Other,Referral,0
U03694,2025-03-04,USA,Android,55+,Female,Referral,0
U03695,2025-02-16,Canada,iOS,25-34,Female,Organic,0
U03696,2025-02-28,India,Android,18-24,Female,Referral,0
U03697,2025-06-20,Japan,Android,55+,Female,Referral,0
U03698,2025-01-28,Germany,iOS,18-24,Female,Organic,0
U03699,2025-05-09,Japan,Android,25-34,Male,Referral,0
U03700,2025-04-12,India,Android,18-24,Male,Organic,0
U03701,2025-02-12,USA,iOS,25-34,Male,Ads,0
U03702,2025-03-22,India,Android,18-24,Male,Organic,0
U03703,2025-02-28,USA,Android,25-34,Male,Referral,1
U03704,2025-02-23,Germany,iOS,18-24,Male,Organic,1
U03705,2025-01-12,USA,Android,35-44,Male,Referral,0
U03706,2025-04-19,UK,Android,25-34,Male,Organic,0
U03707,2025-04-25,India,iOS,35-44,Male,Organic,0
U03708,2025-06-20,Brazil,iOS,35-44,Male,Referral,0
U03709,2025-05-23,India,Android,35-44,Male,Referral,0
U03710,2025-06-27,Germany,iOS,18-24,Female,Organic,0
U03711,2025-02-04,Brazil,Android,18-24,Male,Organic,0
U03712,2025-05-02,USA,Android,25-34,Female,Organic,0
U03713,2025-05-12,USA,iOS,18-24,Male,Organic,0
U03714,2025-03-24,India,Android,25-34,Male,Organic,0
U03715,2025-04-18,USA,Android,18-24,Male,Organic,0
U03716,2025-04-07,USA,Android,35-44,Female,Organic,1
U03717,2025-01-10,Australia,Android,55+,Male,Organic,1
U03718,2025-03-08,USA,Android,18-24,Male,Organic,0
U03719,2025-05-05,Brazil,Android,35-44,Male,Organic,1
U03720,2025-05-11,UK,iOS,18-24,Male,Organic,0
U03721,2025-03-16,USA,iOS,35-44,Male,Referral,0
U03722,2025-06-02,UK,Android,35-44,Male,Referral,0
U03723,2025-04-12,Australia,Android,18-24,Male,Organic,0
U03724,2025-03-03,India,Android,25-34,Female,Referral,1
U03725,2025-05-16,India,iOS,18-24,Female,Organic,0
U03726,2025-03-22,USA,Android,18-24,Male,Organic,0
U03727,2025-03-21,Canada,Android,55+,Male,Referral,0
U03728,2025-01-29,Australia,Android,18-24,Male,Organic,0
U03729,2025-02-28,USA,Web,18-24,Female,Organic,0
U03730,2025-03-15,UK,Android,35-44,Female,Organic,1
U03731,2025-02-05,Australia,Android,18-24,Male,Organic,0
U03732,2025-05-27,USA,Android,25-34,Female,Ads,0
U03733,2025-04-15,Australia,Android,45-54,Male,Organic,1
U03734,2025-04-02,India,Android,18-24,Female,Ads,0
U03735,2025-02-16,USA,Android,25-34,Male,Organic,0
U03736,2025-06-14,Australia,Android,25-34,Male,Organic,0
U03737,2025-02-13,UK,iOS,18-24,Female,Organic,0
U03738,2025-02-28,USA,Android,18-24,Male,Ads,0
U03739,2025-06-16,USA,Android,55+,Male,Organic,0
U03740,2025-05-18,USA,iOS,25-34,Male,Ads,0
U03741,2025-01-29,Canada,iOS,25-34,Male,Organic,0
U03742,2025-06-06,India,Android,45-54,Female,Organic,0
U03743,2025-03-31,Germany,iOS,45-54,Male,Ads,0
U03744,2025-06-27,India,Android,35-44,Female,Organic,0
U03745,2025-01-12,Brazil,Android,45-54,Female,Organic,0
U03746,2025-04-20,Brazil,iOS,25-34,Female,Organic,1
U03747,2025-03-22,India,Android,25-34,Female,Referral,0
U03748,2025-03-22,Australia,Android,18-24,Male,Referral,0
U03749,2025-04-19,Canada,Android,25-34,Female,Organic,0
U03750,2025-04-13,India,Android,18-24,Male,Ads,0
U03751,2025-01-27,Australia,iOS,35-44,Male,Organic,0
U03752,2025-03-17,UK,Android,18-24,Female,Organic,0
U03753,2025-02-17,India,Android,18-24,Female,Organic,0
U03754,2025-02-19,India,Android,45-54,Male,Organic,0
U03755,2025-02-09,India,Android,25-34,Female,Organic,1
U03756,2025-03-06,Australia,Android,18-24,Female,Referral,0
U03757,2025-05-06,USA,iOS,35-44,Male,Organic,0
U03758,2025-01-16,Germany,iOS,55+,Female,Organic,0
U03759,2025-06-29,India,Android,45-54,Male,Organic,1
U03760,2025-03-29,Brazil,iOS,25-34,Female,Organic,0
U03761,2025-06-14,Canada,Android,35-44,Other,Organic,0
U03762,2025-03-14,Australia,Android,18-24,Male,Ads,0
U03763,2025-01-18,UK,Android,45-54,Male,Organic,0
U03764,2025-04-15,USA,Web,18-24,Male,Ads,1
U03765,2025-05-21,India,iOS,25-34,Male,Organic,0
U03766,2025-06-11,USA,Android,18-24,Male,Organic,0
U03767,2025-02-06,Germany,iOS,18-24,Female,Organic,1
U03768,2025-01-11,USA,Android,35-44,Male,Ads,0
U03769,2025-02-22,Brazil,Android,18-24,Male,Organic,0
U03770,2025-03-15,USA,Android,18-24,Female,Organic,0
U03771,2025-05-11,Germany,Android,18-24,Female,Organic,0
U03772,2025-04-28,USA,Android,45-54,Female,Referral,0
U03773,2025-04-28,Canada,Android,55+,Female,Ads,0
U03774,2025-01-08,USA,Web,35-44,Male,Referral,0
U03775,2025-06-19,India,Android,18-24,Male,Organic,1
U03776,2025-01-15,USA,Android,55+,Male,Ads,0
U03777,2025-02-06,USA,iOS,25-34,Male,Ads,1
U03778,2025-06-06,Australia,Android,25-34,Male,Organic,0
U03779,2025-05-28,Canada,Android,45-54,Male,Organic,0
U03780,2025-04-25,UK,Android,55+,Female,Ads,1
U03781,2025-05-21,USA,Android,25-34,Female,Organic,1
U03782,2025-05-11,India,iOS,35-44,Female,Referral,0
U03783,2025-04-19,Canada,Android,18-24,Male,Ads,0
U03784,2025-02-12,Germany,Android,45-54,Female,Ads,1
U03785,2025-04-04,Japan,Android,25-34,Male,Organic,0
U03786,2025-02-10,India,iOS,18-24,Male,Referral,0
U03787,2025-06-18,USA,Android,25-34,Female,Organic,0
U03788,2025-06-26,USA,Android,18-24,Male,Ads,0
U03789,2025-03-06,India,Android,18-24,Male,Organic,0
U03790,2025-02-28,Brazil,Android,25-34,Female,Organic,0
U03791,2025-06-26,Brazil,Android,25-34,Female,Referral,0
U03792,2025-01-03,Japan,Android,18-24,Other,Ads,0
U03793,2025-02-11,India,iOS,45-54,Male,Organic,0
U03794,2025-02-06,Brazil,iOS,18-24,Female,Organic,0
U03795,2025-05-24,India,iOS,25-34,Male,Organic,0
U03796,2025-01-23,India,iOS,18-24,Female,Ads,0
U03797,2025-05-26,Germany,Android,35-44,Female,Referral,0
U03798,2025-05-27,USA,Android,35-44,Male,Ads,0
U03799,2025-04-03,USA,iOS,35-44,Male,Organic,0
U03800,2025-06-27,Japan,iOS,18-24,Male,Organic,0
U03801,2025-02-17,USA,Android,18-24,Male,Ads,0
U03802,2025-05-16,USA,Android,18-24,Female,Organic,0
U03803,2025-04-28,India,iOS,25-34,Male,Ads,0
U03804,2025-05-17,USA,Android,18-24,Female,Organic,0
U03805,2025-02-09,USA,Android,35-44,Female,Referral,0
U03806,2025-03-19,USA,iOS,35-44,Male,Referral,0
U03807,2025-06-27,Brazil,Android,25-34,Female,Referral,1
U03808,2025-02-16,Brazil,Android,25-34,Female,Organic,0
U03809,2025-04-18,Japan,Android,25-34,Male,Organic,0
U03810,2025-03-04,Brazil,Android,18-24,Female,Referral,0
U03811,2025-05-31,India,Android,25-34,Female,Organic,0
U03812,2025-02-24,Australia,Android,35-44,Male,Organic,0
U03813,2025-03-15,USA,iOS,18-24,Male,Organic,0
U03814,2025-04-01,Canada,iOS,18-24,Male,Organic,0
U03815,2025-04-14,Canada,iOS,18-24,Other,Organic,0
U03816,2025-05-06,USA,Android,18-24,Female,Ads,0
U03817,2025-03-11,USA,iOS,18-24,Female,Organic,1
U03818,2025-03-01,Germany,Android,55+,Female,Ads,0
U03819,2025-02-20,India,iOS,25-34,Male,Organic,0
U03820,2025-03-11,Germany,iOS,25-34,Female,Ads,0
U03821,2025-04-10,USA,iOS,25-34,Male,Organic,1
U03822,2025-06-21,India,Android,18-24,Female,Organic,0
U03823,2025-04-07,USA,Android,25-34,Male,Organic,0
U03824,2025-04-01,USA,Android,25-34,Male,Organic,1
U03825,2025-01-20,USA,Android,25-34,Female,Ads,0
U03826,2025-06-05,USA,Android,35-44,Female,Referral,0
U03827,2025-05-21,Brazil,Android,18-24,Male,Ads,0
U03828,2025-04-02,USA,Android,18-24,Male,Organic,0
U03829,2025-05-28,India,iOS,18-24,Female,Organic,1
U03830,2025-06-13,Canada,Android,18-24,Female,Referral,0
U03831,2025-03-04,Germany,Android,25-34,Male,Organic,0
U03832,2025-06-27,USA,iOS,18-24,Male,Ads,0
U03833,2025-02-09,USA,Android,18-24,Male,Ads,0
U03834,2025-03-13,USA,Android,18-24,Male,Ads,0
U03835,2025-03-02,India,iOS,35-44,Female,Organic,1
U03836,2025-03-22,USA,Android,18-24,Male,Organic,0
U03837,2025-01-09,Canada,iOS,45-54,Male,Organic,0
U03838,2025-04-20,India,iOS,25-34,Other,Organic,0
U03839,2025-06-17,USA,Android,18-24,Male,Ads,0
U03840,2025-02-12,Canada,Android,35-44,Female,Organic,0
U03841,2025-05-24,India,iOS,18-24,Female,Ads,0
U03842,2025-01-29,UK,Android,25-34,Female,Organic,0
U03843,2025-01-04,USA,Android,18-24,Male,Organic,0
U03844,2025-02-20,India,iOS,18-24,Female,Organic,0
U03845,2025-04-18,Japan,Android,35-44,Female,Ads,0
U03846,2025-04-24,USA,Android,35-44,Female,Referral,1
U03847,2025-04-23,USA,Web,35-44,Male,Referral,0
U03848,2025-05-20,USA,Android,18-24,Female,Ads,0
U03849,2025-03-23,Germany,Android,18-24,Female,Organic,0
U03850,2025-02-27,Brazil,iOS,35-44,Female,Organic,0
U03851,2025-01-30,India,Android,18-24,Male,Referral,0
U03852,2025-02-08,USA,iOS,18-24,Male,Ads,0
U03853,2025-03-06,Canada,Android,18-24,Female,Organic,1
U03854,2025-02-14,USA,Android,25-34,Female,Referral,1
U03855,2025-03-15,UK,Android,25-34,Male,Organic,0
U03856,2025-04-21,India,Android,25-34,Male,Organic,0
U03857,2025-06-11,Canada,Android,25-34,Male,Referral,1
U03858,2025-02-17,USA,Android,18-24,Male,Organic,0
U03859,2025-04-07,India,Android,45-54,Female,Organic,0
U03860,2025-04-17,USA,Android,35-44,Male,Organic,0
U03861,2025-05-08,UK,Android,25-34,Female,Organic,0
U03862,2025-05-13,Japan,iOS,18-24,Female,Organic,0
U03863,2025-03-07,India,Android,45-54,Male,Organic,0
U03864,2025-02-19,USA,Android,18-24,Female,Ads,0
U03865,2025-05-29,USA,Android,18-24,Male,Referral,0
U03866,2025-06-09,Brazil,Android,35-44,Male,Referral,0
U03867,2025-04-05,India,Web,45-54,Male,Ads,0
U03868,2025-05-21,India,iOS,25-34,Female,Organic,0
U03869,2025-05-05,USA,Android,18-24,Female,Organic,0
U03870,2025-05-24,Germany,Android,25-34,Male,Organic,0
U03871,2025-04-06,USA,Android,18-24,Female,Organic,1
U03872,2025-03-31,Germany,Android,25-34,Male,Organic,0
U03873,2025-02-02,India,Android,18-24,Male,Organic,0
U03874,2025-05-23,Germany,Android,45-54,Female,Organic,0
U03875,2025-06-04,India,iOS,35-44,Female,Organic,0
U03876,2025-03-10,USA,Android,25-34,Female,Referral,0
U03877,2025-02-02,Australia,Android,45-54,Female,Ads,0
U03878,2025-01-28,Brazil,Android,45-54,Male,Ads,0
U03879,2025-05-20,USA,iOS,25-34,Male,Organic,0
U03880,2025-04-17,Brazil,Web,18-24,Male,Organic,0
U03881,2025-04-05,USA,Android,25-34,Female,Organic,0
U03882,2025-02-05,India,Android,35-44,Male,Organic,0
U03883,2025-06-28,UK,iOS,35-44,Female,Organic,1
U03884,2025-06-22,USA,Android,35-44,Male,Ads,0
U03885,2025-04-16,Brazil,iOS,25-34,Female,Organic,0
U03886,2025-05-05,USA,Web,25-34,Male,Ads,0
U03887,2025-01-12,India,Android,18-24,Female,Organic,0
U03888,2025-04-12,Canada,Android,35-44,Female,Ads,0
U03889,2025-01-07,Brazil,iOS,18-24,Female,Referral,0
U03890,2025-06-12,Canada,Android,55+,Female,Organic,0
U03891,2025-06-14,USA,iOS,18-24,Female,Ads,1
U03892,2025-01-15,Canada,Android,18-24,Female,Referral,1
U03893,2025-06-08,USA,Android,25-34,Male,Ads,0
U03894,2025-05-10,UK,iOS,18-24,Female,Organic,0
U03895,2025-01-10,Canada,iOS,35-44,Male,Organic,1
U03896,2025-05-29,USA,Android,18-24,Male,Referral,0
U03897,2025-01-02,UK,iOS,18-24,Female,Organic,0
U03898,2025-03-22,USA,Android,18-24,Female,Organic,0
U03899,2025-01-27,USA,iOS,25-34,Male,Organic,1
U03900,2025-06-13,Germany,Android,18-24,Male,Referral,1
U03901,2025-05-03,Brazil,iOS,35-44,Male,Ads,0
U03902,2025-02-14,UK,Android,35-44,Male,Organic,0
U03903,2025-01-14,India,Web,25-34,Male,Organic,0
U03904,2025-05-18,Germany,Android,25-34,Female,Organic,0
U03905,2025-01-30,USA,Android,45-54,Female,Referral,0
U03906,2025-01-02,Japan,Android,18-24,Male,Organic,0
U03907,2025-02-12,India,Android,18-24,Male,Organic,0
U03908,2025-04-09,USA,iOS,35-44,Female,Organic,0
U03909,2025-03-30,UK,Android,45-54,Female,Organic,1
U03910,2025-03-14,UK,Android,18-24,Male,Organic,0
U03911,2025-01-12,USA,iOS,35-44,Male,Ads,0
U03912,2025-04-30,USA,iOS,18-24,Female,Organic,0
U03913,2025-05-04,UK,Android,18-24,Male,Ads,1
U03914,2025-05-10,India,iOS,25-34,Male,Organic,0
U03915,2025-04-30,Germany,Android,18-24,Female,Organic,0
U03916,2025-06-27,India,iOS,45-54,Female,Ads,0
U03917,2025-04-04,Brazil,iOS,55+,Female,Organic,0
U03918,2025-05-09,Japan,Android,45-54,Female,Organic,1
U03919,2025-04-05,Australia,iOS,45-54,Male,Ads,1
U03920,2025-01-04,India,Android,18-24,Female,Ads,0
U03921,2025-01-02,USA,iOS,25-34,Female,Referral,0
U03922,2025-04-14,UK,iOS,35-44,Male,Organic,0
U03923,2025-04-18,Germany,iOS,45-54,Female,Ads,0
U03924,2025-03-21,India,Android,35-44,Male,Ads,0
U03925,2025-01-03,India,Android,25-34,Female,Organic,0
U03926,2025-01-04,USA,iOS,18-24,Female,Organic,0
U03927,2025-04-13,Germany,Android,18-24,Female,Ads,0
U03928,2025-05-21,Germany,iOS,55+,Male,Ads,0
U03929,2025-02-23,Australia,Android,25-34,Male,Organic,0
U03930,2025-04-15,India,Android,18-24,Male,Organic,0
U03931,2025-02-25,USA,iOS,18-24,Female,Organic,1
U03932,2025-01-04,Australia,iOS,25-34,Male,Organic,0
U03933,2025-04-08,Canada,iOS,35-44,Female,Referral,0
U03934,2025-06-07,Brazil,iOS,18-24,Male,Organic,0
U03935,2025-05-16,India,iOS,25-34,Male,Organic,0
U03936,2025-05-11,USA,Android,18-24,Female,Organic,0
U03937,2025-03-25,UK,iOS,35-44,Male,Organic,0
U03938,2025-06-06,USA,Web,25-34,Male,Ads,0
U03939,2025-06-26,USA,Android,18-24,Female,Organic,0
U03940,2025-02-04,Brazil,Web,25-34,Male,Organic,0
U03941,2025-01-21,UK,iOS,35-44,Male,Organic,1
U03942,2025-06-28,India,iOS,35-44,Male,Organic,0
U03943,2025-01-19,India,Android,18-24,Female,Organic,0
U03944,2025-04-12,Australia,iOS,35-44,Male,Organic,0
U03945,2025-01-29,Germany,iOS,25-34,Female,Ads,0
U03946,2025-02-16,USA,iOS,18-24,Male,Organic,0
U03947,2025-02-07,Canada,Android,25-34,Male,Organic,0
U03948,2025-05-01,Brazil,Android,18-24,Female,Referral,0
U03949,2025-04-13,UK,Android,18-24,Female,Ads,0
U03950,2025-02-19,UK,iOS,18-24,Female,Ads,0
U03951,2025-06-08,India,Android,35-44,Male,Organic,0
U03952,2025-03-10,Canada,iOS,18-24,Male,Ads,0
U03953,2025-02-21,India,Web,35-44,Male,Organic,0
U03954,2025-06-04,USA,Android,18-24,Male,Ads,1
U03955,2025-03-19,Germany,Web,18-24,Male,Organic,0
U03956,2025-01-16,Germany,Android,45-54,Male,Referral,0
U03957,2025-03-14,UK,Android,18-24,Female,Referral,0
U03958,2025-03-20,USA,Android,18-24,Other,Ads,0
U03959,2025-03-31,USA,iOS,25-34,Male,Organic,0
U03960,2025-04-20,Canada,Android,45-54,Male,Organic,0
U03961,2025-02-17,USA,iOS,25-34,Female,Ads,0
U03962,2025-05-16,USA,iOS,45-54,Female,Organic,0
U03963,2025-02-13,USA,Android,25-34,Male,Organic,0
U03964,2025-02-28,USA,iOS,18-24,Female,Organic,0
U03965,2025-05-13,Germany,Android,25-34,Female,Ads,0
U03966,2025-06-10,Japan,Android,18-24,Female,Ads,0
U03967,2025-06-14,USA,Android,25-34,Male,Organic,0
U03968,2025-01-16,UK,Android,18-24,Female,Organic,0
U03969,2025-05-07,Japan,Android,18-24,Female,Referral,0
U03970,2025-06-16,USA,iOS,18-24,Female,Organic,0
U03971,2025-05-07,Canada,Android,55+,Male,Referral,0
U03972,2025-05-28,Brazil,Android,18-24,Female,Organic,1
U03973,2025-01-07,Japan,Android,18-24,Female,Organic,1
U03974,2025-01-19,Australia,Android,18-24,Female,Organic,0
U03975,2025-03-20,Canada,iOS,18-24,Male,Organic,0
U03976,2025-03-15,USA,Android,18-24,Male,Ads,1
U03977,2025-03-15,UK,Android,25-34,Female,Organic,0
U03978,2025-04-18,Canada,Web,25-34,Female,Organic,0
U03979,2025-04-03,USA,iOS,25-34,Male,Organic,0
U03980,2025-01-11,India,iOS,18-24,Female,Ads,1
U03981,2025-05-04,USA,Android,18-24,Male,Ads,1
U03982,2025-01-02,Australia,Android,25-34,Male,Ads,0
U03983,2025-05-17,Japan,iOS,18-24,Female,Ads,0
U03984,2025-02-03,Australia,Android,45-54,Female,Organic,0
U03985,2025-01-17,Germany,Android,18-24,Male,Referral,0
U03986,2025-04-08,India,Android,45-54,Male,Organic,1
U03987,2025-06-14,India,Android,25-34,Female,Ads,0
U03988,2025-03-26,Brazil,Android,35-44,Male,Organic,0
U03989,2025-05-06,Australia,Android,45-54,Male,Organic,0
U03990,2025-06-02,USA,Android,25-34,Male,Organic,0
U03991,2025-03-06,India,Android,45-54,Female,Organic,0
U03992,2025-04-20,USA,Android,25-34,Male,Ads,0
U03993,2025-06-16,Germany,iOS,18-24,Female,Organic,0
U03994,2025-01-19,Japan,Android,25-34,Male,Organic,0
U03995,2025-06-23,Australia,iOS,18-24,Male,Referral,1
U03996,2025-04-13,USA,Android,25-34,Female,Organic,0
U03997,2025-06-28,USA,iOS,35-44,Female,Organic,0
U03998,2025-01-09,India,iOS,25-34,Male,Referral,0
U03999,2025-02-14,UK,iOS,35-44,Female,Organic,0
U04000,2025-02-11,USA,Android,18-24,Other,Organic,1
U04001,2025-06-25,USA,iOS,18-24,Other,Organic,0
U04002,2025-06-18,Canada,Android,18-24,Female,Organic,0
U04003,2025-05-15,USA,iOS,35-44,Male,Organic,0
U04004,2025-06-22,Brazil,iOS,18-24,Female,Ads,1
U04005,2025-04-21,USA,iOS,25-34,Male,Referral,0
U04006,2025-04-03,USA,Android,18-24,Female,Ads,0
U04007,2025-02-22,USA,iOS,18-24,Male,Organic,0
U04008,2025-01-10,USA,iOS,25-34,Male,Referral,0
U04009,2025-06-29,Australia,Web,35-44,Female,Ads,0
U04010,2025-01-15,India,Android,35-44,Female,Organic,0
U04011,2025-05-13,Australia,Android,25-34,Male,Ads,1
U04012,2025-06-29,USA,iOS,25-34,Male,Organic,0
U04013,2025-02-24,Japan,Android,18-24,Male,Organic,0
U04014,2025-06-24,Australia,iOS,35-44,Female,Organic,1
U04015,2025-04-16,Australia,Android,18-24,Male,Referral,0
U04016,2025-04-20,India,Android,25-34,Male,Organic,1
U04017,2025-05-08,Germany,Android,35-44,Male,Ads,0
U04018,2025-01-07,USA,iOS,45-54,Male,Organic,0
U04019,2025-02-04,UK,Android,18-24,Female,Referral,0
U04020,2025-06-15,India,Android,35-44,Female,Referral,0
U04021,2025-03-03,Germany,iOS,25-34,Female,Referral,0
U04022,2025-01-04,India,iOS,35-44,Female,Organic,0
U04023,2025-02-10,Germany,Android,25-34,Female,Organic,0
U04024,2025-04-24,Australia,Android,18-24,Male,Ads,0
U04025,2025-01-28,India,iOS,18-24,Female,Organic,1
U04026,2025-05-27,USA,Android,45-54,Female,Ads,0
U04027,2025-06-09,USA,iOS,25-34,Female,Organic,1
U04028,2025-05-19,UK,Android,55+,Male,Organic,0
U04029,2025-06-09,India,Android,35-44,Male,Ads,0
U04030,2025-03-19,USA,iOS,55+,Female,Referral,0
U04031,2025-01-15,USA,Android,25-34,Female,Organic,1
U04032,2025-02-28,Canada,Android,25-34,Male,Organic,0
U04033,2025-02-01,Canada,Android,18-24,Male,Organic,0
U04034,2025-04-20,USA,Android,18-24,Female,Organic,1
U04035,2025-02-16,UK,Android,25-34,Female,Ads,0
U04036,2025-04-21,USA,Android,18-24,Male,Referral,1
U04037,2025-06-12,Germany,Android,35-44,Male,Organic,0
U04038,2025-06-14,Brazil,iOS,18-24,Male,Organic,0
U04039,2025-03-17,Canada,Android,25-34,Male,Ads,0
U04040,2025-05-12,UK,iOS,18-24,Male,Ads,0
U04041,2025-06-24,USA,Android,35-44,Male,Ads,0
U04042,2025-04-15,USA,Android,18-24,Female,Organic,0
U04043,2025-03-06,USA,iOS,18-24,Male,Organic,1
U04044,2025-03-16,India,Android,18-24,Female,Organic,0
U04045,2025-05-27,USA,Android,25-34,Male,Ads,0
U04046,2025-05-24,UK,Android,35-44,Female,Organic,0
U04047,2025-01-28,USA,Android,35-44,Male,Referral,0
U04048,2025-06-03,USA,Android,18-24,Female,Organic,0
U04049,2025-05-14,India,Android,18-24,Male,Organic,0
U04050,2025-05-21,Australia,iOS,55+,Female,Organic,0
U04051,2025-01-16,USA,Android,35-44,Female,Ads,0
U04052,2025-04-08,India,Android,25-34,Female,Organic,1
U04053,2025-05-25,Germany,iOS,25-34,Female,Organic,0
U04054,2025-03-09,India,iOS,18-24,Male,Organic,0
U04055,2025-01-11,UK,Android,25-34,Male,Organic,0
U04056,2025-01-19,USA,iOS,25-34,Male,Organic,0
U04057,2025-03-26,Canada,Android,18-24,Male,Ads,0
U04058,2025-02-15,India,Android,18-24,Male,Organic,1
U04059,2025-06-12,Canada,iOS,25-34,Male,Referral,0
U04060,2025-01-15,USA,iOS,45-54,Female,Organic,0
U04061,2025-03-08,USA,Android,25-34,Male,Organic,0
U04062,2025-04-28,USA,Android,35-44,Male,Organic,0
U04063,2025-05-30,UK,Android,35-44,Male,Organic,0
U04064,2025-04-30,UK,Web,35-44,Male,Referral,0
U04065,2025-04-26,USA,Android,18-24,Female,Organic,0
U04066,2025-03-19,Brazil,iOS,18-24,Female,Ads,0
U04067,2025-05-31,USA,Android,25-34,Female,Ads,0
U04068,2025-03-05,USA,iOS,35-44,Female,Organic,0
U04069,2025-01-06,Germany,iOS,45-54,Male,Ads,0
U04070,2025-05-04,USA,Android,18-24,Male,Referral,1
U04071,2025-02-23,Australia,iOS,25-34,Male,Organic,1
U04072,2025-06-02,USA,Android,25-34,Male,Organic,0
U04073,2025-03-29,Canada,Web,25-34,Male,Ads,0
U04074,2025-04-06,India,iOS,35-44,Female,Ads,0
U04075,2025-02-14,India,Android,25-34,Female,Organic,0
U04076,2025-03-11,Brazil,Android,18-24,Male,Referral,0
U04077,2025-04-18,Japan,Android,35-44,Female,Organic,1
U04078,2025-03-14,Brazil,Web,25-34,Female,Ads,0
U04079,2025-03-25,Japan,iOS,25-34,Male,Referral,0
U04080,2025-02-06,USA,Android,55+,Male,Organic,0
U04081,2025-05-12,Australia,iOS,18-24,Female,Ads,0
U04082,2025-04-24,Brazil,Android,18-24,Female,Organic,0
U04083,2025-05-09,Australia,iOS,45-54,Male,Organic,0
U04084,2025-03-15,UK,Android,18-24,Female,Organic,0
U04085,2025-01-17,India,Android,35-44,Male,Organic,0
U04086,2025-05-30,UK,Android,18-24,Female,Organic,0
U04087,2025-05-01,Canada,Android,18-24,Female,Organic,0
U04088,2025-02-27,USA,Android,18-24,Male,Organic,0
U04089,2025-06-04,India,Android,35-44,Female,Ads,0
U04090,2025-02-17,Canada,Android,35-44,Male,Organic,0
U04091,2025-05-19,Australia,iOS,18-24,Female,Ads,0
U04092,2025-01-15,USA,iOS,18-24,Female,Ads,0
U04093,2025-01-16,Brazil,Android,35-44,Other,Referral,0
U04094,2025-02-22,India,Android,18-24,Female,Ads,0
U04095,2025-01-30,Australia,Android,18-24,Female,Organic,0
U04096,2025-03-15,USA,Android,35-44,Female,Organic,0
U04097,2025-05-19,USA,Android,35-44,Female,Organic,0
U04098,2025-06-02,India,Android,35-44,Male,Referral,1
U04099,2025-05-04,Canada,iOS,18-24,Female,Organic,0
U04100,2025-01-30,UK,iOS,18-24,Other,Ads,0
U04101,2025-05-24,Australia,Android,25-34,Female,Organic,0
U04102,2025-03-17,Brazil,Android,25-34,Male,Organic,0
U04103,2025-03-03,India,iOS,25-34,Male,Organic,0
U04104,2025-03-12,USA,Android,18-24,Female,Organic,0
U04105,2025-01-21,UK,iOS,45-54,Male,Ads,0
U04106,2025-01-18,Germany,Android,35-44,Male,Referral,0
U04107,2025-01-02,USA,Android,45-54,Male,Organic,0
U04108,2025-03-01,India,Android,18-24,Female,Referral,0
U04109,2025-03-28,UK,iOS,18-24,Male,Ads,0
U04110,2025-03-11,USA,iOS,25-34,Male,Referral,1
U04111,2025-05-28,UK,Android,35-44,Female,Organic,0
U04112,2025-02-22,UK,Android,18-24,Female,Organic,0
U04113,2025-01-20,Australia,iOS,25-34,Male,Ads,1
U04114,2025-01-26,Germany,Web,35-44,Female,Organic,0
U04115,2025-01-17,India,Android,45-54,Female,Organic,0
U04116,2025-02-06,India,iOS,18-24,Female,Referral,1
U04117,2025-03-25,Japan,Android,25-34,Male,Organic,0
U04118,2025-03-29,India,Android,18-24,Male,Organic,0
U04119,2025-04-19,Canada,Android,18-24,Female,Ads,0
U04120,2025-04-18,UK,iOS,35-44,Female,Organic,0
U04121,2025-04-10,UK,Android,18-24,Male,Organic,0
U04122,2025-03-21,USA,Android,35-44,Female,Organic,0
U04123,2025-01-21,USA,Android,25-34,Female,Ads,0
U04124,2025-01-06,Brazil,Android,18-24,Male,Ads,0
U04125,2025-01-18,USA,Android,25-34,Male,Ads,1
U04126,2025-03-10,India,Android,18-24,Male,Ads,0
U04127,2025-04-18,India,Web,45-54,Female,Referral,0
U04128,2025-01-19,Japan,iOS,45-54,Female,Ads,0
U04129,2025-04-26,USA,Android,45-54,Female,Organic,0
U04130,2025-04-27,India,Android,45-54,Male,Organic,0
U04131,2025-06-02,Germany,Android,18-24,Female,Ads,0
U04132,2025-03-04,USA,Android,25-34,Female,Referral,0
U04133,2025-06-17,UK,Android,25-34,Female,Organic,0
U04134,2025-03-16,UK,Android,18-24,Female,Organic,0
U04135,2025-01-03,UK,iOS,45-54,Male,Organic,0
U04136,2025-02-26,UK,iOS,18-24,Female,Organic,0
U04137,2025-03-22,Germany,Web,45-54,Male,Organic,0
U04138,2025-03-17,India,Android,18-24,Female,Organic,0
U04139,2025-06-01,India,Android,18-24,Female,Organic,0
U04140,2025-01-17,Australia,Android,18-24,Male,Referral,0
U04141,2025-05-21,UK,Android,25-34,Male,Referral,0
U04142,2025-06-24,India,iOS,25-34,Female,Organic,0
U04143,2025-04-19,Germany,Android,18-24,Male,Ads,0
U04144,2025-06-25,USA,Android,25-34,Male,Ads,0
U04145,2025-02-17,USA,Android,25-34,Male,Organic,1
U04146,2025-04-22,USA,iOS,45-54,Female,Referral,0
U04147,2025-04-12,India,Android,25-34,Female,Organic,0
U04148,2025-02-02,UK,iOS,18-24,Female,Organic,0
U04149,2025-05-14,India,Android,18-24,Male,Organic,0
U04150,2025-03-15,USA,iOS,18-24,Male,Ads,0
U04151,2025-02-02,Canada,iOS,18-24,Female,Ads,1
U04152,2025-01-27,USA,iOS,45-54,Male,Referral,0
U04153,2025-02-22,India,Android,35-44,Male,Organic,0
U04154,2025-02-28,USA,iOS,35-44,Male,Organic,0
U04155,2025-02-22,UK,Android,25-34,Female,Ads,0
U04156,2025-04-06,USA,Android,35-44,Male,Organic,0
U04157,2025-01-29,India,Android,45-54,Female,Organic,0
U04158,2025-01-13,USA,Android,18-24,Male,Organic,0
U04159,2025-02-02,UK,iOS,25-34,Female,Organic,0
U04160,2025-03-26,USA,iOS,45-54,Female,Ads,0
U04161,2025-02-23,USA,Android,35-44,Male,Organic,0
U04162,2025-03-23,USA,Android,25-34,Male,Organic,0
U04163,2025-02-28,India,Android,18-24,Female,Organic,0
U04164,2025-04-05,USA,Android,25-34,Male,Organic,0
U04165,2025-06-01,USA,iOS,25-34,Male,Organic,0
U04166,2025-01-15,USA,Android,18-24,Male,Organic,0
U04167,2025-03-12,USA,Android,35-44,Female,Organic,0
U04168,2025-02-18,Australia,iOS,25-34,Male,Organic,0
U04169,2025-02-17,USA,Android,18-24,Other,Ads,0
U04170,2025-05-20,India,Android,55+,Female,Referral,1
U04171,2025-05-02,India,Web,25-34,Female,Ads,1
U04172,2025-04-07,Japan,Android,18-24,Other,Ads,1
U04173,2025-04-26,Australia,iOS,25-34,Female,Organic,0
U04174,2025-04-30,USA,iOS,25-34,Female,Ads,0
U04175,2025-02-07,Japan,Android,18-24,Female,Organic,0
U04176,2025-03-30,India,iOS,25-34,Male,Ads,0
U04177,2025-01-21,India,Android,25-34,Female,Organic,0
U04178,2025-01-27,USA,Android,25-34,Male,Ads,0
U04179,2025-03-01,India,iOS,35-44,Male,Organic,1
U04180,2025-01-02,India,Web,25-34,Male,Ads,1
U04181,2025-03-18,Australia,iOS,35-44,Male,Organic,0
U04182,2025-03-06,India,iOS,45-54,Male,Ads,0
U04183,2025-06-13,UK,Android,45-54,Male,Organic,1
U04184,2025-05-01,Brazil,Android,25-34,Male,Organic,0
U04185,2025-03-15,USA,Android,18-24,Male,Ads,0
U04186,2025-06-06,USA,Android,18-24,Male,Organic,0
U04187,2025-06-17,USA,Android,45-54,Female,Organic,0
U04188,2025-03-05,Germany,Android,18-24,Male,Organic,0
U04189,2025-03-27,UK,iOS,25-34,Male,Referral,0
U04190,2025-03-06,India,Android,55+,Female,Organic,0
U04191,2025-03-25,USA,Android,25-34,Male,Referral,0
U04192,2025-06-08,India,iOS,18-24,Female,Referral,0
U04193,2025-06-09,India,Android,18-24,Female,Organic,0
U04194,2025-06-16,Germany,Android,25-34,Male,Referral,0
U04195,2025-05-07,USA,Android,55+,Female,Organic,0
U04196,2025-04-26,Germany,Web,18-24,Male,Ads,0
U04197,2025-01-27,Canada,iOS,18-24,Male,Organic,0
U04198,2025-02-28,USA,iOS,35-44,Female,Referral,0
U04199,2025-03-04,USA,Android,25-34,Male,Ads,0
U04200,2025-04-28,USA,iOS,18-24,Female,Organic,0
U04201,2025-05-16,Germany,Web,45-54,Female,Ads,1
U04202,2025-02-09,USA,Android,25-34,Male,Organic,1
U04203,2025-04-04,Australia,Android,18-24,Male,Ads,0
U04204,2025-03-03,Germany,Web,18-24,Male,Organic,0
U04205,2025-02-04,USA,Android,18-24,Female,Referral,0
U04206,2025-03-19,Brazil,Android,25-34,Male,Ads,0
U04207,2025-03-03,India,iOS,25-34,Female,Organic,0
U04208,2025-02-26,India,iOS,35-44,Male,Organic,1
U04209,2025-05-23,Brazil,iOS,25-34,Male,Organic,0
U04210,2025-05-15,USA,iOS,35-44,Male,Organic,1
U04211,2025-05-03,UK,Android,25-34,Female,Organic,1
U04212,2025-04-06,Australia,iOS,35-44,Female,Organic,0
U04213,2025-04-22,USA,iOS,25-34,Male,Ads,0
U04214,2025-06-01,USA,Android,35-44,Male,Ads,0
U04215,2025-02-17,Germany,iOS,25-34,Male,Organic,0
U04216,2025-03-05,UK,Android,35-44,Female,Ads,1
U04217,2025-03-15,Canada,Android,35-44,Female,Referral,0
U04218,2025-02-24,India,iOS,25-34,Male,Ads,0
U04219,2025-06-08,USA,Web,35-44,Female,Organic,0
U04220,2025-06-02,India,Android,35-44,Female,Referral,1
U04221,2025-03-18,India,Android,18-24,Female,Organic,0
U04222,2025-03-12,Canada,iOS,25-34,Female,Organic,0
U04223,2025-01-23,Canada,Android,25-34,Male,Organic,0
U04224,2025-04-20,Germany,Android,25-34,Male,Organic,0
U04225,2025-02-08,India,iOS,35-44,Female,Organic,0
U04226,2025-04-25,USA,iOS,25-34,Female,Organic,0
U04227,2025-04-16,India,iOS,18-24,Male,Organic,0
U04228,2025-02-04,India,iOS,18-24,Female,Organic,0
U04229,2025-05-13,India,iOS,18-24,Female,Referral,0
U04230,2025-05-30,Germany,Android,25-34,Female,Organic,1
U04231,2025-04-17,Brazil,iOS,18-24,Male,Organic,0
U04232,2025-01-06,USA,Android,45-54,Male,Organic,0
U04233,2025-05-22,India,iOS,35-44,Female,Organic,1
U04234,2025-03-31,India,iOS,35-44,Female,Organic,0
U04235,2025-05-18,Australia,iOS,25-34,Female,Organic,0
U04236,2025-02-10,Canada,iOS,18-24,Female,Ads,0
U04237,2025-03-27,USA,Android,25-34,Female,Referral,0
U04238,2025-06-04,India,Android,18-24,Female,Ads,1
U04239,2025-02-26,Australia,Android,35-44,Male,Organic,0
U04240,2025-06-11,Germany,Android,35-44,Female,Organic,0
U04241,2025-05-15,USA,iOS,25-34,Female,Ads,0
U04242,2025-01-14,Brazil,Android,45-54,Female,Referral,0
U04243,2025-06-09,USA,Android,18-24,Male,Organic,0
U04244,2025-06-14,India,Android,18-24,Female,Organic,0
U04245,2025-06-04,UK,Android,25-34,Male,Organic,0
U04246,2025-06-04,India,Android,18-24,Male,Organic,0
U04247,2025-03-21,USA,Android,18-24,Female,Organic,0
U04248,2025-05-11,Germany,Android,25-34,Female,Ads,0
U04249,2025-04-07,Canada,Android,18-24,Female,Organic,0
U04250,2025-01-28,Japan,Android,45-54,Female,Organic,0
U04251,2025-05-03,USA,iOS,18-24,Female,Organic,0
U04252,2025-02-28,USA,iOS,25-34,Male,Ads,0
U04253,2025-02-16,India,iOS,25-34,Male,Organic,0
U04254,2025-02-19,Australia,iOS,18-24,Female,Organic,0
U04255,2025-05-08,USA,iOS,25-34,Male,Organic,0
U04256,2025-01-30,India,Android,25-34,Male,Organic,1
U04257,2025-05-19,USA,Android,35-44,Male,Ads,0
U04258,2025-03-24,India,Android,25-34,Female,Organic,0
U04259,2025-06-03,USA,Android,25-34,Female,Organic,1
U04260,2025-03-15,USA,iOS,25-34,Male,Referral,0
U04261,2025-01-15,India,Android,35-44,Female,Organic,0
U04262,2025-03-29,USA,Android,18-24,Male,Organic,0
U04263,2025-04-27,USA,Android,25-34,Male,Referral,0
U04264,2025-04-04,Germany,Android,35-44,Female,Organic,0
U04265,2025-04-24,USA,iOS,45-54,Male,Organic,1
U04266,2025-03-19,UK,iOS,35-44,Male,Organic,0
U04267,2025-04-14,UK,iOS,25-34,Male,Referral,0
U04268,2025-04-09,Brazil,Web,35-44,Female,Ads,0
U04269,2025-06-29,Canada,iOS,35-44,Male,Referral,0
U04270,2025-06-28,USA,Android,18-24,Male,Referral,0
U04271,2025-06-18,India,Android,18-24,Male,Organic,0
U04272,2025-05-15,Germany,iOS,45-54,Male,Ads,0
U04273,2025-03-23,Canada,Android,25-34,Male,Organic,1
U04274,2025-04-16,Canada,iOS,18-24,Female,Ads,0
U04275,2025-01-08,USA,Android,45-54,Female,Organic,0
U04276,2025-06-03,Australia,Android,25-34,Female,Organic,0
U04277,2025-03-11,India,Android,18-24,Female,Organic,0
U04278,2025-05-17,India,iOS,25-34,Female,Ads,0
U04279,2025-06-23,Japan,Android,25-34,Female,Organic,0
U04280,2025-06-07,Canada,Web,35-44,Female,Organic,0
U04281,2025-04-15,Brazil,Android,45-54,Female,Organic,1
U04282,2025-04-26,USA,Android,25-34,Other,Ads,1
U04283,2025-05-04,Brazil,iOS,25-34,Female,Ads,0
U04284,2025-06-27,USA,iOS,35-44,Female,Ads,0
U04285,2025-01-17,USA,iOS,25-34,Female,Organic,1
U04286,2025-01-22,India,iOS,35-44,Male,Organic,0
U04287,2025-05-30,Brazil,Android,18-24,Female,Organic,0
U04288,2025-02-18,Canada,Web,18-24,Male,Ads,0
U04289,2025-05-08,Germany,iOS,25-34,Female,Ads,0
U04290,2025-05-10,Canada,iOS,25-34,Male,Referral,0
U04291,2025-03-10,Brazil,iOS,18-24,Male,Organic,0
U04292,2025-02-02,Australia,iOS,25-34,Male,Organic,0
U04293,2025-05-06,USA,iOS,55+,Male,Ads,0
U04294,2025-04-29,Japan,iOS,25-34,Female,Ads,0
U04295,2025-01-09,USA,Android,35-44,Female,Referral,0
U04296,2025-04-20,USA,iOS,25-34,Female,Organic,0
U04297,2025-05-06,USA,iOS,18-24,Male,Organic,0
U04298,2025-05-12,UK,Android,18-24,Female,Referral,0
U04299,2025-05-06,Germany,Android,18-24,Female,Ads,0
U04300,2025-03-19,Canada,Android,18-24,Female,Organic,0
U04301,2025-05-27,India,iOS,18-24,Female,Ads,0
U04302,2025-03-06,India,iOS,25-34,Male,Organic,0
U04303,2025-06-04,India,iOS,25-34,Female,Organic,0
U04304,2025-03-25,India,Android,25-34,Male,Organic,0
U04305,2025-01-21,Germany,iOS,35-44,Female,Organic,0
U04306,2025-01-03,UK,iOS,18-24,Female,Organic,0
U04307,2025-01-20,India,iOS,45-54,Male,Ads,0
U04308,2025-02-20,India,iOS,45-54,Female,Organic,0
U04309,2025-02-13,USA,iOS,55+,Female,Ads,0
U04310,2025-04-10,UK,Android,25-34,Female,Ads,0
U04311,2025-05-26,USA,iOS,25-34,Female,Organic,0
U04312,2025-04-11,UK,Android,35-44,Female,Referral,0
U04313,2025-04-19,Germany,Android,25-34,Female,Organic,0
U04314,2025-04-23,USA,iOS,35-44,Female,Ads,0
U04315,2025-05-14,USA,iOS,18-24,Male,Organic,0
U04316,2025-04-22,Canada,iOS,25-34,Female,Organic,0
U04317,2025-02-12,UK,Android,55+,Female,Organic,0
U04318,2025-03-28,UK,Android,25-34,Male,Organic,0
U04319,2025-03-14,USA,iOS,18-24,Male,Ads,0
U04320,2025-03-17,Brazil,iOS,18-24,Male,Referral,0
U04321,2025-03-31,Japan,iOS,18-24,Male,Ads,0
U04322,2025-05-30,USA,Android,25-34,Female,Organic,0
U04323,2025-05-12,USA,iOS,18-24,Female,Organic,0
U04324,2025-04-25,USA,Android,18-24,Female,Organic,0
U04325,2025-05-15,USA,Android,18-24,Male,Organic,0
U04326,2025-04-08,India,Android,25-34,Female,Organic,0
U04327,2025-01-30,Brazil,Android,25-34,Other,Ads,0
U04328,2025-03-08,USA,Android,35-44,Male,Ads,0
U04329,2025-01-05,India,iOS,35-44,Male,Organic,0
U04330,2025-04-04,India,Android,25-34,Female,Organic,1
U04331,2025-01-21,USA,Android,35-44,Male,Organic,0
U04332,2025-02-27,USA,iOS,35-44,Female,Organic,0
U04333,2025-03-22,USA,Android,18-24,Male,Ads,0
U04334,2025-06-28,USA,iOS,25-34,Female,Ads,0
U04335,2025-01-17,Japan,iOS,35-44,Female,Organic,1
U04336,2025-01-23,Germany,Web,35-44,Female,Ads,1
U04337,2025-06-11,USA,iOS,25-34,Male,Organic,0
U04338,2025-05-22,Canada,Android,18-24,Male,Organic,0
U04339,2025-01-28,USA,Android,25-34,Male,Organic,0
U04340,2025-03-09,Japan,Android,18-24,Male,Organic,0
U04341,2025-03-02,Australia,Android,25-34,Male,Organic,1
U04342,2025-03-08,Brazil,iOS,18-24,Female,Organic,0
U04343,2025-03-30,Canada,Android,35-44,Female,Organic,0
U04344,2025-06-02,India,iOS,18-24,Male,Organic,0
U04345,2025-02-10,India,Android,35-44,Male,Organic,0
U04346,2025-04-12,USA,Android,35-44,Male,Referral,0
U04347,2025-04-04,USA,Android,25-34,Female,Ads,0
U04348,2025-03-09,USA,Android,35-44,Female,Organic,0
U04349,2025-04-03,India,iOS,35-44,Male,Organic,0
U04350,2025-01-19,Brazil,iOS,18-24,Male,Referral,0
U04351,2025-03-27,USA,Android,25-34,Female,Organic,0
U04352,2025-05-21,Canada,Android,18-24,Male,Organic,0
U04353,2025-05-16,India,iOS,25-34,Female,Organic,1
U04354,2025-03-29,India,Android,18-24,Female,Ads,0
U04355,2025-03-03,Germany,Android,25-34,Female,Ads,0
U04356,2025-01-14,India,Android,18-24,Male,Organic,0
U04357,2025-02-28,Germany,iOS,18-24,Female,Organic,0
U04358,2025-01-09,Japan,Android,35-44,Male,Organic,0
U04359,2025-06-07,USA,Android,45-54,Male,Ads,0
U04360,2025-05-19,Canada,Web,25-34,Female,Ads,0
U04361,2025-01-23,USA,Android,45-54,Female,Organic,0
U04362,2025-01-05,Brazil,iOS,25-34,Male,Organic,0
U04363,2025-06-14,Japan,Android,18-24,Male,Organic,0
U04364,2025-03-08,India,Android,25-34,Female,Organic,0
U04365,2025-05-06,Canada,Android,18-24,Female,Ads,0
U04366,2025-01-22,Canada,iOS,18-24,Female,Organic,0
U04367,2025-05-12,India,iOS,25-34,Female,Organic,0
U04368,2025-06-05,Japan,iOS,25-34,Male,Organic,0
U04369,2025-02-01,Canada,Android,35-44,Male,Organic,0
U04370,2025-05-24,Canada,Android,35-44,Male,Organic,0
U04371,2025-02-17,USA,Android,25-34,Male,Ads,0
U04372,2025-04-11,India,iOS,18-24,Female,Ads,0
U04373,2025-02-03,USA,Android,25-34,Male,Ads,0
U04374,2025-04-18,Japan,iOS,18-24,Male,Organic,0
U04375,2025-02-01,Germany,Android,18-24,Female,Referral,0
U04376,2025-03-06,India,iOS,35-44,Female,Ads,0
U04377,2025-04-19,India,Web,18-24,Male,Referral,0
U04378,2025-03-24,India,Android,18-24,Female,Organic,0
U04379,2025-03-31,Canada,Android,25-34,Male,Ads,1
U04380,2025-02-15,Germany,iOS,18-24,Female,Ads,0
U04381,2025-06-04,Canada,iOS,18-24,Male,Referral,0
U04382,2025-03-20,Australia,Android,18-24,Male,Organic,0
U04383,2025-05-03,USA,iOS,18-24,Female,Organic,0
U04384,2025-02-05,Japan,Android,35-44,Male,Referral,0
U04385,2025-02-06,Canada,iOS,25-34,Male,Ads,1
U04386,2025-05-05,Australia,Web,18-24,Male,Organic,0
U04387,2025-05-08,Brazil,Android,55+,Female,Organic,0
U04388,2025-03-25,Brazil,Web,35-44,Female,Organic,0
U04389,2025-03-18,Canada,Android,45-54,Female,Organic,0
U04390,2025-01-06,USA,iOS,35-44,Female,Ads,0
U04391,2025-05-24,Germany,Android,35-44,Male,Organic,0
U04392,2025-04-30,USA,iOS,25-34,Female,Organic,1
U04393,2025-06-21,USA,Android,25-34,Male,Ads,0
U04394,2025-02-08,USA,iOS,35-44,Female,Organic,0
U04395,2025-03-29,India,Android,45-54,Male,Organic,0
U04396,2025-04-25,USA,iOS,18-24,Female,Organic,0
U04397,2025-03-25,Brazil,Android,35-44,Female,Organic,0
U04398,2025-03-17,UK,Android,18-24,Female,Organic,0
U04399,2025-01-01,USA,Android,35-44,Male,Organic,0
U04400,2025-05-17,USA,Android,55+,Female,Organic,0
U04401,2025-02-11,UK,Android,25-34,Female,Organic,0
U04402,2025-02-09,Brazil,Android,55+,Male,Organic,0
U04403,2025-02-24,USA,iOS,18-24,Female,Ads,0
U04404,2025-05-27,USA,Android,18-24,Male,Ads,0
U04405,2025-05-17,India,Android,25-34,Male,Organic,1
U04406,2025-06-07,Germany,Android,35-44,Male,Organic,0
U04407,2025-06-04,Japan,Android,18-24,Male,Ads,0
U04408,2025-01-13,India,Android,18-24,Female,Organic,0
U04409,2025-04-23,UK,Android,18-24,Male,Organic,0
U04410,2025-01-20,UK,Android,18-24,Male,Organic,0
U04411,2025-06-05,India,iOS,18-24,Female,Referral,0
U04412,2025-06-19,Brazil,Android,35-44,Female,Organic,0
U04413,2025-04-15,USA,iOS,25-34,Female,Ads,0
U04414,2025-02-06,UK,Web,55+,Female,Ads,0
U04415,2025-03-13,Brazil,Android,35-44,Male,Referral,0
U04416,2025-03-05,USA,Android,25-34,Male,Organic,0
U04417,2025-02-08,Canada,Android,55+,Male,Organic,0
U04418,2025-03-30,India,iOS,18-24,Female,Referral,0
U04419,2025-01-23,Germany,iOS,25-34,Female,Organic,0
U04420,2025-02-20,UK,iOS,18-24,Male,Referral,0
U04421,2025-05-11,UK,iOS,25-34,Male,Organic,0
U04422,2025-06-17,India,Android,18-24,Female,Organic,0
U04423,2025-04-06,Japan,iOS,18-24,Male,Organic,1
U04424,2025-04-13,India,Android,18-24,Female,Ads,0
U04425,2025-05-05,Germany,Web,45-54,Female,Organic,0
U04426,2025-03-02,Brazil,Android,25-34,Female,Organic,0
U04427,2025-04-26,USA,Web,18-24,Female,Ads,0
U04428,2025-03-17,UK,Android,18-24,Female,Organic,0
U04429,2025-04-29,UK,Web,18-24,Female,Organic,0
U04430,2025-03-18,UK,iOS,55+,Female,Organic,0
U04431,2025-04-24,India,iOS,35-44,Female,Organic,0
U04432,2025-01-23,Brazil,Android,18-24,Male,Referral,0
U04433,2025-03-09,India,iOS,25-34,Male,Ads,1
U04434,2025-03-10,Canada,Android,35-44,Female,Organic,0
U04435,2025-06-14,India,iOS,25-34,Male,Organic,0
U04436,2025-03-30,Germany,iOS,18-24,Female,Organic,0
U04437,2025-04-30,USA,Android,25-34,Female,Organic,0
U04438,2025-02-03,USA,Android,55+,Female,Organic,0
U04439,2025-06-08,UK,Android,18-24,Female,Organic,0
U04440,2025-05-11,Brazil,iOS,35-44,Female,Ads,0
U04441,2025-05-18,USA,Android,35-44,Male,Organic,0
U04442,2025-06-05,Germany,Android,18-24,Male,Organic,0
U04443,2025-02-27,USA,iOS,35-44,Male,Referral,0
U04444,2025-06-28,USA,Android,18-24,Male,Organic,0
U04445,2025-04-30,Canada,Android,35-44,Male,Organic,0
U04446,2025-04-25,India,Android,18-24,Male,Organic,1
U04447,2025-01-17,USA,iOS,25-34,Male,Organic,0
U04448,2025-05-11,Germany,Web,18-24,Other,Organic,0
U04449,2025-01-27,Brazil,iOS,35-44,Female,Organic,1
U04450,2025-03-02,Canada,Android,35-44,Female,Organic,0
U04451,2025-01-23,Germany,Android,25-34,Female,Organic,0
U04452,2025-02-16,Germany,iOS,45-54,Female,Organic,0
U04453,2025-03-01,Australia,Android,55+,Female,Referral,0
U04454,2025-01-23,Brazil,Android,35-44,Female,Organic,0
U04455,2025-02-05,USA,iOS,25-34,Male,Referral,0
U04456,2025-03-14,USA,Android,18-24,Female,Organic,0
U04457,2025-05-15,USA,iOS,35-44,Female,Ads,0
U04458,2025-01-28,Australia,Android,18-24,Female,Organic,0
U04459,2025-04-10,USA,Android,18-24,Male,Organic,0
U04460,2025-03-17,Germany,iOS,25-34,Male,Referral,0
U04461,2025-03-23,UK,iOS,25-34,Female,Organic,0
U04462,2025-04-26,Canada,Android,18-24,Male,Ads,0
U04463,2025-01-27,Germany,iOS,25-34,Male,Organic,0
U04464,2025-04-22,USA,Android,18-24,Female,Referral,0
U04465,2025-03-16,India,Android,25-34,Male,Organic,0
U04466,2025-03-24,Australia,Android,35-44,Male,Organic,0
U04467,2025-02-06,Japan,iOS,35-44,Male,Referral,0
U04468,2025-04-05,Canada,Android,25-34,Female,Organic,0
U04469,2025-05-04,Australia,Android,18-24,Female,Organic,0
U04470,2025-04-15,Brazil,Android,18-24,Male,Organic,0
U04471,2025-05-15,USA,Android,35-44,Female,Organic,0
U04472,2025-06-28,USA,Android,25-34,Female,Ads,0
U04473,2025-05-06,Japan,Android,25-34,Male,Organic,0
U04474,2025-02-03,India,iOS,18-24,Male,Organic,0
U04475,2025-04-18,India,Android,25-34,Male,Referral,0
U04476,2025-02-02,India,Android,25-34,Male,Organic,0
U04477,2025-04-06,Germany,iOS,18-24,Male,Referral,1
U04478,2025-02-26,USA,iOS,25-34,Female,Organic,0
U04479,2025-01-28,USA,Android,55+,Male,Ads,0
U04480,2025-02-06,Germany,iOS,25-34,Male,Ads,1
U04481,2025-03-03,India,Android,18-24,Female,Ads,1
U04482,2025-06-13,USA,Android,18-24,Female,Organic,0
U04483,2025-03-29,USA,Android,35-44,Male,Organic,1
U04484,2025-05-01,India,Android,18-24,Other,Ads,0
U04485,2025-01-11,Canada,Android,18-24,Female,Organic,0
U04486,2025-06-18,Canada,Android,18-24,Male,Organic,0
U04487,2025-03-11,Germany,Android,25-34,Female,Organic,1
U04488,2025-01-02,USA,Android,18-24,Male,Referral,0
U04489,2025-04-05,India,Web,18-24,Male,Organic,0
U04490,2025-01-27,India,Web,25-34,Male,Organic,0
U04491,2025-02-07,USA,Android,25-34,Male,Organic,0
U04492,2025-06-08,Germany,iOS,18-24,Male,Organic,1
U04493,2025-03-16,Brazil,Android,25-34,Female,Organic,0
U04494,2025-04-20,Japan,Android,18-24,Male,Organic,1
U04495,2025-04-09,USA,iOS,45-54,Male,Referral,0
U04496,2025-05-07,USA,Android,25-34,Male,Organic,1
U04497,2025-04-07,USA,Android,25-34,Female,Ads,0
U04498,2025-03-21,UK,Android,25-34,Male,Organic,1
U04499,2025-05-13,India,Android,25-34,Female,Referral,0
U04500,2025-04-06,USA,Android,35-44,Male,Organic,0
U04501,2025-03-22,Canada,Android,35-44,Male,Organic,0
U04502,2025-05-18,India,Android,45-54,Female,Referral,0
U04503,2025-06-13,USA,Android,35-44,Female,Ads,0
U04504,2025-03-28,Germany,iOS,18-24,Female,Organic,1
U04505,2025-04-05,USA,iOS,35-44,Female,Organic,0
U04506,2025-02-02,Germany,iOS,35-44,Female,Ads,0
U04507,2025-01-17,India,iOS,25-34,Female,Ads,0
U04508,2025-04-20,Canada,iOS,18-24,Female,Organic,1
U04509,2025-01-06,USA,iOS,25-34,Male,Referral,0
U04510,2025-06-04,UK,Android,45-54,Male,Organic,0
U04511,2025-05-28,USA,iOS,25-34,Female,Organic,0
U04512,2025-02-12,USA,Android,18-24,Female,Ads,0
U04513,2025-02-26,Brazil,Android,18-24,Female,Organic,0
U04514,2025-01-07,USA,Android,35-44,Male,Referral,0
U04515,2025-02-23,India,iOS,18-24,Male,Referral,0
U04516,2025-02-13,Germany,Android,18-24,Male,Referral,0
U04517,2025-04-15,USA,iOS,25-34,Female,Organic,1
U04518,2025-02-26,Brazil,Android,18-24,Male,Ads,0
U04519,2025-02-02,USA,Android,25-34,Female,Organic,0
U04520,2025-06-01,USA,Android,35-44,Male,Organic,1
U04521,2025-03-30,UK,Android,25-34,Female,Organic,0
U04522,2025-04-20,USA,Android,25-34,Male,Organic,0
U04523,2025-05-25,USA,Android,25-34,Male,Organic,1
U04524,2025-05-31,India,Web,25-34,Female,Referral,0
U04525,2025-05-29,UK,Android,25-34,Male,Organic,1
U04526,2025-04-07,USA,iOS,25-34,Male,Referral,0
U04527,2025-04-17,India,Android,35-44,Male,Referral,0
U04528,2025-04-10,USA,Android,25-34,Male,Organic,0
U04529,2025-01-22,Japan,Android,25-34,Male,Referral,0
U04530,2025-04-22,Canada,iOS,45-54,Other,Organic,1
U04531,2025-01-23,Brazil,Android,18-24,Female,Ads,0
U04532,2025-02-22,Canada,Android,18-24,Male,Ads,0
U04533,2025-05-31,Canada,Android,35-44,Male,Referral,0
U04534,2025-04-16,Japan,Android,35-44,Female,Ads,0
U04535,2025-06-09,Brazil,iOS,35-44,Male,Ads,0
U04536,2025-03-13,USA,iOS,55+,Male,Organic,1
U04537,2025-04-16,Australia,Android,45-54,Male,Referral,0
U04538,2025-06-09,Canada,Android,25-34,Female,Organic,0
U04539,2025-05-27,Australia,iOS,18-24,Female,Organic,0
U04540,2025-01-09,Canada,iOS,55+,Male,Ads,0
U04541,2025-05-28,UK,Android,25-34,Male,Ads,0
U04542,2025-05-20,Japan,Android,18-24,Male,Ads,0
U04543,2025-03-27,India,iOS,25-34,Male,Organic,1
U04544,2025-04-17,Brazil,iOS,25-34,Male,Referral,1
U04545,2025-02-12,USA,Android,35-44,Female,Ads,0
U04546,2025-03-24,India,Android,18-24,Male,Organic,0
U04547,2025-01-20,India,Android,18-24,Female,Ads,0
U04548,2025-05-23,USA,iOS,25-34,Male,Ads,0
U04549,2025-06-11,Germany,Android,25-34,Male,Referral,0
U04550,2025-05-07,USA,Android,25-34,Female,Organic,1
U04551,2025-05-26,Brazil,Android,18-24,Male,Organic,0
U04552,2025-02-18,Germany,iOS,35-44,Male,Organic,1
U04553,2025-02-27,USA,Android,18-24,Male,Organic,0
U04554,2025-06-19,UK,Android,18-24,Male,Organic,1
U04555,2025-01-07,Australia,Android,35-44,Male,Referral,0
U04556,2025-03-29,India,Android,18-24,Female,Referral,0
U04557,2025-02-21,Germany,iOS,25-34,Male,Referral,1
U04558,2025-03-09,USA,Android,18-24,Female,Referral,0
U04559,2025-06-17,UK,iOS,25-34,Female,Organic,0
U04560,2025-06-08,India,iOS,18-24,Male,Referral,0
U04561,2025-01-17,Brazil,Android,18-24,Male,Ads,0
U04562,2025-03-27,USA,Android,18-24,Female,Referral,0
U04563,2025-06-18,USA,Android,18-24,Male,Ads,0
U04564,2025-01-23,India,Android,45-54,Female,Organic,0
U04565,2025-05-31,India,Android,18-24,Male,Organic,1
U04566,2025-06-07,Canada,Android,18-24,Male,Ads,0
U04567,2025-02-16,Brazil,iOS,25-34,Male,Organic,0
U04568,2025-02-10,UK,Android,18-24,Female,Organic,0
U04569,2025-06-07,USA,Android,18-24,Female,Ads,0
U04570,2025-05-24,UK,Android,55+,Female,Ads,0
U04571,2025-04-25,Australia,Android,25-34,Female,Referral,1
U04572,2025-05-14,Germany,Android,18-24,Male,Ads,0
U04573,2025-03-10,India,Android,18-24,Male,Ads,0
U04574,2025-06-17,UK,iOS,35-44,Female,Ads,0
U04575,2025-05-19,India,Android,25-34,Male,Organic,1
U04576,2025-04-29,USA,iOS,18-24,Male,Organic,0
U04577,2025-05-03,India,iOS,55+,Male,Organic,1
U04578,2025-03-25,India,Android,25-34,Male,Ads,0
U04579,2025-02-02,UK,Android,25-34,Female,Ads,0
U04580,2025-04-30,Germany,Android,45-54,Female,Referral,0
U04581,2025-01-28,India,Android,25-34,Male,Ads,0
U04582,2025-06-02,USA,Android,35-44,Other,Referral,0
U04583,2025-02-10,USA,Android,18-24,Male,Referral,0
U04584,2025-06-07,India,Android,25-34,Female,Ads,0
U04585,2025-02-10,USA,iOS,25-34,Male,Referral,1
U04586,2025-06-06,Brazil,iOS,25-34,Male,Organic,0
U04587,2025-01-12,USA,Android,55+,Female,Organic,1
U04588,2025-04-21,Brazil,iOS,25-34,Male,Organic,0
U04589,2025-03-10,Australia,Web,35-44,Male,Organic,0
U04590,2025-04-14,India,Android,25-34,Female,Organic,1
U04591,2025-02-24,India,iOS,18-24,Female,Organic,0
U04592,2025-04-26,India,iOS,25-34,Male,Organic,0
U04593,2025-04-15,India,Android,35-44,Male,Referral,0
U04594,2025-02-02,USA,Android,18-24,Female,Organic,1
U04595,2025-03-04,India,Android,35-44,Male,Organic,0
U04596,2025-05-17,USA,Android,18-24,Female,Organic,1
U04597,2025-02-26,Brazil,iOS,35-44,Female,Ads,0
U04598,2025-02-26,India,iOS,25-34,Other,Ads,1
U04599,2025-04-22,Japan,Android,25-34,Female,Ads,0
U04600,2025-02-21,India,iOS,25-34,Male,Organic,0
U04601,2025-06-16,India,Android,45-54,Male,Organic,0
U04602,2025-04-10,Brazil,Android,25-34,Male,Organic,1
U04603,2025-06-24,Canada,Android,35-44,Female,Organic,0
U04604,2025-05-12,USA,Android,18-24,Female,Ads,0
U04605,2025-06-08,USA,Android,18-24,Male,Organic,1
U04606,2025-01-19,UK,iOS,25-34,Female,Organic,0
U04607,2025-01-27,Germany,Android,45-54,Female,Organic,0
U04608,2025-05-26,UK,Android,35-44,Female,Organic,0
U04609,2025-06-02,Canada,Web,25-34,Female,Organic,0
U04610,2025-03-21,Australia,Web,45-54,Male,Referral,0
U04611,2025-06-28,India,iOS,18-24,Male,Ads,1
U04612,2025-01-12,Brazil,iOS,35-44,Male,Ads,0
U04613,2025-02-23,India,iOS,25-34,Male,Organic,1
U04614,2025-06-18,India,Android,18-24,Male,Organic,0
U04615,2025-05-08,Germany,Android,35-44,Male,Ads,0
U04616,2025-01-25,Germany,Android,35-44,Female,Organic,0
U04617,2025-05-17,USA,Web,18-24,Female,Organic,0
U04618,2025-06-18,USA,iOS,25-34,Male,Organic,0
U04619,2025-01-26,Canada,Android,25-34,Female,Referral,1
U04620,2025-02-18,UK,iOS,55+,Female,Organic,0
U04621,2025-01-29,Australia,Android,55+,Male,Organic,0
U04622,2025-05-19,UK,Android,25-34,Female,Referral,0
U04623,2025-03-04,Japan,Android,45-54,Male,Ads,0
U04624,2025-06-10,UK,Web,18-24,Female,Organic,0
U04625,2025-02-18,Canada,Android,18-24,Female,Organic,0
U04626,2025-05-28,Australia,Android,25-34,Female,Organic,0
U04627,2025-06-13,USA,iOS,45-54,Male,Referral,0
U04628,2025-05-12,Australia,iOS,25-34,Female,Organic,0
U04629,2025-03-18,Germany,Android,18-24,Female,Organic,0
U04630,2025-04-06,USA,iOS,45-54,Male,Ads,0
U04631,2025-01-28,Brazil,iOS,45-54,Male,Organic,0
U04632,2025-04-23,Brazil,iOS,25-34,Female,Organic,0
U04633,2025-05-03,USA,Android,25-34,Male,Organic,0
U04634,2025-02-22,Brazil,Android,18-24,Male,Organic,0
U04635,2025-05-02,Japan,iOS,45-54,Female,Organic,0
U04636,2025-03-22,India,iOS,35-44,Female,Organic,1
U04637,2025-03-14,Japan,Android,25-34,Female,Ads,1
U04638,2025-03-29,UK,iOS,18-24,Male,Ads,0
U04639,2025-01-15,Japan,Android,25-34,Female,Ads,0
U04640,2025-05-04,Canada,iOS,18-24,Female,Organic,0
U04641,2025-06-04,Australia,Android,18-24,Female,Ads,0
U04642,2025-06-20,India,Android,18-24,Female,Organic,0
U04643,2025-05-30,India,iOS,35-44,Male,Organic,0
U04644,2025-01-19,Germany,Web,35-44,Male,Referral,0
U04645,2025-03-20,Japan,iOS,18-24,Female,Organic,0
U04646,2025-04-11,USA,iOS,25-34,Male,Ads,0
U04647,2025-05-26,USA,Android,18-24,Female,Organic,0
U04648,2025-02-24,Australia,Android,18-24,Female,Organic,0
U04649,2025-05-15,India,Web,18-24,Female,Ads,0
U04650,2025-06-20,Australia,Web,45-54,Female,Organic,0
U04651,2025-03-13,India,Android,35-44,Male,Organic,0
U04652,2025-03-30,USA,Android,18-24,Male,Organic,0
U04653,2025-04-05,India,Android,35-44,Male,Organic,0
U04654,2025-03-05,India,Android,35-44,Other,Organic,0
U04655,2025-04-24,USA,Android,25-34,Male,Organic,0
U04656,2025-01-01,Brazil,iOS,25-34,Female,Ads,1
U04657,2025-06-18,USA,Android,18-24,Female,Organic,0
U04658,2025-05-31,India,iOS,35-44,Female,Organic,0
U04659,2025-06-14,India,iOS,18-24,Male,Referral,0
U04660,2025-05-23,UK,iOS,25-34,Male,Organic,0
U04661,2025-01-19,USA,Android,18-24,Male,Ads,0
U04662,2025-05-22,India,Android,25-34,Female,Organic,0
U04663,2025-03-31,India,Android,35-44,Male,Ads,0
U04664,2025-05-04,USA,Android,55+,Female,Ads,0
U04665,2025-05-09,Germany,Android,25-34,Female,Ads,0
U04666,2025-05-16,India,iOS,35-44,Male,Referral,0
U04667,2025-03-11,Canada,Android,35-44,Male,Organic,0
U04668,2025-06-15,India,Android,18-24,Female,Organic,0
U04669,2025-01-13,Brazil,Android,35-44,Female,Ads,0
U04670,2025-06-04,USA,Android,18-24,Male,Organic,0
U04671,2025-04-14,India,Android,18-24,Male,Organic,0
U04672,2025-03-19,UK,iOS,35-44,Female,Ads,0
U04673,2025-02-12,Australia,Android,45-54,Female,Ads,1
U04674,2025-03-25,Brazil,Android,25-34,Male,Referral,1
U04675,2025-06-10,USA,Android,45-54,Female,Ads,0
U04676,2025-02-11,USA,Android,18-24,Male,Organic,0
U04677,2025-04-07,Canada,iOS,35-44,Female,Referral,1
U04678,2025-02-22,USA,Android,35-44,Female,Ads,1
U04679,2025-03-04,USA,Web,25-34,Female,Organic,0
U04680,2025-06-10,India,Android,25-34,Male,Ads,0
U04681,2025-02-25,India,iOS,25-34,Female,Organic,0
U04682,2025-03-07,Germany,Android,18-24,Female,Referral,0
U04683,2025-04-17,USA,Android,25-34,Male,Organic,0
U04684,2025-04-23,Brazil,Android,25-34,Female,Ads,0
U04685,2025-01-26,India,Android,35-44,Male,Organic,1
U04686,2025-04-20,UK,Android,25-34,Female,Organic,0
U04687,2025-06-15,Canada,iOS,18-24,Female,Organic,0
U04688,2025-04-05,Australia,iOS,35-44,Male,Organic,1
U04689,2025-06-03,USA,Android,25-34,Female,Organic,0
U04690,2025-03-08,Australia,Android,18-24,Male,Ads,0
U04691,2025-06-23,India,Android,25-34,Female,Ads,0
U04692,2025-05-13,USA,Android,18-24,Male,Organic,0
U04693,2025-05-29,USA,Android,25-34,Other,Ads,0
U04694,2025-01-10,Germany,iOS,18-24,Female,Referral,0
U04695,2025-01-09,USA,Android,25-34,Female,Organic,1
U04696,2025-01-20,Canada,iOS,25-34,Female,Organic,0
U04697,2025-05-02,India,iOS,35-44,Male,Ads,1
U04698,2025-06-02,USA,Android,25-34,Male,Organic,0
U04699,2025-06-12,UK,iOS,18-24,Male,Organic,0
U04700,2025-03-31,USA,iOS,25-34,Male,Ads,1
U04701,2025-01-04,USA,Android,25-34,Female,Organic,1
U04702,2025-01-25,India,Android,25-34,Female,Referral,0
U04703,2025-06-16,UK,Android,18-24,Other,Organic,0
U04704,2025-01-31,India,iOS,35-44,Male,Ads,0
U04705,2025-03-27,UK,iOS,18-24,Male,Organic,0
U04706,2025-03-30,Brazil,Web,35-44,Male,Ads,0
U04707,2025-01-01,India,iOS,25-34,Female,Ads,0
U04708,2025-03-25,USA,Android,18-24,Female,Organic,0
U04709,2025-02-09,Brazil,iOS,45-54,Male,Referral,0
U04710,2025-05-14,India,iOS,25-34,Male,Organic,0
U04711,2025-06-26,Australia,iOS,35-44,Female,Organic,0
U04712,2025-01-26,Australia,iOS,35-44,Male,Organic,0
U04713,2025-06-21,Australia,iOS,25-34,Female,Organic,0
U04714,2025-05-07,USA,iOS,25-34,Male,Organic,0
U04715,2025-02-28,Canada,Android,35-44,Male,Organic,0
U04716,2025-01-31,USA,Android,18-24,Male,Organic,0
U04717,2025-06-19,India,Android,25-34,Male,Organic,0
U04718,2025-06-20,Canada,Android,18-24,Female,Organic,0
U04719,2025-02-23,India,iOS,18-24,Female,Organic,0
U04720,2025-01-19,Canada,Android,55+,Male,Organic,0
U04721,2025-05-08,USA,iOS,25-34,Female,Organic,0
U04722,2025-03-11,India,iOS,35-44,Female,Referral,1
U04723,2025-02-18,Australia,iOS,18-24,Female,Organic,0
U04724,2025-01-17,Japan,Android,45-54,Male,Referral,0
U04725,2025-03-14,Germany,iOS,25-34,Female,Organic,0
U04726,2025-05-10,Brazil,iOS,18-24,Male,Ads,0
U04727,2025-06-25,Japan,Android,35-44,Male,Organic,1
U04728,2025-05-07,USA,Android,25-34,Male,Ads,0
U04729,2025-02-02,UK,Web,45-54,Male,Organic,0
U04730,2025-01-11,India,Android,35-44,Male,Organic,0
U04731,2025-03-18,USA,Android,45-54,Male,Referral,0
U04732,2025-05-02,UK,Android,25-34,Male,Organic,0
U04733,2025-03-01,India,Android,25-34,Male,Organic,0
U04734,2025-05-21,USA,iOS,55+,Female,Organic,0
U04735,2025-05-16,USA,Web,45-54,Female,Referral,0
U04736,2025-05-27,UK,Android,55+,Other,Organic,0
U04737,2025-02-15,Brazil,Android,18-24,Male,Organic,0
U04738,2025-03-25,USA,Android,25-34,Male,Ads,0
U04739,2025-05-08,USA,iOS,55+,Male,Ads,1
U04740,2025-01-18,USA,iOS,45-54,Male,Referral,0
U04741,2025-05-17,UK,Android,18-24,Male,Organic,0
U04742,2025-01-19,India,Android,18-24,Female,Organic,0
U04743,2025-01-01,USA,Android,35-44,Female,Referral,0
U04744,2025-02-11,Brazil,Android,25-34,Female,Organic,0
U04745,2025-04-03,Brazil,Android,45-54,Female,Organic,0
U04746,2025-01-16,USA,iOS,25-34,Female,Organic,0
U04747,2025-01-26,Australia,Android,25-34,Male,Ads,0
U04748,2025-04-26,UK,Android,25-34,Male,Organic,0
U04749,2025-02-13,Germany,Android,45-54,Male,Referral,0
U04750,2025-04-11,USA,Android,45-54,Female,Organic,0
U04751,2025-05-13,India,Android,45-54,Female,Ads,0
U04752,2025-03-28,Brazil,iOS,35-44,Male,Organic,0
U04753,2025-01-02,UK,Android,18-24,Female,Organic,1
U04754,2025-01-02,USA,Android,35-44,Female,Organic,0
U04755,2025-05-16,India,iOS,35-44,Male,Ads,0
U04756,2025-03-08,USA,Android,25-34,Male,Organic,0
U04757,2025-06-08,Brazil,iOS,25-34,Male,Referral,0
U04758,2025-01-24,Germany,Android,18-24,Male,Organic,1
U04759,2025-06-17,USA,Android,55+,Male,Organic,0
U04760,2025-03-24,India,Android,35-44,Male,Ads,0
U04761,2025-05-15,USA,iOS,18-24,Female,Ads,0
U04762,2025-01-26,Australia,Android,18-24,Male,Organic,0
U04763,2025-04-03,Brazil,iOS,25-34,Female,Ads,1
U04764,2025-01-14,India,Android,25-34,Female,Organic,0
U04765,2025-02-14,Germany,Android,25-34,Female,Organic,0
U04766,2025-03-16,Brazil,Android,45-54,Male,Organic,0
U04767,2025-01-18,Australia,Web,18-24,Male,Referral,0
U04768,2025-05-22,Australia,iOS,18-24,Female,Organic,0
U04769,2025-06-06,India,Android,18-24,Male,Referral,0
U04770,2025-01-20,Japan,Android,25-34,Female,Referral,0
U04771,2025-01-21,UK,Android,25-34,Female,Referral,0
U04772,2025-03-02,USA,Web,18-24,Female,Referral,0
U04773,2025-03-13,India,iOS,18-24,Female,Ads,1
U04774,2025-06-21,UK,Android,25-34,Male,Organic,0
U04775,2025-02-28,USA,iOS,25-34,Male,Ads,0
U04776,2025-01-27,India,iOS,35-44,Male,Organic,0
U04777,2025-03-16,India,Android,25-34,Male,Organic,1
U04778,2025-05-31,Australia,Android,55+,Female,Organic,1
U04779,2025-06-07,Australia,Android,18-24,Female,Organic,0
U04780,2025-05-27,India,Android,18-24,Female,Organic,0
U04781,2025-06-19,USA,iOS,45-54,Male,Organic,0
U04782,2025-01-26,Germany,Android,25-34,Male,Ads,0
U04783,2025-05-05,USA,iOS,18-24,Male,Organic,0
U04784,2025-05-12,UK,Android,35-44,Female,Referral,0
U04785,2025-01-28,India,Android,25-34,Male,Organic,0
U04786,2025-01-14,India,iOS,35-44,Male,Organic,0
U04787,2025-04-14,India,Android,25-34,Female,Ads,0
U04788,2025-04-20,Canada,iOS,45-54,Female,Organic,0
U04789,2025-01-02,Brazil,Android,45-54,Female,Referral,0
U04790,2025-04-29,UK,Android,35-44,Male,Ads,1
U04791,2025-05-07,USA,iOS,18-24,Male,Referral,0
U04792,2025-02-01,Australia,Android,18-24,Male,Ads,0
U04793,2025-03-27,India,Android,25-34,Male,Organic,0
U04794,2025-03-10,Germany,Android,55+,Male,Ads,0
U04795,2025-05-21,USA,iOS,18-24,Male,Referral,0
U04796,2025-02-11,USA,iOS,18-24,Male,Ads,0
U04797,2025-05-02,UK,iOS,18-24,Male,Organic,0
U04798,2025-05-26,Germany,iOS,25-34,Female,Organic,0
U04799,2025-01-30,India,Android,35-44,Male,Ads,0
U04800,2025-06-28,USA,Android,45-54,Male,Organic,0
U04801,2025-03-21,USA,Android,25-34,Female,Ads,0
U04802,2025-04-30,India,Web,55+,Male,Organic,0
U04803,2025-05-14,USA,Android,35-44,Female,Ads,0
U04804,2025-03-27,India,Android,18-24,Male,Ads,1
U04805,2025-06-16,USA,Android,18-24,Male,Ads,0
U04806,2025-02-12,USA,Android,18-24,Female,Organic,1
U04807,2025-01-17,UK,Web,18-24,Female,Organic,1
U04808,2025-06-24,India,Android,35-44,Male,Organic,0
U04809,2025-01-20,UK,iOS,18-24,Male,Ads,0
U04810,2025-01-28,India,Android,35-44,Male,Organic,0
U04811,2025-05-27,Australia,iOS,25-34,Male,Referral,0
U04812,2025-01-24,Australia,iOS,18-24,Male,Organic,0
U04813,2025-04-25,UK,iOS,18-24,Male,Organic,0
U04814,2025-05-22,USA,Android,45-54,Male,Ads,0
U04815,2025-03-16,USA,iOS,18-24,Female,Organic,0
U04816,2025-03-10,USA,Android,18-24,Female,Ads,0
U04817,2025-03-25,Germany,Android,18-24,Female,Organic,0
U04818,2025-03-03,India,Android,35-44,Female,Organic,0
U04819,2025-06-03,Germany,iOS,55+,Female,Organic,0
U04820,2025-01-28,Brazil,iOS,35-44,Male,Referral,0
U04821,2025-02-18,Japan,Web,55+,Female,Organic,0
U04822,2025-02-23,Germany,Android,25-34,Male,Organic,0
U04823,2025-05-06,USA,iOS,45-54,Female,Organic,0
U04824,2025-01-17,Brazil,Android,35-44,Male,Organic,1
U04825,2025-02-18,USA,iOS,25-34,Male,Organic,0
U04826,2025-04-18,Brazil,Android,18-24,Male,Organic,0
U04827,2025-04-27,USA,Android,35-44,Male,Organic,0
U04828,2025-04-27,USA,iOS,35-44,Female,Ads,0
U04829,2025-05-21,USA,Android,35-44,Female,Organic,1
U04830,2025-04-28,Brazil,Android,25-34,Female,Ads,0
U04831,2025-02-25,India,Android,18-24,Female,Organic,0
U04832,2025-06-01,Brazil,Web,35-44,Female,Referral,0
U04833,2025-05-15,USA,iOS,25-34,Female,Referral,0
U04834,2025-01-06,India,Android,25-34,Female,Organic,0
U04835,2025-06-14,USA,Android,18-24,Male,Organic,0
U04836,2025-06-14,India,iOS,25-34,Female,Referral,0
U04837,2025-05-08,India,Android,18-24,Male,Organic,0
U04838,2025-06-20,India,Android,25-34,Male,Organic,0
U04839,2025-02-28,India,Android,18-24,Female,Organic,1
U04840,2025-02-09,India,Android,35-44,Female,Ads,0
U04841,2025-04-11,USA,Android,18-24,Male,Referral,0
U04842,2025-04-28,Brazil,Android,25-34,Male,Ads,1
U04843,2025-04-09,India,Android,25-34,Male,Organic,0
U04844,2025-02-06,Australia,Android,18-24,Female,Organic,0
U04845,2025-05-26,Germany,iOS,18-24,Male,Referral,0
U04846,2025-03-18,USA,iOS,35-44,Female,Organic,0
U04847,2025-02-27,Germany,Android,25-34,Male,Organic,0
U04848,2025-05-06,Brazil,Android,55+,Female,Organic,0
U04849,2025-01-11,USA,Android,25-34,Female,Organic,0
U04850,2025-06-02,USA,Android,45-54,Female,Organic,0
U04851,2025-06-24,USA,iOS,18-24,Male,Ads,1
U04852,2025-06-04,Canada,iOS,25-34,Male,Ads,0
U04853,2025-02-16,USA,iOS,25-34,Male,Referral,0
U04854,2025-04-07,Canada,Android,25-34,Female,Organic,0
U04855,2025-03-16,Germany,Android,18-24,Female,Organic,0
U04856,2025-01-22,Brazil,Web,35-44,Male,Ads,0
U04857,2025-02-16,India,Android,35-44,Female,Referral,1
U04858,2025-04-08,Germany,Android,25-34,Male,Ads,0
U04859,2025-05-04,India,Android,18-24,Female,Ads,0
U04860,2025-04-26,UK,Android,25-34,Male,Organic,1
U04861,2025-01-14,USA,Android,45-54,Female,Referral,0
U04862,2025-04-13,USA,Web,18-24,Male,Organic,0
U04863,2025-06-22,UK,Android,18-24,Male,Organic,0
U04864,2025-01-03,USA,Android,18-24,Male,Ads,0
U04865,2025-03-12,Australia,iOS,35-44,Male,Organic,1
U04866,2025-03-03,Canada,iOS,18-24,Female,Organic,0
U04867,2025-01-26,India,Web,35-44,Male,Referral,0
U04868,2025-03-17,Germany,iOS,18-24,Male,Ads,0
U04869,2025-06-17,USA,iOS,25-34,Female,Organic,0
U04870,2025-06-12,Germany,iOS,45-54,Female,Organic,0
U04871,2025-04-21,USA,Android,25-34,Male,Organic,0
U04872,2025-03-23,Japan,Android,18-24,Female,Organic,0
U04873,2025-03-12,USA,Android,35-44,Male,Organic,0
U04874,2025-04-17,USA,iOS,55+,Female,Referral,0
U04875,2025-05-13,Japan,iOS,25-34,Female,Organic,0
U04876,2025-02-03,USA,iOS,18-24,Other,Organic,0
U04877,2025-05-29,India,Android,35-44,Male,Organic,0
U04878,2025-04-02,Canada,Android,25-34,Male,Organic,0
U04879,2025-05-30,India,iOS,18-24,Female,Ads,0
U04880,2025-01-15,Canada,iOS,18-24,Female,Organic,0
U04881,2025-01-04,UK,Web,25-34,Female,Ads,0
U04882,2025-04-25,USA,Android,45-54,Female,Organic,0
U04883,2025-01-14,Brazil,Android,35-44,Female,Organic,1
U04884,2025-01-03,Japan,iOS,25-34,Female,Organic,0
U04885,2025-02-20,UK,Android,18-24,Female,Organic,0
U04886,2025-02-11,USA,Web,35-44,Female,Organic,1
U04887,2025-01-08,India,iOS,35-44,Male,Organic,0
U04888,2025-06-29,Germany,Android,55+,Male,Ads,0
U04889,2025-01-12,Germany,Android,18-24,Male,Organic,1
U04890,2025-06-03,UK,iOS,25-34,Female,Ads,0
U04891,2025-03-19,Brazil,Android,18-24,Female,Ads,0
U04892,2025-04-09,Canada,iOS,25-34,Male,Organic,0
U04893,2025-02-25,UK,Android,35-44,Female,Referral,0
U04894,2025-05-03,USA,Android,18-24,Male,Organic,0
U04895,2025-05-19,Germany,Android,25-34,Male,Organic,0
U04896,2025-04-08,USA,Android,18-24,Male,Referral,0
U04897,2025-05-29,India,Android,45-54,Female,Organic,0
U04898,2025-03-22,USA,Android,18-24,Female,Organic,0
U04899,2025-03-24,USA,Android,45-54,Male,Referral,0
U04900,2025-05-17,USA,iOS,55+,Male,Organic,0
U04901,2025-03-20,Australia,Web,25-34,Female,Organic,0
U04902,2025-01-17,Australia,Android,18-24,Female,Organic,1
U04903,2025-05-05,India,iOS,25-34,Male,Ads,0
U04904,2025-04-15,Australia,Android,55+,Male,Ads,0
U04905,2025-04-15,Brazil,Android,45-54,Male,Referral,0
U04906,2025-04-30,India,Android,55+,Male,Organic,0
U04907,2025-01-30,India,iOS,35-44,Male,Organic,0
U04908,2025-02-23,Brazil,Android,35-44,Male,Ads,0
U04909,2025-01-17,USA,iOS,35-44,Female,Ads,0
U04910,2025-03-02,USA,Android,25-34,Male,Organic,0
U04911,2025-01-16,USA,iOS,18-24,Male,Organic,0
U04912,2025-04-10,UK,iOS,25-34,Female,Organic,0
U04913,2025-06-28,India,iOS,18-24,Male,Organic,0
U04914,2025-02-09,Brazil,Android,18-24,Male,Organic,0
U04915,2025-06-06,UK,iOS,35-44,Male,Referral,0
U04916,2025-01-31,India,Android,55+,Female,Organic,0
U04917,2025-04-15,India,Android,45-54,Male,Organic,0
U04918,2025-03-05,Canada,Android,25-34,Male,Organic,0
U04919,2025-03-17,Australia,iOS,25-34,Female,Referral,0
U04920,2025-04-24,Canada,Android,18-24,Female,Organic,0
U04921,2025-05-04,USA,iOS,18-24,Female,Ads,0
U04922,2025-05-29,Brazil,iOS,25-34,Male,Organic,0
U04923,2025-06-12,USA,Android,25-34,Male,Organic,0
U04924,2025-05-07,Japan,iOS,35-44,Female,Ads,1
U04925,2025-05-13,USA,Android,45-54,Female,Organic,0
U04926,2025-05-05,Australia,Android,25-34,Other,Organic,0
U04927,2025-01-13,Brazil,iOS,25-34,Female,Organic,0
U04928,2025-03-02,India,iOS,45-54,Male,Organic,0
U04929,2025-05-16,USA,Android,18-24,Male,Organic,0
U04930,2025-03-26,USA,iOS,18-24,Female,Referral,0
U04931,2025-05-22,UK,iOS,45-54,Male,Organic,0
U04932,2025-06-14,India,iOS,25-34,Male,Ads,0
U04933,2025-02-16,USA,Android,25-34,Male,Organic,0
U04934,2025-01-12,USA,Android,35-44,Male,Organic,0
U04935,2025-02-17,USA,iOS,18-24,Female,Ads,0
U04936,2025-01-17,Australia,iOS,18-24,Female,Organic,0
U04937,2025-06-29,USA,Android,55+,Male,Organic,0
U04938,2025-03-26,Canada,Android,18-24,Female,Organic,0
U04939,2025-01-23,Australia,iOS,18-24,Female,Organic,0
U04940,2025-03-30,Brazil,Android,35-44,Female,Ads,0
U04941,2025-04-29,India,Android,25-34,Female,Organic,0
U04942,2025-04-29,Germany,iOS,25-34,Male,Organic,1
U04943,2025-01-11,India,iOS,35-44,Female,Organic,0
U04944,2025-03-02,USA,Android,35-44,Female,Ads,0
U04945,2025-05-10,Japan,iOS,18-24,Female,Organic,0
U04946,2025-05-25,USA,Android,25-34,Male,Ads,0
U04947,2025-05-08,Australia,Android,45-54,Male,Organic,0
U04948,2025-05-24,Brazil,Android,18-24,Female,Referral,0
U04949,2025-02-04,India,Android,45-54,Female,Organic,0
U04950,2025-01-24,USA,Android,18-24,Female,Organic,0
U04951,2025-01-03,Canada,Android,35-44,Male,Organic,0
U04952,2025-05-18,Canada,Android,35-44,Male,Ads,0
U04953,2025-01-27,USA,iOS,18-24,Female,Organic,0
U04954,2025-05-17,Canada,Android,18-24,Female,Ads,0
U04955,2025-01-03,Germany,Android,18-24,Female,Organic,0
U04956,2025-02-01,India,iOS,25-34,Male,Organic,0
U04957,2025-04-07,USA,Android,25-34,Male,Ads,0
U04958,2025-03-09,UK,iOS,25-34,Male,Organic,0
U04959,2025-04-12,Japan,Android,25-34,Female,Ads,0
U04960,2025-04-11,Canada,Android,25-34,Female,Organic,0
U04961,2025-06-02,UK,Android,35-44,Male,Organic,0
U04962,2025-06-09,USA,Android,25-34,Female,Ads,1
U04963,2025-05-20,Germany,Android,18-24,Male,Referral,0
U04964,2025-02-20,India,iOS,18-24,Female,Organic,0
U04965,2025-02-02,USA,Android,18-24,Male,Organic,0
U04966,2025-03-14,USA,Android,18-24,Female,Ads,1
U04967,2025-01-25,USA,Android,25-34,Male,Organic,0
U04968,2025-05-26,India,iOS,18-24,Female,Ads,0
U04969,2025-06-01,Canada,iOS,25-34,Female,Organic,0
U04970,2025-06-19,UK,Android,18-24,Male,Organic,0
U04971,2025-02-22,Canada,Android,18-24,Female,Referral,0
U04972,2025-05-23,Australia,iOS,45-54,Male,Organic,0
U04973,2025-06-22,USA,Android,18-24,Female,Organic,1
U04974,2025-01-23,Australia,Android,25-34,Female,Organic,0
U04975,2025-05-30,Brazil,iOS,18-24,Male,Referral,0
U04976,2025-06-24,Brazil,Android,45-54,Female,Organic,0
U04977,2025-01-06,USA,Android,25-34,Male,Organic,0
U04978,2025-03-07,Brazil,Web,45-54,Female,Ads,0
U04979,2025-06-06,UK,iOS,55+,Female,Ads,0
U04980,2025-03-25,India,Android,18-24,Male,Organic,1
U04981,2025-02-22,UK,Android,45-54,Female,Organic,0
U04982,2025-04-12,UK,Android,35-44,Female,Referral,0
U04983,2025-01-13,USA,Android,45-54,Female,Organic,0
U04984,2025-02-21,USA,Android,18-24,Male,Organic,0
U04985,2025-05-19,UK,Android,35-44,Female,Referral,0
U04986,2025-04-22,Germany,iOS,35-44,Female,Organic,0
U04987,2025-05-02,Canada,Web,25-34,Male,Organic,1
U04988,2025-01-15,USA,Android,25-34,Female,Organic,0
U04989,2025-04-07,USA,iOS,25-34,Male,Organic,0
U04990,2025-03-30,India,Android,25-34,Male,Ads,0
U04991,2025-04-10,USA,iOS,25-34,Male,Organic,0
U04992,2025-03-11,USA,iOS,18-24,Male,Organic,0
U04993,2025-01-11,Australia,iOS,45-54,Male,Ads,0
U04994,2025-04-08,India,Android,25-34,Female,Ads,0
U04995,2025-06-16,Brazil,Android,35-44,Male,Organic,0
U04996,2025-04-21,USA,Android,25-34,Male,Ads,0
U04997,2025-02-02,Brazil,iOS,45-54,Male,Ads,0
U04998,2025-03-13,UK,Android,25-34,Male,Organic,0
U04999,2025-01-31,India,Android,25-34,Female,Organic,1
U05000,2025-02-19,Japan,Android,25-34,Male,Ads,0
U05001,2025-05-31,India,iOS,18-24,Female,Ads,1
U05002,2025-01-20,Germany,Web,18-24,Female,Organic,0
U05003,2025-06-23,Canada,Android,35-44,Male,Organic,0
U05004,2025-04-22,Brazil,iOS,25-34,Female,Ads,0
U05005,2025-05-11,UK,Android,25-34,Male,Organic,0
U05006,2025-05-21,UK,Android,18-24,Male,Referral,0
U05007,2025-01-23,USA,iOS,18-24,Male,Organic,0
U05008,2025-02-14,USA,iOS,25-34,Male,Organic,0
U05009,2025-05-24,Canada,iOS,25-34,Female,Organic,1
U05010,2025-04-09,Japan,Android,35-44,Male,Organic,0
U05011,2025-01-01,USA,Android,18-24,Female,Organic,0
U05012,2025-01-09,India,Android,55+,Female,Organic,1
U05013,2025-06-16,USA,iOS,35-44,Male,Organic,1
U05014,2025-06-17,Brazil,Android,18-24,Female,Ads,0
U05015,2025-01-03,USA,iOS,35-44,Male,Organic,0
U05016,2025-02-17,Brazil,Android,18-24,Female,Ads,0
U05017,2025-01-09,Germany,Android,45-54,Female,Organic,0
U05018,2025-04-02,India,iOS,18-24,Male,Referral,1
U05019,2025-03-12,USA,Android,45-54,Female,Referral,0
U05020,2025-03-16,Canada,iOS,55+,Female,Organic,0
U05021,2025-06-28,India,Web,18-24,Male,Ads,0
U05022,2025-01-30,India,Android,18-24,Female,Organic,0
U05023,2025-02-04,Brazil,Android,18-24,Male,Ads,0
U05024,2025-06-16,Japan,Android,35-44,Other,Ads,1
U05025,2025-01-07,India,iOS,18-24,Male,Organic,1
U05026,2025-04-18,India,Android,25-34,Male,Organic,1
U05027,2025-06-05,USA,Android,18-24,Female,Organic,0
U05028,2025-06-27,USA,Web,25-34,Male,Organic,0
U05029,2025-05-19,USA,Android,25-34,Female,Organic,0
U05030,2025-05-24,Canada,Android,35-44,Male,Organic,0
U05031,2025-05-08,UK,iOS,35-44,Male,Organic,0
U05032,2025-03-23,India,iOS,18-24,Male,Ads,1
U05033,2025-02-13,Germany,iOS,45-54,Male,Referral,0
U05034,2025-03-04,UK,Android,35-44,Male,Referral,0
U05035,2025-02-18,Canada,iOS,25-34,Male,Ads,0
U05036,2025-03-22,Brazil,Android,25-34,Female,Organic,0
U05037,2025-06-27,UK,Android,18-24,Male,Organic,0
U05038,2025-05-20,India,iOS,45-54,Male,Organic,0
U05039,2025-03-04,Australia,iOS,18-24,Male,Organic,0
U05040,2025-02-22,Australia,Android,25-34,Female,Organic,1
U05041,2025-06-10,Canada,Android,45-54,Male,Organic,0
U05042,2025-01-16,Japan,iOS,18-24,Male,Organic,0
U05043,2025-04-21,USA,Android,55+,Male,Organic,0
U05044,2025-03-14,Canada,Android,45-54,Male,Organic,0
U05045,2025-01-24,Brazil,Android,25-34,Female,Organic,0
U05046,2025-04-08,USA,Android,18-24,Female,Ads,0
U05047,2025-05-11,USA,Android,25-34,Male,Ads,0
U05048,2025-06-25,USA,Android,25-34,Male,Referral,0
U05049,2025-01-11,India,Android,55+,Male,Ads,0
U05050,2025-02-04,Japan,iOS,18-24,Female,Ads,0
U05051,2025-02-13,USA,Android,45-54,Female,Organic,0
U05052,2025-06-06,Canada,Android,35-44,Female,Organic,0
U05053,2025-04-11,Germany,Android,18-24,Male,Organic,0
U05054,2025-01-09,UK,Web,25-34,Male,Ads,0
U05055,2025-03-19,India,Web,18-24,Male,Organic,0
U05056,2025-01-14,USA,Android,45-54,Male,Organic,0
U05057,2025-06-20,USA,iOS,25-34,Male,Organic,0
U05058,2025-04-01,Brazil,Android,18-24,Female,Organic,1
U05059,2025-06-18,India,Android,25-34,Male,Ads,1
U05060,2025-02-24,Canada,iOS,18-24,Male,Ads,0
U05061,2025-05-31,USA,Android,18-24,Male,Organic,0
U05062,2025-06-14,Canada,iOS,25-34,Female,Organic,0
U05063,2025-03-02,India,iOS,45-54,Male,Referral,0
U05064,2025-03-05,UK,Android,25-34,Male,Organic,0
U05065,2025-01-17,India,Android,18-24,Female,Organic,0
U05066,2025-04-18,Germany,Android,18-24,Female,Organic,0
U05067,2025-03-30,Germany,Android,55+,Female,Ads,0
U05068,2025-01-02,Germany,iOS,18-24,Female,Organic,0
U05069,2025-03-13,Germany,Android,45-54,Male,Organic,0
U05070,2025-02-08,USA,Android,55+,Male,Organic,0
U05071,2025-02-26,Japan,Android,18-24,Male,Referral,0
U05072,2025-04-20,USA,iOS,25-34,Male,Ads,0
U05073,2025-06-02,Germany,iOS,35-44,Female,Organic,0
U05074,2025-03-01,Japan,iOS,25-34,Male,Referral,0
U05075,2025-05-24,Canada,iOS,25-34,Female,Organic,0
U05076,2025-05-01,USA,Android,55+,Female,Organic,1
U05077,2025-02-17,USA,Android,18-24,Male,Ads,1
U05078,2025-04-01,Canada,Android,25-34,Other,Referral,0
U05079,2025-03-13,UK,Android,35-44,Female,Organic,0
U05080,2025-04-25,India,Android,35-44,Male,Organic,1
U05081,2025-04-06,India,iOS,18-24,Female,Ads,0
U05082,2025-05-31,Germany,iOS,45-54,Male,Referral,0
U05083,2025-05-31,India,Android,35-44,Female,Ads,0
U05084,2025-02-07,USA,iOS,25-34,Female,Organic,0
U05085,2025-05-23,Canada,Web,25-34,Female,Referral,0
U05086,2025-06-24,Germany,iOS,45-54,Other,Organic,0
U05087,2025-04-17,India,Android,18-24,Female,Ads,0
U05088,2025-05-28,Brazil,iOS,25-34,Male,Referral,0
U05089,2025-06-04,India,Android,35-44,Male,Organic,0
U05090,2025-02-17,USA,Android,18-24,Male,Ads,0
U05091,2025-01-30,USA,Android,18-24,Male,Organic,0
U05092,2025-01-02,USA,iOS,18-24,Female,Ads,1
U05093,2025-03-21,Australia,iOS,35-44,Female,Organic,0
U05094,2025-01-05,UK,Android,18-24,Male,Ads,0
U05095,2025-02-15,Brazil,Android,55+,Female,Organic,0
U05096,2025-04-16,USA,Android,45-54,Female,Organic,0
U05097,2025-03-09,USA,iOS,18-24,Female,Organic,0
U05098,2025-05-04,Germany,Android,18-24,Male,Referral,0
U05099,2025-06-13,USA,Android,45-54,Male,Ads,0
U05100,2025-05-15,Germany,Android,18-24,Female,Organic,0
U05101,2025-06-20,USA,Android,25-34,Male,Organic,0
U05102,2025-01-02,India,Android,25-34,Female,Referral,0
U05103,2025-03-07,India,Android,18-24,Male,Referral,1
U05104,2025-01-01,India,iOS,25-34,Male,Organic,0
U05105,2025-05-28,Germany,iOS,35-44,Male,Ads,1
U05106,2025-05-08,USA,Android,25-34,Male,Ads,1
U05107,2025-03-15,Brazil,Android,25-34,Female,Organic,0
U05108,2025-06-14,India,iOS,18-24,Male,Organic,0
U05109,2025-05-24,India,Android,18-24,Male,Referral,0
U05110,2025-05-22,Australia,Android,25-34,Female,Organic,0
U05111,2025-03-01,India,iOS,25-34,Male,Organic,0
U05112,2025-01-21,USA,Android,25-34,Male,Ads,1
U05113,2025-02-09,USA,iOS,35-44,Female,Organic,0
U05114,2025-04-13,USA,iOS,25-34,Male,Organic,1
U05115,2025-02-16,USA,Android,25-34,Female,Organic,0
U05116,2025-03-23,UK,iOS,55+,Female,Organic,0
U05117,2025-04-06,Canada,Android,45-54,Female,Referral,0
U05118,2025-01-12,USA,Android,35-44,Male,Ads,1
U05119,2025-01-28,USA,Android,18-24,Male,Organic,0
U05120,2025-05-19,Canada,iOS,25-34,Female,Organic,0
U05121,2025-02-24,USA,Android,45-54,Male,Organic,0
U05122,2025-01-19,India,Android,35-44,Female,Referral,0
U05123,2025-01-09,India,Android,25-34,Male,Referral,0
U05124,2025-06-28,Germany,Android,35-44,Male,Referral,0
U05125,2025-02-14,Brazil,Android,35-44,Male,Ads,0
U05126,2025-06-24,Brazil,Web,45-54,Female,Ads,0
U05127,2025-06-14,Japan,Android,18-24,Other,Referral,1
U05128,2025-04-11,UK,Android,18-24,Female,Organic,0
U05129,2025-03-22,UK,Android,35-44,Male,Ads,0
U05130,2025-05-17,Brazil,iOS,25-34,Female,Organic,0
U05131,2025-06-23,Japan,iOS,18-24,Male,Ads,0
U05132,2025-03-14,USA,Android,18-24,Male,Ads,1
U05133,2025-03-31,India,iOS,45-54,Female,Ads,0
U05134,2025-05-26,USA,Android,45-54,Female,Organic,1
U05135,2025-01-17,Japan,Android,18-24,Male,Organic,0
U05136,2025-04-23,USA,Android,55+,Female,Referral,1
U05137,2025-01-19,Brazil,Android,45-54,Female,Organic,0
U05138,2025-04-09,Japan,iOS,18-24,Female,Ads,0
U05139,2025-01-26,Canada,Android,35-44,Female,Referral,0
U05140,2025-05-04,Canada,iOS,18-24,Female,Ads,0
U05141,2025-06-09,Canada,Android,45-54,Female,Organic,0
U05142,2025-03-18,USA,Android,18-24,Female,Referral,0
U05143,2025-01-15,Brazil,Android,18-24,Female,Organic,0
U05144,2025-04-25,India,Android,25-34,Female,Organic,0
U05145,2025-04-21,USA,Android,25-34,Female,Ads,0
U05146,2025-01-13,UK,iOS,18-24,Female,Organic,0
U05147,2025-03-26,India,iOS,35-44,Female,Organic,0
U05148,2025-05-09,Brazil,iOS,35-44,Female,Organic,0
U05149,2025-01-26,India,Android,18-24,Male,Organic,0
U05150,2025-02-15,Canada,Android,35-44,Female,Ads,0
U05151,2025-02-26,India,Android,25-34,Female,Organic,0
U05152,2025-02-20,UK,Android,35-44,Male,Ads,0
U05153,2025-06-15,India,Android,25-34,Female,Organic,0
U05154,2025-03-03,USA,Android,25-34,Female,Ads,0
U05155,2025-06-29,USA,Android,25-34,Male,Organic,0
U05156,2025-06-05,India,Android,55+,Female,Organic,0
U05157,2025-03-18,India,iOS,45-54,Female,Organic,0
U05158,2025-05-17,USA,Android,35-44,Female,Organic,0
U05159,2025-06-11,India,Android,45-54,Female,Ads,0
U05160,2025-05-23,USA,iOS,18-24,Male,Ads,0
U05161,2025-03-05,Japan,Android,35-44,Male,Organic,1
U05162,2025-03-03,USA,Android,18-24,Female,Organic,0
U05163,2025-03-29,Brazil,iOS,18-24,Male,Organic,0
U05164,2025-02-22,Germany,Android,25-34,Male,Ads,0
U05165,2025-02-15,Germany,Web,25-34,Female,Referral,0
U05166,2025-01-15,India,Web,35-44,Female,Referral,0
U05167,2025-02-09,Canada,Android,35-44,Male,Organic,0
U05168,2025-01-27,Australia,Android,25-34,Female,Organic,0
U05169,2025-06-01,India,Android,18-24,Male,Organic,0
U05170,2025-05-30,UK,Android,25-34,Male,Organic,0
U05171,2025-04-24,Germany,iOS,55+,Female,Ads,0
U05172,2025-01-22,Canada,Web,45-54,Other,Organic,0
U05173,2025-01-31,USA,Android,25-34,Female,Organic,0
U05174,2025-01-21,USA,Android,18-24,Male,Organic,1
U05175,2025-02-01,UK,Android,35-44,Male,Organic,0
U05176,2025-03-29,USA,Android,18-24,Male,Ads,0
U05177,2025-04-01,Canada,Android,18-24,Female,Referral,0
U05178,2025-03-02,UK,Android,18-24,Female,Organic,0
U05179,2025-03-20,India,Android,25-34,Female,Organic,0
U05180,2025-01-24,USA,Android,18-24,Female,Organic,0
U05181,2025-04-15,Australia,Android,18-24,Male,Ads,0
U05182,2025-03-11,USA,Android,25-34,Female,Ads,0
U05183,2025-05-30,Australia,Android,25-34,Male,Organic,0
U05184,2025-02-10,Canada,iOS,25-34,Male,Referral,0
U05185,2025-03-29,Canada,Android,25-34,Female,Organic,0
U05186,2025-03-01,India,iOS,55+,Female,Ads,0
U05187,2025-03-31,Germany,Android,25-34,Male,Organic,0
U05188,2025-02-21,USA,Android,25-34,Female,Ads,0
U05189,2025-06-15,Brazil,iOS,18-24,Female,Organic,0
U05190,2025-01-24,Japan,Android,55+,Male,Referral,0
U05191,2025-01-18,USA,iOS,18-24,Female,Ads,0
U05192,2025-01-31,UK,Android,25-34,Male,Referral,0
U05193,2025-06-06,USA,Android,25-34,Male,Referral,0
U05194,2025-05-14,USA,Android,25-34,Male,Referral,0
U05195,2025-03-01,India,Android,18-24,Male,Organic,0
U05196,2025-06-10,UK,iOS,18-24,Female,Ads,0
U05197,2025-05-17,UK,iOS,25-34,Female,Organic,0
U05198,2025-05-16,USA,iOS,18-24,Female,Organic,0
U05199,2025-04-28,Australia,iOS,18-24,Male,Ads,0
U05200,2025-01-08,India,Android,25-34,Male,Organic,0
U05201,2025-02-11,India,iOS,35-44,Male,Organic,0
U05202,2025-06-12,Japan,Android,25-34,Male,Organic,0
U05203,2025-06-16,USA,Android,25-34,Male,Referral,0
U05204,2025-03-05,Brazil,Android,18-24,Male,Organic,0
U05205,2025-01-29,Brazil,Android,18-24,Male,Organic,0
U05206,2025-01-18,USA,Android,25-34,Female,Organic,0
U05207,2025-05-19,Australia,Android,45-54,Female,Ads,1
U05208,2025-02-18,USA,Android,25-34,Male,Organic,0
U05209,2025-03-11,Germany,iOS,18-24,Female,Organic,0
U05210,2025-03-18,USA,Android,18-24,Male,Ads,0
U05211,2025-04-10,Brazil,Android,35-44,Male,Organic,0
U05212,2025-01-10,USA,Android,18-24,Female,Organic,0
U05213,2025-05-12,Germany,Android,45-54,Female,Organic,0
U05214,2025-02-28,Brazil,iOS,25-34,Female,Ads,1
U05215,2025-02-20,USA,Android,25-34,Male,Referral,1
U05216,2025-06-09,India,Android,18-24,Female,Organic,0
U05217,2025-02-03,USA,Android,55+,Male,Organic,1
U05218,2025-01-07,USA,Android,35-44,Male,Organic,0
U05219,2025-03-20,Brazil,Android,18-24,Male,Organic,0
U05220,2025-06-15,Canada,Android,18-24,Male,Organic,1
U05221,2025-03-29,India,Android,18-24,Male,Ads,0
U05222,2025-04-18,USA,Android,18-24,Male,Referral,0
U05223,2025-05-26,Australia,iOS,35-44,Male,Organic,0
U05224,2025-04-17,USA,Android,18-24,Male,Organic,0
U05225,2025-02-18,USA,Android,45-54,Female,Ads,0
U05226,2025-01-19,India,iOS,25-34,Male,Ads,0
U05227,2025-03-31,UK,Android,25-34,Female,Ads,0
U05228,2025-01-20,Brazil,Android,25-34,Male,Organic,0
U05229,2025-06-06,USA,Android,25-34,Male,Organic,0
U05230,2025-06-04,USA,iOS,35-44,Female,Ads,0
U05231,2025-01-28,Canada,Android,18-24,Male,Ads,0
U05232,2025-01-24,India,Android,25-34,Female,Organic,0
U05233,2025-01-03,USA,Android,25-34,Male,Referral,0
U05234,2025-01-12,USA,Android,35-44,Male,Organic,0
U05235,2025-06-11,Brazil,Android,35-44,Female,Organic,0
U05236,2025-06-01,USA,Android,25-34,Female,Organic,0
U05237,2025-02-13,USA,Web,18-24,Male,Ads,0
U05238,2025-01-26,Australia,iOS,25-34,Female,Ads,0
U05239,2025-02-08,Brazil,iOS,25-34,Male,Organic,0
U05240,2025-06-09,Canada,Android,18-24,Male,Organic,1
U05241,2025-03-19,UK,Android,35-44,Female,Ads,0
U05242,2025-03-14,Australia,Android,18-24,Male,Organic,0
U05243,2025-05-14,USA,Android,35-44,Male,Ads,1
U05244,2025-05-03,Canada,Web,25-34,Female,Organic,0
U05245,2025-05-06,Germany,iOS,18-24,Male,Ads,0
U05246,2025-01-17,Brazil,iOS,35-44,Female,Organic,0
U05247,2025-04-24,Germany,Android,35-44,Female,Referral,0
U05248,2025-04-24,USA,Android,18-24,Male,Organic,0
U05249,2025-02-20,India,iOS,35-44,Male,Organic,0
U05250,2025-06-28,India,iOS,55+,Female,Ads,0
U05251,2025-06-07,Germany,Android,25-34,Female,Referral,0
U05252,2025-01-15,USA,iOS,45-54,Male,Ads,0
U05253,2025-01-05,USA,Android,25-34,Female,Organic,0
U05254,2025-01-13,USA,Android,18-24,Female,Ads,0
U05255,2025-02-08,India,iOS,35-44,Female,Organic,0
U05256,2025-06-25,Brazil,iOS,18-24,Female,Organic,0
U05257,2025-05-06,Canada,iOS,18-24,Female,Organic,0
U05258,2025-03-28,Australia,iOS,18-24,Male,Organic,0
U05259,2025-06-07,India,Android,25-34,Female,Ads,0
U05260,2025-01-26,Germany,Android,25-34,Female,Ads,0
U05261,2025-01-18,India,Android,45-54,Female,Referral,0
U05262,2025-06-25,Germany,iOS,35-44,Female,Organic,1
U05263,2025-06-14,India,Android,35-44,Female,Ads,0
U05264,2025-06-11,India,Android,18-24,Male,Organic,0
U05265,2025-06-07,USA,Android,55+,Female,Ads,0
U05266,2025-03-06,Japan,iOS,35-44,Female,Ads,0
U05267,2025-01-24,Canada,Android,25-34,Female,Ads,0
U05268,2025-01-09,USA,Android,18-24,Male,Ads,0
U05269,2025-03-31,India,Android,18-24,Female,Organic,1
U05270,2025-01-10,India,Android,18-24,Male,Ads,0
U05271,2025-02-02,USA,iOS,25-34,Male,Organic,0
U05272,2025-06-29,USA,iOS,35-44,Male,Organic,0
U05273,2025-04-22,India,Android,18-24,Male,Ads,0
U05274,2025-03-26,Japan,Android,25-34,Male,Organic,0
U05275,2025-06-09,Brazil,Android,18-24,Male,Organic,0
U05276,2025-05-21,USA,Android,25-34,Male,Ads,0
U05277,2025-03-18,India,iOS,35-44,Female,Organic,0
U05278,2025-04-07,Germany,Android,35-44,Female,Organic,0
U05279,2025-01-06,UK,Android,25-34,Female,Organic,0
U05280,2025-03-16,USA,Android,18-24,Male,Organic,0
U05281,2025-05-13,Canada,iOS,18-24,Male,Organic,0
U05282,2025-03-24,USA,Web,18-24,Female,Organic,0
U05283,2025-02-03,USA,Android,45-54,Male,Organic,0
U05284,2025-03-10,Brazil,Android,18-24,Male,Organic,0
U05285,2025-02-11,Germany,Web,35-44,Female,Organic,0
U05286,2025-06-26,Australia,Android,45-54,Female,Organic,0
U05287,2025-02-06,USA,iOS,18-24,Male,Organic,0
U05288,2025-02-23,India,iOS,18-24,Female,Organic,0
U05289,2025-02-24,USA,iOS,35-44,Female,Referral,0
U05290,2025-03-28,UK,iOS,25-34,Male,Organic,0
U05291,2025-06-21,UK,Android,25-34,Female,Organic,0
U05292,2025-01-29,Canada,iOS,18-24,Male,Organic,0
U05293,2025-01-07,USA,Android,18-24,Male,Referral,0
U05294,2025-04-30,Germany,iOS,18-24,Male,Ads,0
U05295,2025-05-01,India,Android,18-24,Female,Referral,0
U05296,2025-04-30,India,Android,25-34,Female,Organic,0
U05297,2025-02-17,Canada,Android,45-54,Male,Organic,0
U05298,2025-05-06,USA,Android,45-54,Female,Ads,0
U05299,2025-02-27,Germany,Android,35-44,Female,Organic,1
U05300,2025-04-07,Germany,iOS,25-34,Other,Organic,0
U05301,2025-03-22,Germany,Android,18-24,Male,Organic,0
U05302,2025-06-21,USA,Android,45-54,Male,Ads,0
U05303,2025-04-17,India,Android,18-24,Female,Organic,0
U05304,2025-04-04,USA,iOS,45-54,Male,Organic,0
U05305,2025-01-12,India,Android,35-44,Male,Organic,0
U05306,2025-01-18,Germany,Android,45-54,Female,Referral,0
U05307,2025-02-24,India,iOS,35-44,Female,Organic,0
U05308,2025-03-16,Australia,Android,35-44,Female,Organic,0
U05309,2025-01-27,Brazil,iOS,18-24,Male,Organic,0
U05310,2025-03-23,USA,Android,18-24,Male,Organic,0
U05311,2025-02-08,Japan,iOS,25-34,Female,Organic,1
U05312,2025-05-05,Brazil,Android,18-24,Female,Ads,0
U05313,2025-06-21,USA,Android,45-54,Male,Ads,0
U05314,2025-06-04,India,Android,25-34,Female,Referral,0
U05315,2025-04-13,India,Android,18-24,Female,Organic,0
U05316,2025-02-18,Canada,Android,25-34,Female,Organic,0
U05317,2025-05-03,USA,Android,55+,Female,Organic,0
U05318,2025-06-05,Japan,Android,18-24,Male,Ads,0
U05319,2025-04-16,USA,Android,18-24,Male,Organic,0
U05320,2025-06-04,Brazil,iOS,45-54,Male,Organic,0
U05321,2025-01-04,Australia,Android,18-24,Female,Referral,0
U05322,2025-03-16,India,iOS,25-34,Male,Organic,0
U05323,2025-06-01,USA,Android,18-24,Female,Ads,0
U05324,2025-05-19,USA,Android,35-44,Female,Organic,1
U05325,2025-03-11,Germany,iOS,35-44,Female,Ads,0
U05326,2025-04-04,Canada,Android,25-34,Female,Organic,0
U05327,2025-04-16,India,Android,25-34,Female,Referral,0
U05328,2025-06-01,USA,Android,35-44,Male,Organic,0
U05329,2025-04-05,USA,iOS,35-44,Female,Organic,1
U05330,2025-03-08,UK,iOS,35-44,Female,Organic,0
U05331,2025-06-27,USA,Android,55+,Male,Organic,0
U05332,2025-04-20,Brazil,Android,35-44,Other,Organic,0
U05333,2025-04-08,USA,Web,25-34,Female,Ads,0
U05334,2025-03-04,Canada,Android,18-24,Female,Organic,0
U05335,2025-03-17,Germany,Android,18-24,Male,Organic,0
U05336,2025-02-22,USA,iOS,25-34,Male,Organic,0
U05337,2025-02-04,Australia,Android,18-24,Female,Organic,0
U05338,2025-01-06,Germany,Android,25-34,Female,Organic,1
U05339,2025-03-03,USA,Android,25-34,Male,Organic,0
U05340,2025-04-26,USA,iOS,35-44,Male,Ads,0
U05341,2025-02-12,Japan,Android,25-34,Male,Organic,0
U05342,2025-01-06,Brazil,Android,35-44,Female,Ads,0
U05343,2025-06-23,Germany,Android,25-34,Female,Organic,0
U05344,2025-06-07,USA,iOS,35-44,Female,Organic,0
U05345,2025-06-01,Germany,Android,35-44,Male,Organic,0
U05346,2025-02-24,Canada,Android,18-24,Female,Organic,1
U05347,2025-01-12,India,Android,18-24,Female,Organic,0
U05348,2025-06-07,USA,iOS,45-54,Male,Organic,0
U05349,2025-04-02,India,iOS,55+,Female,Organic,0
U05350,2025-04-13,India,iOS,45-54,Male,Organic,1
U05351,2025-03-11,USA,iOS,45-54,Male,Organic,0
U05352,2025-05-29,Australia,iOS,35-44,Male,Referral,1
U05353,2025-04-24,Australia,iOS,35-44,Male,Ads,0
U05354,2025-02-15,USA,Android,18-24,Female,Organic,0
U05355,2025-01-31,Australia,iOS,25-34,Female,Ads,0
U05356,2025-01-20,Brazil,Android,18-24,Female,Organic,0
U05357,2025-02-18,Australia,iOS,25-34,Female,Organic,0
U05358,2025-05-08,USA,Android,45-54,Male,Referral,1
U05359,2025-02-16,USA,Android,25-34,Female,Organic,0
U05360,2025-02-21,Australia,iOS,25-34,Male,Ads,1
U05361,2025-04-14,Germany,Android,25-34,Male,Ads,0
U05362,2025-06-08,Japan,iOS,35-44,Female,Organic,0
U05363,2025-06-03,India,iOS,18-24,Male,Organic,0
U05364,2025-06-28,Japan,Android,25-34,Male,Organic,0
U05365,2025-05-24,USA,iOS,18-24,Female,Organic,0
U05366,2025-01-11,USA,iOS,55+,Male,Ads,0
U05367,2025-05-29,USA,iOS,18-24,Male,Organic,0
U05368,2025-02-12,Brazil,iOS,18-24,Male,Organic,0
U05369,2025-04-22,USA,Android,18-24,Male,Ads,0
U05370,2025-06-14,USA,iOS,35-44,Other,Ads,1
U05371,2025-06-04,USA,Web,25-34,Female,Ads,1
U05372,2025-03-17,USA,Android,35-44,Female,Ads,0
U05373,2025-03-10,Australia,iOS,25-34,Female,Referral,0
U05374,2025-06-12,India,Android,25-34,Male,Organic,0
U05375,2025-06-14,India,Android,35-44,Female,Organic,0
U05376,2025-02-03,USA,Android,25-34,Male,Organic,0
U05377,2025-02-04,USA,Android,25-34,Male,Ads,0
U05378,2025-02-15,Canada,iOS,25-34,Female,Ads,0
U05379,2025-04-26,USA,Android,35-44,Female,Referral,0
U05380,2025-03-03,Germany,iOS,18-24,Female,Ads,0
U05381,2025-06-06,India,Android,18-24,Male,Organic,0
U05382,2025-05-24,Canada,Android,35-44,Female,Organic,0
U05383,2025-05-16,Germany,iOS,35-44,Female,Organic,0
U05384,2025-03-11,India,Android,25-34,Female,Ads,0
U05385,2025-06-27,USA,Web,35-44,Female,Organic,0
U05386,2025-04-25,India,iOS,18-24,Female,Organic,0
U05387,2025-01-06,India,Android,18-24,Male,Organic,0
U05388,2025-05-17,USA,iOS,45-54,Female,Ads,0
U05389,2025-05-17,UK,Android,25-34,Female,Organic,0
U05390,2025-03-10,UK,iOS,18-24,Female,Organic,0
U05391,2025-04-21,Australia,Android,18-24,Female,Referral,1
U05392,2025-04-20,Australia,Android,35-44,Male,Organic,0
U05393,2025-01-28,India,iOS,25-34,Female,Ads,0
U05394,2025-04-20,USA,iOS,18-24,Female,Organic,0
U05395,2025-02-06,India,Android,18-24,Male,Referral,1
U05396,2025-06-12,USA,iOS,55+,Male,Organic,0
U05397,2025-06-07,India,Android,18-24,Male,Organic,0
U05398,2025-06-21,USA,Android,25-34,Male,Organic,0
U05399,2025-04-06,Germany,Android,18-24,Male,Organic,0
U05400,2025-04-16,Canada,Web,45-54,Female,Organic,0
U05401,2025-03-02,UK,iOS,25-34,Male,Ads,0
U05402,2025-02-04,Japan,iOS,25-34,Female,Ads,0
U05403,2025-04-06,Canada,Android,45-54,Male,Organic,0
U05404,2025-01-08,Canada,Android,45-54,Male,Organic,0
U05405,2025-01-18,Japan,Android,18-24,Female,Referral,0
U05406,2025-01-11,Germany,Android,35-44,Male,Organic,1
U05407,2025-02-15,Germany,Android,18-24,Male,Ads,0
U05408,2025-04-27,Australia,Android,45-54,Female,Organic,1
U05409,2025-02-12,Germany,Web,35-44,Male,Organic,1
U05410,2025-01-04,UK,Android,18-24,Female,Organic,0
U05411,2025-04-13,USA,iOS,45-54,Female,Organic,1
U05412,2025-04-03,USA,iOS,25-34,Male,Ads,0
U05413,2025-01-01,USA,Android,35-44,Male,Ads,0
U05414,2025-03-06,Brazil,iOS,45-54,Female,Organic,0
U05415,2025-06-28,USA,Android,35-44,Male,Ads,1
U05416,2025-04-30,UK,iOS,25-34,Female,Organic,0
U05417,2025-02-09,India,iOS,25-34,Female,Organic,0
U05418,2025-06-06,Australia,Web,18-24,Female,Organic,1
U05419,2025-01-26,UK,Android,25-34,Male,Ads,0
U05420,2025-03-08,UK,Web,18-24,Male,Organic,0
U05421,2025-05-20,Canada,iOS,25-34,Female,Referral,0
U05422,2025-02-04,UK,iOS,18-24,Female,Organic,0
U05423,2025-06-28,India,Android,25-34,Female,Organic,0
U05424,2025-06-05,Brazil,iOS,35-44,Male,Ads,0
U05425,2025-06-13,Brazil,Android,18-24,Female,Organic,0
U05426,2025-06-18,USA,iOS,25-34,Male,Organic,1
U05427,2025-03-04,India,iOS,18-24,Male,Organic,0
U05428,2025-01-12,Brazil,Android,25-34,Male,Ads,0
U05429,2025-01-05,Germany,iOS,25-34,Female,Ads,0
U05430,2025-01-29,Canada,iOS,45-54,Female,Organic,0
U05431,2025-04-24,USA,Android,45-54,Male,Organic,0
U05432,2025-05-17,Germany,Android,18-24,Male,Organic,0
U05433,2025-06-28,Canada,Web,45-54,Female,Organic,0
U05434,2025-01-28,USA,Android,25-34,Male,Organic,0
U05435,2025-05-31,Brazil,Android,25-34,Male,Ads,0
U05436,2025-01-22,USA,Android,25-34,Male,Ads,0
U05437,2025-06-14,Canada,Android,25-34,Female,Organic,0
U05438,2025-04-13,Brazil,Android,25-34,Male,Referral,0
U05439,2025-06-17,Germany,Android,45-54,Female,Ads,0
U05440,2025-03-12,Germany,iOS,35-44,Male,Ads,0
U05441,2025-01-15,Australia,iOS,18-24,Female,Ads,0
U05442,2025-03-14,Brazil,iOS,45-54,Female,Organic,1
U05443,2025-05-17,USA,iOS,45-54,Male,Organic,0
U05444,2025-05-09,Japan,Android,35-44,Male,Organic,0
U05445,2025-03-18,Brazil,Android,18-24,Female,Referral,0
U05446,2025-04-24,Brazil,Android,25-34,Male,Organic,0
U05447,2025-01-20,USA,Android,18-24,Male,Organic,0
U05448,2025-03-07,USA,iOS,18-24,Male,Ads,0
U05449,2025-02-28,India,Android,35-44,Female,Referral,0
U05450,2025-03-04,India,iOS,25-34,Male,Organic,0
U05451,2025-01-27,USA,iOS,18-24,Female,Ads,0
U05452,2025-01-31,India,iOS,18-24,Male,Referral,0
U05453,2025-05-23,Australia,Android,18-24,Female,Organic,1
U05454,2025-03-26,India,Android,35-44,Male,Organic,0
U05455,2025-06-03,USA,Web,25-34,Female,Organic,0
U05456,2025-05-05,Japan,iOS,18-24,Female,Organic,0
U05457,2025-04-05,India,Android,18-24,Male,Organic,0
U05458,2025-05-07,USA,Android,18-24,Female,Referral,1
U05459,2025-03-03,UK,iOS,25-34,Female,Referral,1
U05460,2025-02-03,USA,Android,18-24,Female,Referral,0
U05461,2025-05-18,Canada,Android,55+,Male,Ads,0
U05462,2025-04-20,Japan,iOS,35-44,Female,Organic,0
U05463,2025-05-15,Australia,Android,18-24,Male,Organic,0
U05464,2025-06-22,India,iOS,45-54,Male,Organic,0
U05465,2025-04-30,USA,Android,25-34,Female,Organic,0
U05466,2025-06-02,USA,Android,18-24,Male,Ads,0
U05467,2025-03-11,UK,iOS,45-54,Male,Organic,0
U05468,2025-02-13,USA,Android,18-24,Female,Organic,1
U05469,2025-05-10,India,Android,25-34,Female,Organic,1
U05470,2025-04-25,Japan,iOS,18-24,Male,Organic,0
U05471,2025-06-08,UK,Android,25-34,Female,Ads,0
U05472,2025-02-04,UK,Android,55+,Female,Organic,1
U05473,2025-03-15,India,Android,35-44,Male,Referral,0
U05474,2025-03-01,UK,iOS,18-24,Male,Organic,0
U05475,2025-05-23,Canada,Android,35-44,Male,Organic,0
U05476,2025-05-14,USA,Android,35-44,Male,Organic,0
U05477,2025-02-27,USA,Android,18-24,Female,Organic,0
U05478,2025-01-25,USA,iOS,45-54,Female,Organic,0
U05479,2025-02-04,Brazil,iOS,45-54,Male,Referral,0
U05480,2025-05-22,Brazil,Android,45-54,Male,Organic,0
U05481,2025-01-01,Brazil,iOS,45-54,Female,Organic,0
U05482,2025-05-17,Japan,Android,25-34,Female,Organic,0
U05483,2025-04-22,Japan,Android,18-24,Male,Organic,0
U05484,2025-03-18,Canada,iOS,18-24,Male,Organic,0
U05485,2025-06-15,Canada,iOS,18-24,Female,Organic,0
U05486,2025-05-30,Canada,Android,45-54,Other,Referral,0
U05487,2025-04-21,USA,Android,18-24,Male,Organic,0
U05488,2025-01-07,USA,Android,25-34,Male,Organic,0
U05489,2025-02-05,Brazil,iOS,18-24,Male,Referral,0
U05490,2025-04-27,Japan,iOS,45-54,Male,Referral,0
U05491,2025-03-03,Germany,Android,25-34,Female,Referral,0
U05492,2025-06-28,USA,Android,18-24,Female,Organic,0
U05493,2025-06-07,Canada,iOS,18-24,Male,Ads,0
U05494,2025-04-29,Germany,Android,18-24,Female,Ads,1
U05495,2025-02-12,Brazil,iOS,35-44,Male,Ads,1
U05496,2025-05-05,Japan,Android,45-54,Male,Ads,0
U05497,2025-04-20,Germany,Android,35-44,Male,Organic,0
U05498,2025-01-21,Brazil,Android,45-54,Female,Referral,0
U05499,2025-04-07,Germany,iOS,18-24,Female,Organic,1
U05500,2025-01-28,India,iOS,18-24,Male,Organic,0
U05501,2025-03-06,USA,Android,18-24,Female,Ads,0
U05502,2025-05-25,Japan,iOS,18-24,Male,Organic,0
U05503,2025-01-16,UK,iOS,25-34,Female,Ads,0
U05504,2025-02-16,Brazil,iOS,45-54,Female,Ads,0
U05505,2025-03-09,Australia,Android,25-34,Female,Organic,0
U05506,2025-03-04,USA,Android,25-34,Male,Organic,0
U05507,2025-02-02,Brazil,iOS,18-24,Female,Ads,0
U05508,2025-05-04,USA,Android,18-24,Female,Organic,0
U05509,2025-06-21,USA,Android,45-54,Female,Organic,0
U05510,2025-01-18,Brazil,Android,25-34,Male,Organic,0
U05511,2025-06-09,USA,Web,35-44,Male,Ads,0
U05512,2025-05-18,USA,iOS,25-34,Female,Organic,0
U05513,2025-05-11,Germany,Android,35-44,Male,Ads,0
U05514,2025-05-05,USA,Android,25-34,Male,Organic,1
U05515,2025-05-22,UK,iOS,25-34,Female,Organic,0
U05516,2025-06-22,UK,Android,35-44,Female,Ads,0
U05517,2025-03-07,India,iOS,25-34,Male,Organic,1
U05518,2025-03-28,Canada,iOS,18-24,Female,Organic,0
U05519,2025-01-03,Brazil,iOS,18-24,Male,Organic,0
U05520,2025-02-21,Canada,Android,25-34,Female,Referral,0
U05521,2025-02-10,USA,Android,18-24,Male,Ads,0
U05522,2025-02-18,UK,Android,25-34,Female,Organic,0
U05523,2025-05-15,USA,Android,35-44,Male,Organic,0
U05524,2025-01-14,USA,Android,55+,Male,Organic,0
U05525,2025-03-10,Brazil,Android,18-24,Male,Ads,0
U05526,2025-02-19,Germany,Android,35-44,Female,Organic,1
U05527,2025-06-02,Brazil,Android,18-24,Male,Organic,0
U05528,2025-01-21,Canada,Android,18-24,Male,Organic,0
U05529,2025-05-20,India,Android,25-34,Male,Organic,0
U05530,2025-01-01,Japan,Android,18-24,Male,Organic,0
U05531,2025-01-10,UK,Android,45-54,Female,Organic,0
U05532,2025-03-16,Japan,iOS,25-34,Female,Ads,0
U05533,2025-03-27,Germany,iOS,25-34,Female,Ads,0
U05534,2025-05-23,USA,Android,25-34,Male,Referral,0
U05535,2025-03-23,USA,Android,25-34,Female,Organic,0
U05536,2025-02-02,Australia,Android,45-54,Female,Organic,0
U05537,2025-06-21,Australia,Android,18-24,Female,Ads,0
U05538,2025-03-22,USA,Android,25-34,Male,Referral,0
U05539,2025-04-06,India,Android,45-54,Female,Organic,0
U05540,2025-06-21,USA,iOS,45-54,Female,Ads,0
U05541,2025-03-15,USA,iOS,25-34,Female,Ads,0
U05542,2025-03-10,Germany,Android,55+,Male,Organic,1
U05543,2025-04-17,Germany,iOS,25-34,Female,Ads,0
U05544,2025-03-14,Australia,Android,35-44,Female,Ads,0
U05545,2025-01-20,USA,Android,25-34,Male,Organic,0
U05546,2025-06-10,UK,Web,25-34,Female,Organic,0
U05547,2025-04-04,India,Android,35-44,Male,Organic,0
U05548,2025-06-03,UK,Android,45-54,Female,Organic,0
U05549,2025-06-17,UK,iOS,18-24,Female,Organic,0
U05550,2025-04-23,Brazil,Android,18-24,Male,Referral,0
U05551,2025-05-07,Australia,Android,18-24,Male,Organic,0
U05552,2025-05-28,Canada,iOS,18-24,Male,Organic,0
U05553,2025-05-14,USA,Android,25-34,Male,Organic,0
U05554,2025-02-13,USA,Android,35-44,Female,Organic,0
U05555,2025-02-01,India,iOS,25-34,Male,Organic,0
U05556,2025-03-29,India,Android,25-34,Male,Organic,0
U05557,2025-01-15,USA,Android,18-24,Female,Organic,1
U05558,2025-06-05,Brazil,Android,18-24,Female,Ads,1
U05559,2025-06-14,USA,Android,18-24,Male,Organic,1
U05560,2025-01-07,UK,Android,18-24,Female,Ads,0
U05561,2025-02-27,India,Android,45-54,Female,Ads,0
U05562,2025-01-04,Canada,iOS,35-44,Male,Organic,0
U05563,2025-03-03,Canada,iOS,25-34,Female,Organic,0
U05564,2025-02-20,USA,iOS,18-24,Male,Organic,0
U05565,2025-01-21,Germany,Android,35-44,Male,Organic,0
U05566,2025-01-15,Germany,Android,45-54,Male,Organic,0
U05567,2025-03-08,Australia,iOS,35-44,Male,Organic,1
U05568,2025-02-03,USA,Android,25-34,Female,Organic,0
U05569,2025-06-22,USA,Android,35-44,Female,Organic,1
U05570,2025-03-14,USA,iOS,55+,Female,Ads,0
U05571,2025-02-01,USA,iOS,55+,Male,Organic,0
U05572,2025-05-23,India,Android,25-34,Female,Referral,0
U05573,2025-01-15,India,Android,18-24,Female,Organic,0
U05574,2025-04-17,USA,Android,25-34,Female,Ads,0
U05575,2025-06-24,Japan,Android,35-44,Male,Referral,0
U05576,2025-01-19,Brazil,Android,25-34,Male,Organic,0
U05577,2025-03-07,India,Android,18-24,Male,Ads,0
U05578,2025-04-26,USA,iOS,35-44,Male,Ads,0
U05579,2025-04-30,India,iOS,18-24,Female,Organic,0
U05580,2025-06-23,India,Android,18-24,Male,Organic,0
U05581,2025-04-04,Australia,iOS,25-34,Male,Ads,0
U05582,2025-05-17,India,iOS,25-34,Female,Organic,0
U05583,2025-01-07,India,Android,18-24,Female,Referral,0
U05584,2025-03-25,USA,Android,35-44,Male,Organic,0
U05585,2025-05-07,USA,Android,18-24,Male,Organic,0
U05586,2025-02-02,USA,Android,18-24,Male,Referral,0
U05587,2025-04-28,Germany,Android,25-34,Male,Organic,1
U05588,2025-06-22,USA,Android,25-34,Male,Organic,0
U05589,2025-03-26,USA,Android,35-44,Male,Organic,1
U05590,2025-01-31,USA,iOS,25-34,Female,Organic,0
U05591,2025-01-11,USA,Android,25-34,Male,Organic,0
U05592,2025-01-20,UK,iOS,25-34,Female,Organic,1
U05593,2025-03-06,Germany,iOS,35-44,Female,Organic,1
U05594,2025-02-09,Canada,Android,18-24,Other,Organic,0
U05595,2025-02-06,India,iOS,18-24,Female,Organic,0
U05596,2025-03-21,India,Web,25-34,Male,Organic,0
U05597,2025-05-16,UK,Android,55+,Female,Organic,0
U05598,2025-04-18,USA,iOS,25-34,Female,Organic,0
U05599,2025-05-21,USA,iOS,25-34,Female,Ads,0
U05600,2025-06-29,Canada,iOS,18-24,Female,Organic,0
U05601,2025-05-22,Germany,Android,25-34,Male,Ads,0
U05602,2025-04-15,Canada,iOS,35-44,Male,Organic,0
U05603,2025-02-21,India,Android,35-44,Male,Ads,0
U05604,2025-05-09,Japan,Android,18-24,Male,Referral,0
U05605,2025-02-24,Australia,Android,25-34,Other,Referral,0
U05606,2025-02-27,Canada,Android,35-44,Female,Ads,0
U05607,2025-02-16,Brazil,iOS,18-24,Female,Ads,0
U05608,2025-01-19,Brazil,iOS,35-44,Female,Ads,0
U05609,2025-01-10,India,Android,25-34,Female,Organic,1
U05610,2025-03-18,UK,Android,45-54,Female,Organic,0
U05611,2025-04-22,Brazil,Android,25-34,Male,Organic,0
U05612,2025-04-17,India,Android,35-44,Female,Ads,0
U05613,2025-06-13,Japan,iOS,35-44,Female,Ads,0
U05614,2025-04-06,USA,iOS,18-24,Female,Organic,0
U05615,2025-01-30,USA,iOS,18-24,Male,Organic,0
U05616,2025-01-11,India,Android,45-54,Male,Ads,0
U05617,2025-03-12,UK,iOS,18-24,Male,Organic,1
U05618,2025-01-01,India,Android,18-24,Female,Organic,0
U05619,2025-03-25,Germany,Android,18-24,Male,Ads,0
U05620,2025-01-18,UK,Android,25-34,Male,Organic,0
U05621,2025-02-27,USA,Android,18-24,Female,Referral,0
U05622,2025-06-09,Japan,Android,18-24,Female,Organic,0
U05623,2025-05-09,Brazil,iOS,25-34,Male,Organic,0
U05624,2025-05-02,Brazil,Android,25-34,Male,Organic,0
U05625,2025-04-27,India,Android,25-34,Female,Referral,0
U05626,2025-04-04,India,Android,18-24,Female,Referral,0
U05627,2025-02-08,USA,iOS,35-44,Female,Organic,0
U05628,2025-01-19,Canada,iOS,18-24,Female,Ads,0
U05629,2025-01-05,USA,Android,35-44,Male,Organic,0
U05630,2025-02-10,Australia,Android,35-44,Female,Organic,0
U05631,2025-02-03,India,iOS,25-34,Male,Ads,1
U05632,2025-05-04,USA,Android,18-24,Male,Organic,0
U05633,2025-02-26,Canada,iOS,18-24,Female,Organic,1
U05634,2025-01-16,Australia,Android,25-34,Male,Ads,0
U05635,2025-04-02,India,iOS,25-34,Female,Referral,1
U05636,2025-06-13,India,Android,25-34,Female,Ads,0
U05637,2025-01-23,USA,Android,18-24,Female,Organic,0
U05638,2025-03-01,Germany,iOS,18-24,Female,Organic,0
U05639,2025-06-02,India,Android,25-34,Male,Organic,0
U05640,2025-03-19,USA,Android,18-24,Female,Organic,0
U05641,2025-04-02,USA,iOS,25-34,Male,Organic,0
U05642,2025-04-05,India,Android,35-44,Female,Ads,0
U05643,2025-06-23,UK,Android,35-44,Female,Organic,0
U05644,2025-05-09,India,iOS,18-24,Female,Organic,0
U05645,2025-02-21,UK,Web,18-24,Female,Organic,0
U05646,2025-01-18,USA,iOS,45-54,Male,Organic,1
U05647,2025-05-05,USA,iOS,18-24,Male,Organic,0
U05648,2025-04-16,USA,iOS,25-34,Male,Organic,1
U05649,2025-03-17,India,Android,25-34,Female,Organic,0
U05650,2025-02-05,Germany,iOS,25-34,Female,Organic,0
U05651,2025-03-14,Germany,Android,25-34,Female,Organic,0
U05652,2025-06-21,UK,Android,55+,Female,Ads,0
U05653,2025-03-16,UK,Android,25-34,Female,Organic,0
U05654,2025-03-13,Japan,Android,25-34,Female,Organic,0
U05655,2025-02-06,Germany,iOS,18-24,Male,Ads,0
U05656,2025-03-28,India,iOS,25-34,Male,Organic,0
U05657,2025-01-09,USA,Android,25-34,Female,Organic,0
U05658,2025-02-21,USA,iOS,45-54,Male,Ads,1
U05659,2025-03-27,USA,Android,18-24,Female,Organic,0
U05660,2025-04-01,India,iOS,25-34,Female,Organic,0
U05661,2025-02-21,USA,iOS,25-34,Female,Ads,0
U05662,2025-02-13,Canada,Android,35-44,Male,Organic,0
U05663,2025-06-12,India,Android,25-34,Female,Organic,0
U05664,2025-02-22,Australia,iOS,25-34,Male,Referral,1
U05665,2025-04-20,Germany,Android,25-34,Female,Organic,0
U05666,2025-01-12,Canada,iOS,18-24,Male,Organic,0
U05667,2025-01-30,Canada,Android,35-44,Male,Ads,1
U05668,2025-05-27,USA,Android,35-44,Male,Organic,0
U05669,2025-05-16,Japan,Android,18-24,Other,Organic,0
U05670,2025-05-10,India,Android,25-34,Male,Referral,0
U05671,2025-01-19,USA,Android,18-24,Male,Referral,1
U05672,2025-01-17,India,Android,45-54,Other,Organic,0
U05673,2025-05-10,USA,Android,45-54,Female,Organic,0
U05674,2025-03-08,India,Android,18-24,Male,Ads,1
U05675,2025-06-06,Brazil,iOS,18-24,Male,Organic,1
U05676,2025-04-16,USA,Android,18-24,Female,Organic,0
U05677,2025-03-22,India,Android,35-44,Male,Organic,0
U05678,2025-05-27,USA,iOS,18-24,Male,Organic,0
U05679,2025-04-25,USA,Android,55+,Male,Ads,0
U05680,2025-02-14,USA,Android,25-34,Male,Organic,0
U05681,2025-04-18,India,Android,35-44,Male,Ads,0
U05682,2025-01-12,Canada,Android,35-44,Female,Organic,0
U05683,2025-06-13,USA,Android,35-44,Male,Referral,0
U05684,2025-03-17,Germany,Android,18-24,Female,Organic,0
U05685,2025-06-08,USA,Android,25-34,Female,Organic,0
U05686,2025-04-12,USA,Android,35-44,Male,Organic,0
U05687,2025-03-23,Brazil,Android,25-34,Female,Ads,0
U05688,2025-04-14,USA,Android,18-24,Female,Organic,0
U05689,2025-05-14,India,Android,35-44,Female,Organic,1
U05690,2025-06-18,Germany,Android,25-34,Female,Referral,0
U05691,2025-04-03,Brazil,Android,45-54,Male,Referral,0
U05692,2025-04-22,Australia,Android,18-24,Male,Ads,0
U05693,2025-06-21,USA,Android,18-24,Female,Organic,1
U05694,2025-02-15,Japan,Android,18-24,Female,Ads,0
U05695,2025-04-03,Japan,Android,45-54,Female,Organic,0
U05696,2025-02-28,Brazil,Web,25-34,Male,Organic,0
U05697,2025-01-16,Brazil,Android,35-44,Female,Organic,1
U05698,2025-03-18,India,Android,25-34,Female,Ads,0
U05699,2025-06-25,Canada,Android,18-24,Male,Organic,1
U05700,2025-06-15,Germany,Android,25-34,Female,Organic,0
U05701,2025-05-19,USA,iOS,45-54,Male,Referral,0
U05702,2025-01-07,USA,iOS,45-54,Female,Ads,0
U05703,2025-04-08,India,Android,25-34,Male,Referral,0
U05704,2025-04-21,Australia,iOS,18-24,Male,Organic,0
U05705,2025-06-24,Canada,iOS,25-34,Female,Ads,0
U05706,2025-04-11,India,Android,35-44,Male,Organic,0
U05707,2025-06-05,USA,iOS,18-24,Male,Organic,0
U05708,2025-04-21,Canada,Web,18-24,Female,Ads,0
U05709,2025-05-12,Canada,iOS,25-34,Female,Referral,0
U05710,2025-05-01,USA,iOS,18-24,Male,Organic,0
U05711,2025-01-29,USA,Android,45-54,Female,Organic,1
U05712,2025-01-24,USA,Android,35-44,Male,Ads,0
U05713,2025-05-28,USA,Android,35-44,Female,Organic,0
U05714,2025-03-29,Canada,Web,25-34,Male,Organic,0
U05715,2025-02-03,USA,Android,18-24,Female,Ads,0
U05716,2025-02-02,India,iOS,35-44,Male,Ads,0
U05717,2025-02-11,Germany,Android,18-24,Female,Organic,0
U05718,2025-06-06,Germany,Android,45-54,Male,Organic,0
U05719,2025-02-07,India,iOS,25-34,Male,Organic,0
U05720,2025-01-25,UK,Android,25-34,Male,Organic,0
U05721,2025-01-09,India,iOS,45-54,Female,Organic,0
U05722,2025-03-24,Japan,Android,18-24,Female,Organic,0
U05723,2025-01-16,Brazil,Web,25-34,Male,Organic,0
U05724,2025-05-13,Canada,Android,25-34,Male,Organic,1
U05725,2025-03-26,Canada,Android,18-24,Male,Organic,0
U05726,2025-02-09,Brazil,Android,35-44,Male,Ads,0
U05727,2025-06-09,Brazil,iOS,25-34,Male,Organic,0
U05728,2025-05-02,USA,Android,25-34,Male,Organic,0
U05729,2025-01-29,USA,Android,18-24,Male,Organic,1
U05730,2025-06-11,Canada,Android,18-24,Male,Organic,0
U05731,2025-04-26,India,iOS,45-54,Female,Ads,1
U05732,2025-02-20,USA,Web,18-24,Male,Referral,0
U05733,2025-03-04,Japan,Android,35-44,Female,Organic,0
U05734,2025-06-26,India,Android,25-34,Male,Organic,0
U05735,2025-05-22,India,iOS,35-44,Female,Referral,1
U05736,2025-06-27,India,Android,18-24,Male,Referral,1
U05737,2025-06-06,USA,Android,35-44,Female,Organic,0
U05738,2025-01-14,Germany,Android,45-54,Male,Referral,0
U05739,2025-01-17,India,Android,25-34,Male,Organic,0
U05740,2025-03-17,USA,Android,45-54,Male,Organic,0
U05741,2025-04-19,USA,iOS,18-24,Female,Organic,0
U05742,2025-03-19,USA,Android,25-34,Female,Organic,0
U05743,2025-04-18,UK,iOS,18-24,Female,Referral,0
U05744,2025-03-05,UK,Android,35-44,Male,Organic,0
U05745,2025-06-16,USA,Android,35-44,Male,Organic,0
U05746,2025-02-23,India,Web,35-44,Male,Ads,0
U05747,2025-04-11,USA,iOS,45-54,Male,Organic,0
U05748,2025-03-30,Australia,Android,18-24,Female,Ads,0
U05749,2025-06-28,USA,Android,18-24,Male,Organic,0
U05750,2025-06-19,USA,Android,18-24,Male,Ads,0
U05751,2025-01-03,Canada,Android,25-34,Male,Organic,0
U05752,2025-06-02,USA,Web,25-34,Female,Organic,0
U05753,2025-05-17,Australia,Web,18-24,Female,Referral,0
U05754,2025-05-01,Australia,iOS,18-24,Female,Organic,0
U05755,2025-04-25,Germany,iOS,18-24,Male,Organic,0
U05756,2025-04-12,USA,Android,18-24,Male,Organic,0
U05757,2025-06-01,USA,iOS,45-54,Female,Organic,0
U05758,2025-03-23,USA,iOS,35-44,Female,Organic,0
U05759,2025-01-22,UK,iOS,18-24,Female,Organic,0
U05760,2025-03-22,Australia,iOS,35-44,Male,Organic,0
U05761,2025-01-30,India,Android,18-24,Female,Organic,0
U05762,2025-01-29,India,Android,25-34,Female,Ads,0
U05763,2025-04-21,USA,iOS,18-24,Male,Organic,0
U05764,2025-04-25,USA,iOS,25-34,Male,Ads,1
U05765,2025-04-24,Brazil,Android,18-24,Male,Organic,0
U05766,2025-05-28,Australia,iOS,35-44,Male,Organic,0
U05767,2025-01-20,India,iOS,25-34,Female,Referral,0
U05768,2025-06-29,India,iOS,25-34,Female,Organic,0
U05769,2025-01-21,USA,Android,45-54,Female,Organic,0
U05770,2025-04-20,Canada,Android,18-24,Male,Organic,0
U05771,2025-06-01,USA,Android,25-34,Male,Referral,0
U05772,2025-01-20,UK,Android,45-54,Male,Organic,0
U05773,2025-06-02,USA,Android,45-54,Female,Organic,0
U05774,2025-02-25,UK,Android,18-24,Female,Ads,0
U05775,2025-06-18,Canada,iOS,45-54,Female,Ads,0
U05776,2025-04-15,Canada,Android,25-34,Female,Ads,0
U05777,2025-06-20,Japan,iOS,18-24,Male,Organic,0
U05778,2025-03-08,India,Android,35-44,Male,Referral,0
U05779,2025-06-20,USA,Android,25-34,Male,Organic,0
U05780,2025-03-21,Brazil,Android,18-24,Female,Ads,1
U05781,2025-02-21,India,Android,18-24,Female,Organic,0
U05782,2025-03-16,India,Android,35-44,Male,Organic,0
U05783,2025-05-08,USA,Android,25-34,Male,Organic,0
U05784,2025-04-05,India,Android,25-34,Male,Organic,0
U05785,2025-04-22,Australia,Android,25-34,Male,Organic,0
U05786,2025-04-29,Brazil,iOS,35-44,Male,Ads,0
U05787,2025-04-02,USA,iOS,18-24,Female,Ads,0
U05788,2025-01-08,UK,Android,35-44,Male,Ads,0
U05789,2025-02-03,India,Android,18-24,Female,Ads,1
U05790,2025-02-23,USA,Web,18-24,Female,Referral,0
U05791,2025-03-20,Australia,Android,35-44,Male,Organic,1
U05792,2025-01-28,India,iOS,55+,Female,Ads,1
U05793,2025-05-01,Brazil,Android,18-24,Male,Ads,0
U05794,2025-04-29,USA,Android,25-34,Male,Ads,0
U05795,2025-05-13,India,Android,18-24,Male,Organic,0
U05796,2025-05-15,Canada,Android,18-24,Male,Ads,0
U05797,2025-03-20,Australia,iOS,25-34,Other,Organic,0
U05798,2025-01-08,India,Android,35-44,Female,Organic,0
U05799,2025-03-18,Australia,iOS,18-24,Female,Referral,0
U05800,2025-06-22,India,Android,25-34,Male,Ads,0
U05801,2025-06-20,USA,Android,25-34,Female,Organic,1
U05802,2025-03-06,Australia,iOS,18-24,Male,Referral,0
U05803,2025-05-15,Canada,Android,25-34,Female,Organic,0
U05804,2025-02-16,Canada,iOS,45-54,Female,Organic,1
U05805,2025-01-10,Canada,Android,25-34,Female,Organic,0
U05806,2025-05-25,India,Android,25-34,Male,Organic,0
U05807,2025-04-03,Japan,iOS,35-44,Male,Ads,0
U05808,2025-06-28,UK,iOS,25-34,Female,Referral,0
U05809,2025-02-22,Canada,Android,18-24,Female,Organic,0
U05810,2025-06-24,Germany,iOS,18-24,Male,Ads,0
U05811,2025-03-14,India,iOS,18-24,Female,Ads,0
U05812,2025-01-04,India,iOS,55+,Female,Ads,0
U05813,2025-03-07,USA,Android,18-24,Male,Organic,0
U05814,2025-06-08,Brazil,Android,35-44,Female,Ads,0
U05815,2025-06-04,Australia,iOS,25-34,Male,Organic,0
U05816,2025-02-28,USA,iOS,18-24,Male,Organic,0
U05817,2025-03-02,USA,Android,25-34,Female,Referral,0
U05818,2025-02-24,USA,Android,45-54,Female,Referral,0
U05819,2025-06-13,Canada,Android,45-54,Male,Ads,0
U05820,2025-04-06,India,iOS,25-34,Male,Organic,1
U05821,2025-06-16,UK,Android,35-44,Female,Referral,0
U05822,2025-05-16,India,Android,25-34,Female,Ads,0
U05823,2025-05-13,UK,Android,35-44,Female,Ads,0
U05824,2025-01-20,India,Android,18-24,Female,Organic,0
U05825,2025-06-18,India,iOS,18-24,Female,Referral,0
U05826,2025-02-14,India,Android,25-34,Female,Organic,0
U05827,2025-01-27,Australia,Android,25-34,Female,Organic,0
U05828,2025-02-28,USA,Android,55+,Female,Organic,0
U05829,2025-05-25,USA,Android,25-34,Female,Organic,1
U05830,2025-03-28,India,Android,18-24,Male,Organic,1
U05831,2025-05-31,India,iOS,35-44,Male,Organic,0
U05832,2025-06-10,UK,Web,45-54,Male,Organic,0
U05833,2025-03-04,USA,Android,35-44,Male,Organic,0
U05834,2025-02-22,USA,Android,25-34,Female,Ads,1
U05835,2025-05-22,UK,Android,18-24,Female,Referral,0
U05836,2025-03-22,USA,Android,18-24,Female,Organic,1
U05837,2025-04-28,UK,iOS,35-44,Female,Organic,1
U05838,2025-05-06,USA,iOS,35-44,Male,Organic,0
U05839,2025-01-18,Australia,Android,18-24,Female,Organic,0
U05840,2025-02-06,Canada,iOS,35-44,Female,Ads,0
U05841,2025-03-27,Germany,Android,25-34,Male,Organic,0
U05842,2025-02-11,Brazil,Android,25-34,Female,Ads,0
U05843,2025-06-27,Brazil,iOS,45-54,Female,Ads,0
U05844,2025-06-09,USA,Android,25-34,Female,Organic,0
U05845,2025-03-21,USA,iOS,35-44,Male,Organic,0
U05846,2025-05-24,USA,iOS,25-34,Male,Ads,0
U05847,2025-04-05,India,Android,25-34,Male,Organic,0
U05848,2025-05-28,India,Android,18-24,Male,Organic,0
U05849,2025-04-11,Germany,Android,35-44,Female,Organic,0
U05850,2025-06-18,India,iOS,25-34,Female,Referral,0
U05851,2025-03-14,Germany,Android,25-34,Female,Referral,1
U05852,2025-06-09,USA,Web,55+,Male,Organic,1
U05853,2025-01-11,Canada,iOS,18-24,Female,Organic,0
U05854,2025-04-11,India,Android,25-34,Female,Ads,0
U05855,2025-06-03,Canada,iOS,18-24,Male,Ads,0
U05856,2025-01-31,USA,Android,25-34,Male,Referral,0
U05857,2025-01-13,USA,iOS,18-24,Male,Ads,0
U05858,2025-03-02,Australia,Web,18-24,Female,Ads,0
U05859,2025-05-18,Japan,Android,35-44,Female,Referral,0
U05860,2025-04-09,USA,Android,25-34,Female,Ads,1
U05861,2025-03-20,USA,iOS,25-34,Male,Organic,0
U05862,2025-01-27,USA,Android,18-24,Male,Referral,0
U05863,2025-06-01,USA,Android,45-54,Other,Organic,0
U05864,2025-06-15,USA,iOS,55+,Female,Organic,0
U05865,2025-04-12,Australia,Android,25-34,Female,Organic,0
U05866,2025-06-20,UK,iOS,45-54,Male,Ads,0
U05867,2025-04-21,Germany,Android,18-24,Female,Referral,1
U05868,2025-01-06,Australia,Android,18-24,Male,Referral,0
U05869,2025-02-03,India,Android,55+,Male,Organic,0
U05870,2025-02-07,Germany,Android,18-24,Male,Ads,0
U05871,2025-06-19,USA,Android,18-24,Female,Ads,0
U05872,2025-06-11,Australia,iOS,45-54,Male,Referral,0
U05873,2025-02-08,USA,Android,35-44,Female,Referral,0
U05874,2025-06-12,USA,iOS,18-24,Other,Organic,0
U05875,2025-01-12,Australia,iOS,25-34,Male,Referral,0
U05876,2025-02-18,USA,iOS,18-24,Female,Organic,0
U05877,2025-01-07,Australia,Android,55+,Male,Organic,0
U05878,2025-03-30,Brazil,iOS,45-54,Male,Organic,0
U05879,2025-01-10,Brazil,Android,25-34,Male,Organic,1
U05880,2025-06-28,Canada,Android,25-34,Female,Referral,0
U05881,2025-03-11,USA,Android,45-54,Male,Organic,0
U05882,2025-05-17,Brazil,Android,25-34,Male,Ads,0
U05883,2025-02-08,USA,Web,25-34,Female,Referral,0
U05884,2025-02-23,USA,iOS,25-34,Female,Ads,1
U05885,2025-03-13,USA,iOS,25-34,Female,Organic,0
U05886,2025-06-09,Brazil,Android,18-24,Female,Organic,0
U05887,2025-04-01,UK,Android,45-54,Female,Organic,0
U05888,2025-04-09,Brazil,Android,18-24,Female,Ads,0
U05889,2025-03-19,India,iOS,18-24,Male,Organic,0
U05890,2025-05-04,Brazil,Android,18-24,Male,Ads,0
U05891,2025-06-29,USA,iOS,18-24,Male,Referral,0
U05892,2025-01-25,USA,iOS,18-24,Female,Organic,0
U05893,2025-05-13,UK,Android,55+,Male,Ads,0
U05894,2025-01-06,Japan,Android,45-54,Male,Referral,1
U05895,2025-02-16,India,iOS,25-34,Other,Referral,0
U05896,2025-03-14,India,Android,18-24,Female,Organic,0
U05897,2025-04-05,UK,iOS,55+,Male,Referral,0
U05898,2025-04-26,Australia,Android,18-24,Male,Organic,1
U05899,2025-03-28,Australia,iOS,35-44,Female,Ads,0
U05900,2025-02-04,India,Android,25-34,Male,Organic,0
U05901,2025-06-19,UK,Android,35-44,Female,Referral,0
U05902,2025-04-03,Brazil,Android,18-24,Male,Organic,0
U05903,2025-04-24,India,Android,18-24,Male,Referral,0
U05904,2025-04-18,USA,Android,18-24,Female,Referral,0
U05905,2025-03-09,Brazil,iOS,25-34,Male,Ads,0
U05906,2025-03-08,USA,Android,18-24,Female,Ads,0
U05907,2025-02-01,UK,Android,18-24,Female,Organic,0
U05908,2025-06-12,Brazil,Android,25-34,Male,Organic,0
U05909,2025-06-23,Brazil,iOS,35-44,Female,Organic,0
U05910,2025-02-20,Australia,Android,35-44,Male,Organic,0
U05911,2025-05-26,Canada,Android,35-44,Female,Organic,0
U05912,2025-06-11,USA,Web,45-54,Male,Ads,0
U05913,2025-05-14,Canada,iOS,35-44,Male,Ads,0
U05914,2025-01-18,Canada,Android,35-44,Male,Organic,0
U05915,2025-02-25,USA,Android,18-24,Female,Referral,1
U05916,2025-01-06,Australia,iOS,18-24,Female,Organic,0
U05917,2025-03-17,Japan,iOS,25-34,Female,Organic,0
U05918,2025-01-10,India,Android,55+,Female,Organic,0
U05919,2025-02-01,USA,iOS,45-54,Female,Ads,0
U05920,2025-06-15,India,Android,25-34,Female,Organic,0
U05921,2025-04-22,Australia,iOS,18-24,Male,Organic,0
U05922,2025-06-01,USA,Android,25-34,Female,Ads,0
U05923,2025-02-11,USA,Android,18-24,Female,Ads,0
U05924,2025-06-16,UK,iOS,35-44,Male,Organic,0
U05925,2025-02-12,Canada,iOS,25-34,Male,Organic,1
U05926,2025-05-06,USA,Android,25-34,Male,Organic,1
U05927,2025-02-13,USA,iOS,45-54,Male,Organic,0
U05928,2025-05-12,India,iOS,25-34,Male,Referral,0
U05929,2025-02-10,UK,Android,18-24,Male,Organic,0
U05930,2025-02-22,India,Android,18-24,Male,Ads,0
U05931,2025-05-07,Brazil,iOS,18-24,Male,Organic,0
U05932,2025-03-21,USA,Android,18-24,Female,Organic,0
U05933,2025-04-10,Germany,iOS,25-34,Male,Organic,0
U05934,2025-01-04,Germany,Android,18-24,Male,Ads,0
U05935,2025-06-17,Japan,Android,35-44,Male,Organic,0
U05936,2025-06-01,Brazil,Android,35-44,Male,Organic,0
U05937,2025-05-30,India,Android,45-54,Female,Organic,0
U05938,2025-05-13,India,Android,25-34,Female,Organic,0
U05939,2025-01-02,USA,Android,25-34,Female,Organic,0
U05940,2025-04-03,Australia,iOS,25-34,Female,Organic,0
U05941,2025-06-26,USA,iOS,45-54,Female,Organic,0
U05942,2025-01-26,USA,Android,35-44,Male,Ads,0
U05943,2025-05-06,India,iOS,18-24,Female,Organic,0
U05944,2025-02-03,USA,Android,25-34,Female,Organic,0
U05945,2025-04-27,UK,Android,35-44,Female,Organic,0
U05946,2025-06-05,India,iOS,18-24,Female,Ads,0
U05947,2025-01-02,USA,Android,18-24,Female,Organic,0
U05948,2025-02-13,Canada,iOS,25-34,Female,Organic,1
U05949,2025-02-19,UK,Web,18-24,Female,Organic,0
U05950,2025-04-29,India,iOS,18-24,Male,Ads,0
U05951,2025-06-06,Canada,iOS,35-44,Female,Organic,0
U05952,2025-03-01,Canada,Android,25-34,Male,Organic,0
U05953,2025-05-19,USA,Android,25-34,Male,Referral,0
U05954,2025-05-18,India,iOS,18-24,Male,Organic,0
U05955,2025-05-05,USA,iOS,25-34,Male,Ads,0
U05956,2025-02-23,USA,Android,25-34,Female,Organic,0
U05957,2025-03-24,UK,Android,55+,Female,Ads,0
U05958,2025-06-23,UK,Android,35-44,Male,Referral,0
U05959,2025-03-15,Brazil,Android,35-44,Male,Ads,0
U05960,2025-06-15,Brazil,Android,25-34,Male,Organic,0
U05961,2025-03-09,India,Android,35-44,Female,Organic,0
U05962,2025-03-31,Germany,Android,18-24,Male,Ads,0
U05963,2025-02-18,Germany,Android,18-24,Male,Referral,1
U05964,2025-02-12,Australia,Android,35-44,Male,Referral,0
U05965,2025-04-01,Canada,Android,18-24,Female,Organic,0
U05966,2025-02-28,Australia,Android,25-34,Male,Organic,0
U05967,2025-05-12,Australia,Android,35-44,Male,Referral,1
U05968,2025-04-12,Brazil,iOS,25-34,Male,Organic,0
U05969,2025-06-10,Brazil,Web,25-34,Female,Organic,0
U05970,2025-05-02,Germany,iOS,45-54,Female,Organic,0
U05971,2025-03-19,Brazil,iOS,45-54,Male,Referral,0
U05972,2025-04-24,USA,iOS,25-34,Female,Ads,0
U05973,2025-01-20,USA,Android,35-44,Male,Ads,0
U05974,2025-01-02,Brazil,iOS,18-24,Female,Organic,0
U05975,2025-04-10,Germany,Android,18-24,Female,Organic,0
U05976,2025-05-09,India,Android,25-34,Other,Organic,0
U05977,2025-06-13,Brazil,Android,35-44,Female,Organic,0
U05978,2025-06-12,Australia,Android,25-34,Female,Organic,0
U05979,2025-03-14,India,Android,25-34,Male,Organic,0
U05980,2025-04-20,UK,Android,35-44,Male,Organic,0
U05981,2025-05-06,Germany,Android,18-24,Male,Organic,1
U05982,2025-04-26,UK,Web,25-34,Male,Organic,0
U05983,2025-04-29,Brazil,Android,25-34,Female,Organic,0
U05984,2025-02-24,Brazil,Android,35-44,Female,Organic,1
U05985,2025-02-27,UK,Android,35-44,Female,Organic,0
U05986,2025-05-13,India,Android,18-24,Female,Referral,0
U05987,2025-01-21,USA,Android,35-44,Female,Ads,0
U05988,2025-04-04,India,Android,55+,Male,Organic,0
U05989,2025-01-13,UK,Android,25-34,Female,Ads,0
U05990,2025-03-07,Canada,Android,18-24,Male,Referral,0
U05991,2025-02-23,Brazil,Android,35-44,Male,Referral,0
U05992,2025-05-05,Japan,Android,18-24,Male,Organic,0
U05993,2025-03-05,Germany,iOS,35-44,Female,Organic,0
U05994,2025-06-17,India,Android,25-34,Male,Organic,1
U05995,2025-02-23,Australia,iOS,55+,Male,Referral,0
U05996,2025-02-20,Brazil,Android,25-34,Female,Ads,0
U05997,2025-05-08,USA,Android,45-54,Female,Ads,0
U05998,2025-05-19,Canada,Android,18-24,Female,Organic,0
U05999,2025-06-23,Brazil,Android,25-34,Male,Ads,0
U06000,2025-05-07,India,Android,25-34,Female,Organic,0
U06001,2025-02-28,UK,Android,45-54,Male,Referral,0
U06002,2025-02-06,India,Android,55+,Male,Organic,0
U06003,2025-01-30,USA,iOS,25-34,Male,Organic,0
U06004,2025-04-11,India,Android,18-24,Male,Ads,0
U06005,2025-05-29,UK,Android,18-24,Female,Referral,0
U06006,2025-02-16,USA,iOS,18-24,Female,Organic,0
U06007,2025-06-24,India,iOS,25-34,Other,Organic,0
U06008,2025-01-12,UK,Android,35-44,Male,Organic,0
U06009,2025-06-06,Germany,Android,45-54,Female,Organic,0
U06010,2025-06-16,Brazil,Android,35-44,Female,Ads,0
U06011,2025-06-05,USA,Android,25-34,Male,Ads,0
U06012,2025-06-07,USA,Android,45-54,Male,Organic,0
U06013,2025-04-27,Brazil,Android,35-44,Other,Organic,1
U06014,2025-03-20,USA,Android,35-44,Male,Referral,0
U06015,2025-05-09,Australia,iOS,45-54,Male,Referral,0
U06016,2025-03-04,India,iOS,35-44,Female,Ads,0
U06017,2025-05-13,USA,Android,18-24,Male,Organic,0
U06018,2025-01-28,India,Android,18-24,Male,Ads,0
U06019,2025-05-21,Japan,Android,25-34,Male,Organic,0
U06020,2025-01-05,Canada,Android,35-44,Female,Organic,0
U06021,2025-05-08,India,Android,25-34,Female,Ads,0
U06022,2025-04-07,Germany,Android,45-54,Female,Organic,0
U06023,2025-02-27,India,iOS,18-24,Male,Organic,0
U06024,2025-02-20,Australia,Android,55+,Male,Ads,0
U06025,2025-06-26,Australia,Android,25-34,Female,Organic,1
U06026,2025-03-23,USA,Web,25-34,Female,Organic,0
U06027,2025-03-20,Canada,iOS,18-24,Male,Organic,1
U06028,2025-03-17,India,iOS,35-44,Female,Organic,0
U06029,2025-05-24,USA,Android,18-24,Male,Organic,0
U06030,2025-01-07,Australia,Web,45-54,Male,Organic,0
U06031,2025-04-24,USA,Android,45-54,Male,Ads,0
U06032,2025-05-18,India,Android,25-34,Female,Organic,0
U06033,2025-04-22,Canada,Android,18-24,Female,Organic,0
U06034,2025-06-08,UK,iOS,45-54,Female,Organic,0
U06035,2025-02-06,Canada,iOS,18-24,Male,Organic,0
U06036,2025-03-08,India,Android,25-34,Female,Organic,1
U06037,2025-05-22,India,iOS,18-24,Male,Organic,0
U06038,2025-05-19,India,Android,18-24,Female,Ads,0
U06039,2025-02-13,Australia,Android,18-24,Other,Ads,0
U06040,2025-05-14,Germany,Android,45-54,Female,Ads,0
U06041,2025-04-14,Brazil,Android,45-54,Female,Ads,1
U06042,2025-05-04,USA,Android,45-54,Male,Ads,0
U06043,2025-06-02,Canada,Android,18-24,Male,Organic,1
U06044,2025-04-03,Brazil,iOS,35-44,Female,Organic,0
U06045,2025-06-26,Brazil,iOS,18-24,Female,Ads,0
U06046,2025-05-11,Japan,iOS,25-34,Female,Organic,0
U06047,2025-03-11,Australia,Android,25-34,Male,Organic,0
U06048,2025-04-09,USA,iOS,18-24,Female,Organic,0
U06049,2025-02-28,India,Android,25-34,Female,Ads,0
U06050,2025-06-14,Australia,iOS,35-44,Female,Organic,0
U06051,2025-02-03,Brazil,Android,18-24,Female,Referral,1
U06052,2025-06-13,USA,Android,35-44,Male,Ads,0
U06053,2025-05-08,USA,Android,18-24,Male,Organic,0
U06054,2025-06-20,Canada,Android,18-24,Female,Organic,0
U06055,2025-04-19,Japan,Android,25-34,Female,Organic,0
U06056,2025-02-05,Australia,Android,45-54,Female,Organic,0
U06057,2025-02-27,Australia,iOS,18-24,Male,Ads,0
U06058,2025-01-19,Canada,Android,25-34,Female,Organic,0
U06059,2025-04-02,India,iOS,25-34,Female,Ads,0
U06060,2025-01-25,USA,Android,18-24,Female,Organic,0
U06061,2025-05-24,India,Android,45-54,Female,Ads,0
U06062,2025-02-20,Japan,Android,55+,Female,Organic,0
U06063,2025-05-21,Canada,iOS,25-34,Male,Ads,0
U06064,2025-06-06,USA,Android,25-34,Female,Organic,0
U06065,2025-04-19,Japan,Android,35-44,Male,Ads,0
U06066,2025-05-29,India,Android,25-34,Female,Organic,0
U06067,2025-06-27,India,Android,25-34,Male,Ads,0
U06068,2025-02-05,Germany,Android,45-54,Male,Referral,0
U06069,2025-05-12,Brazil,iOS,25-34,Female,Organic,0
U06070,2025-06-24,Germany,iOS,18-24,Female,Ads,1
U06071,2025-03-07,USA,iOS,18-24,Female,Ads,0
U06072,2025-05-08,India,Android,18-24,Male,Organic,0
U06073,2025-01-18,Canada,iOS,18-24,Female,Organic,0
U06074,2025-02-13,Germany,Web,18-24,Female,Organic,0
U06075,2025-03-10,Brazil,Android,25-34,Male,Organic,0
U06076,2025-02-13,Brazil,iOS,18-24,Female,Ads,0
U06077,2025-05-25,India,iOS,18-24,Male,Organic,0
U06078,2025-06-19,Brazil,Android,25-34,Female,Organic,0
U06079,2025-03-01,USA,Android,45-54,Male,Referral,0
U06080,2025-03-23,Brazil,Android,35-44,Female,Organic,0
U06081,2025-06-03,Brazil,iOS,18-24,Female,Ads,0
U06082,2025-06-22,India,Android,35-44,Male,Ads,0
U06083,2025-03-06,Canada,Android,25-34,Male,Ads,0
U06084,2025-03-14,USA,Android,55+,Male,Referral,0
U06085,2025-02-20,Canada,Android,18-24,Male,Referral,0
U06086,2025-04-24,UK,Android,35-44,Male,Ads,0
U06087,2025-02-27,Australia,Android,35-44,Male,Ads,0
U06088,2025-04-01,India,iOS,18-24,Other,Organic,0
U06089,2025-06-15,Australia,Android,55+,Female,Organic,1
U06090,2025-01-23,India,Android,35-44,Female,Organic,0
U06091,2025-04-02,USA,Web,35-44,Female,Ads,0
U06092,2025-01-11,UK,iOS,18-24,Male,Organic,0
U06093,2025-06-18,India,iOS,45-54,Male,Organic,0
U06094,2025-05-04,UK,iOS,18-24,Male,Referral,1
U06095,2025-04-24,Canada,Android,55+,Male,Organic,0
U06096,2025-04-23,USA,iOS,18-24,Male,Ads,0
U06097,2025-05-01,India,Web,18-24,Male,Ads,0
U06098,2025-01-14,USA,iOS,35-44,Male,Ads,0
U06099,2025-04-02,USA,Android,45-54,Female,Ads,0
U06100,2025-06-22,USA,Android,45-54,Male,Organic,0
U06101,2025-02-07,Australia,iOS,18-24,Female,Ads,0
U06102,2025-04-08,Japan,iOS,25-34,Male,Organic,0
U06103,2025-01-24,Brazil,iOS,25-34,Female,Organic,0
U06104,2025-06-18,India,Android,25-34,Female,Organic,0
U06105,2025-05-13,India,Web,35-44,Female,Organic,0
U06106,2025-03-16,Brazil,Android,35-44,Male,Ads,0
U06107,2025-04-13,USA,Android,18-24,Female,Ads,0
U06108,2025-02-27,USA,Android,18-24,Female,Organic,0
U06109,2025-03-22,USA,iOS,45-54,Male,Organic,0
U06110,2025-01-11,UK,iOS,55+,Female,Organic,0
U06111,2025-06-19,India,iOS,25-34,Male,Organic,0
U06112,2025-06-15,Japan,Android,25-34,Male,Organic,0
U06113,2025-01-30,Brazil,iOS,18-24,Female,Organic,0
U06114,2025-01-27,India,Android,35-44,Female,Organic,0
U06115,2025-02-08,USA,iOS,35-44,Male,Organic,0
U06116,2025-03-08,Canada,Android,25-34,Female,Organic,0
U06117,2025-03-21,UK,Android,45-54,Male,Ads,0
U06118,2025-04-21,India,Android,35-44,Male,Organic,0
U06119,2025-06-23,Canada,Android,18-24,Female,Referral,0
U06120,2025-06-26,Australia,Android,25-34,Female,Organic,0
U06121,2025-03-30,India,iOS,25-34,Male,Ads,0
U06122,2025-01-28,UK,Android,18-24,Male,Referral,0
U06123,2025-03-03,UK,Android,25-34,Female,Organic,0
U06124,2025-06-17,USA,Android,25-34,Female,Organic,0
U06125,2025-05-19,USA,Android,25-34,Male,Organic,0
U06126,2025-02-05,USA,iOS,25-34,Female,Organic,0
U06127,2025-06-01,Japan,Android,45-54,Male,Referral,0
U06128,2025-01-16,Brazil,Android,18-24,Female,Organic,0
U06129,2025-04-05,India,Android,45-54,Female,Organic,0
U06130,2025-03-06,India,Android,25-34,Male,Referral,1
U06131,2025-05-03,India,iOS,18-24,Male,Referral,0
U06132,2025-02-04,USA,Android,25-34,Female,Organic,0
U06133,2025-03-02,India,Android,25-34,Female,Organic,1
U06134,2025-05-04,Canada,Android,18-24,Female,Organic,0
U06135,2025-01-12,USA,Android,25-34,Male,Organic,0
U06136,2025-01-01,Australia,iOS,18-24,Female,Organic,1
U06137,2025-03-29,USA,iOS,25-34,Female,Organic,0
U06138,2025-02-23,UK,Android,45-54,Male,Organic,0
U06139,2025-02-10,India,Android,25-34,Male,Ads,1
U06140,2025-05-28,USA,Android,25-34,Male,Referral,1
U06141,2025-05-31,Brazil,iOS,45-54,Female,Ads,0
U06142,2025-02-02,India,Android,35-44,Female,Organic,0
U06143,2025-04-22,Germany,Android,35-44,Female,Organic,1
U06144,2025-05-29,USA,iOS,25-34,Male,Organic,0
U06145,2025-01-31,India,Android,25-34,Male,Referral,0
U06146,2025-04-06,USA,iOS,45-54,Male,Organic,0
U06147,2025-06-02,USA,iOS,18-24,Female,Organic,0
U06148,2025-05-29,India,iOS,45-54,Male,Referral,0
U06149,2025-06-01,Brazil,Android,25-34,Female,Referral,0
U06150,2025-01-18,USA,iOS,25-34,Female,Organic,0
U06151,2025-01-26,Australia,Android,25-34,Female,Organic,0
U06152,2025-04-30,Germany,Web,25-34,Female,Organic,0
U06153,2025-03-26,India,Android,25-34,Female,Organic,0
U06154,2025-05-04,India,Android,25-34,Female,Organic,0
U06155,2025-03-25,Brazil,Web,35-44,Female,Ads,0
U06156,2025-03-20,Japan,iOS,25-34,Male,Organic,0
U06157,2025-03-25,Brazil,iOS,55+,Female,Ads,1
U06158,2025-04-03,India,Android,18-24,Female,Organic,1
U06159,2025-03-16,Canada,Android,25-34,Male,Ads,0
U06160,2025-01-01,Australia,Android,18-24,Male,Organic,0
U06161,2025-01-08,Germany,Web,45-54,Male,Organic,0
U06162,2025-04-14,Canada,iOS,25-34,Female,Organic,0
U06163,2025-02-08,Japan,iOS,18-24,Female,Ads,0
U06164,2025-05-22,UK,iOS,25-34,Female,Organic,0
U06165,2025-03-14,USA,Android,45-54,Female,Organic,0
U06166,2025-01-03,UK,Android,18-24,Male,Organic,0
U06167,2025-06-23,India,Android,18-24,Male,Organic,0
U06168,2025-03-04,India,Android,45-54,Male,Referral,0
U06169,2025-05-27,USA,Android,35-44,Female,Organic,0
U06170,2025-06-11,Australia,Android,18-24,Male,Organic,1
U06171,2025-04-14,Brazil,iOS,25-34,Female,Organic,0
U06172,2025-02-07,USA,Android,35-44,Female,Referral,0
U06173,2025-01-04,Brazil,Android,18-24,Male,Organic,0
U06174,2025-05-12,India,Android,45-54,Male,Organic,0
U06175,2025-01-01,Canada,Android,18-24,Female,Ads,0
U06176,2025-05-02,Germany,Android,35-44,Female,Referral,0
U06177,2025-05-23,UK,Android,18-24,Male,Organic,0
U06178,2025-02-18,Australia,iOS,35-44,Female,Organic,0
U06179,2025-02-13,India,Android,25-34,Male,Organic,0
U06180,2025-05-15,India,Android,18-24,Female,Organic,0
U06181,2025-06-20,USA,Android,25-34,Female,Ads,0
U06182,2025-03-08,India,Android,25-34,Male,Ads,0
U06183,2025-03-02,UK,Android,18-24,Male,Organic,0
U06184,2025-01-26,USA,Android,35-44,Male,Ads,1
U06185,2025-01-20,USA,iOS,18-24,Male,Referral,0
U06186,2025-03-16,USA,iOS,18-24,Female,Organic,0
U06187,2025-04-08,Brazil,Android,25-34,Male,Organic,0
U06188,2025-04-25,India,iOS,45-54,Female,Referral,0
U06189,2025-03-01,USA,iOS,18-24,Male,Organic,1
U06190,2025-02-02,USA,Android,35-44,Female,Organic,1
U06191,2025-01-13,Australia,Android,18-24,Female,Organic,0
U06192,2025-06-09,USA,Android,25-34,Female,Ads,0
U06193,2025-01-09,India,Android,25-34,Female,Ads,0
U06194,2025-02-27,USA,iOS,35-44,Male,Ads,0
U06195,2025-02-26,Australia,iOS,25-34,Female,Organic,0
U06196,2025-03-30,India,Android,35-44,Male,Ads,1
U06197,2025-05-22,Canada,iOS,18-24,Female,Organic,0
U06198,2025-04-12,Japan,iOS,55+,Female,Referral,1
U06199,2025-04-26,Brazil,Android,25-34,Male,Ads,0
U06200,2025-04-12,Canada,Android,18-24,Male,Organic,0
U06201,2025-03-07,Japan,Android,18-24,Male,Organic,0
U06202,2025-03-26,USA,Android,25-34,Male,Ads,0
U06203,2025-06-22,Australia,iOS,25-34,Female,Ads,0
U06204,2025-05-14,India,Android,18-24,Male,Organic,0
U06205,2025-01-26,Germany,Android,45-54,Female,Organic,0
U06206,2025-03-08,India,iOS,18-24,Male,Organic,0
U06207,2025-06-25,USA,iOS,35-44,Male,Referral,0
U06208,2025-04-06,Germany,Android,18-24,Male,Organic,0
U06209,2025-03-11,UK,Android,25-34,Female,Ads,0
U06210,2025-05-26,USA,Web,18-24,Female,Ads,0
U06211,2025-02-06,USA,Android,35-44,Male,Organic,0
U06212,2025-02-02,India,Android,18-24,Male,Organic,0
U06213,2025-06-26,USA,Android,18-24,Male,Referral,0
U06214,2025-06-28,UK,Android,35-44,Male,Ads,0
U06215,2025-06-07,USA,iOS,18-24,Female,Organic,1
U06216,2025-03-20,India,Android,18-24,Male,Organic,0
U06217,2025-01-04,Germany,Android,18-24,Male,Organic,0
U06218,2025-02-14,Brazil,Android,18-24,Male,Ads,0
U06219,2025-02-13,USA,Web,25-34,Male,Organic,1
U06220,2025-05-22,India,Android,25-34,Female,Organic,0
U06221,2025-01-26,Brazil,iOS,25-34,Male,Organic,0
U06222,2025-02-11,India,iOS,18-24,Female,Organic,0
U06223,2025-05-23,Australia,Android,25-34,Male,Organic,0
U06224,2025-01-05,India,Android,45-54,Male,Organic,0
U06225,2025-04-25,India,Android,25-34,Male,Ads,0
U06226,2025-04-08,India,Web,25-34,Male,Organic,0
U06227,2025-02-02,Japan,Android,25-34,Male,Organic,0
U06228,2025-01-24,India,iOS,18-24,Female,Ads,0
U06229,2025-03-13,India,Android,35-44,Female,Organic,0
U06230,2025-05-19,USA,iOS,45-54,Female,Organic,0
U06231,2025-05-07,USA,Android,45-54,Female,Organic,1
U06232,2025-06-03,India,Android,18-24,Male,Organic,0
U06233,2025-01-08,USA,Android,35-44,Female,Ads,0
U06234,2025-03-14,USA,Android,25-34,Male,Ads,0
U06235,2025-06-20,India,Android,45-54,Female,Organic,0
U06236,2025-05-05,UK,iOS,25-34,Male,Organic,1
U06237,2025-02-19,USA,iOS,45-54,Female,Organic,1
U06238,2025-05-30,India,Android,18-24,Male,Ads,1
U06239,2025-04-14,India,Android,25-34,Female,Organic,0
U06240,2025-05-02,USA,Android,55+,Male,Referral,0
U06241,2025-01-10,USA,iOS,25-34,Female,Organic,0
U06242,2025-04-26,Japan,Android,35-44,Other,Organic,0
U06243,2025-01-10,India,iOS,45-54,Female,Organic,0
U06244,2025-05-09,USA,Android,18-24,Male,Referral,0
U06245,2025-01-21,Brazil,Android,35-44,Male,Ads,0
U06246,2025-05-07,USA,Android,25-34,Female,Organic,0
U06247,2025-06-12,Canada,Android,25-34,Other,Organic,0
U06248,2025-01-04,Australia,Android,35-44,Female,Organic,1
U06249,2025-01-10,Japan,Android,18-24,Female,Referral,1
U06250,2025-05-14,USA,Android,18-24,Female,Ads,0
U06251,2025-01-23,USA,Android,45-54,Female,Organic,0
U06252,2025-03-22,USA,Android,18-24,Female,Organic,0
U06253,2025-03-28,Germany,iOS,25-34,Female,Organic,0
U06254,2025-03-15,USA,Android,25-34,Female,Referral,0
U06255,2025-01-24,USA,iOS,18-24,Male,Organic,0
U06256,2025-04-17,Japan,Android,18-24,Male,Ads,0
U06257,2025-02-19,Canada,Web,45-54,Male,Referral,0
U06258,2025-04-03,UK,Android,25-34,Male,Ads,0
U06259,2025-05-17,USA,Android,25-34,Female,Organic,0
U06260,2025-01-30,Australia,Android,25-34,Female,Organic,0
U06261,2025-02-09,India,Web,25-34,Female,Organic,0
U06262,2025-05-15,Canada,Android,25-34,Male,Ads,0
U06263,2025-05-14,Japan,iOS,18-24,Male,Organic,1
U06264,2025-05-03,UK,Android,18-24,Male,Organic,0
U06265,2025-01-02,USA,Android,18-24,Female,Ads,0
U06266,2025-02-28,USA,Android,18-24,Male,Organic,0
U06267,2025-03-23,USA,iOS,18-24,Male,Ads,0
U06268,2025-05-09,Japan,iOS,25-34,Female,Organic,0
U06269,2025-01-20,Australia,Android,25-34,Female,Organic,1
U06270,2025-05-09,USA,Android,25-34,Male,Organic,1
U06271,2025-04-12,USA,Android,25-34,Female,Organic,0
U06272,2025-02-22,USA,Android,18-24,Female,Organic,1
U06273,2025-05-01,USA,iOS,18-24,Female,Ads,0
U06274,2025-04-28,Germany,iOS,18-24,Male,Ads,0
U06275,2025-05-17,India,Android,25-34,Male,Organic,0
U06276,2025-01-27,USA,iOS,18-24,Male,Referral,0
U06277,2025-03-23,Australia,Android,18-24,Male,Organic,0
U06278,2025-06-11,USA,Android,55+,Male,Organic,0
U06279,2025-06-24,USA,Android,18-24,Male,Organic,0
U06280,2025-01-21,USA,Android,35-44,Female,Ads,0
U06281,2025-04-10,Germany,iOS,18-24,Other,Organic,0
U06282,2025-05-20,Brazil,iOS,45-54,Female,Organic,0
U06283,2025-04-30,India,iOS,45-54,Male,Referral,0
U06284,2025-01-23,Japan,Android,18-24,Female,Organic,0
U06285,2025-02-24,Germany,Android,25-34,Male,Organic,0
U06286,2025-01-23,Brazil,iOS,25-34,Female,Organic,0
U06287,2025-06-02,Australia,Android,45-54,Male,Organic,0
U06288,2025-01-21,India,iOS,35-44,Female,Organic,0
U06289,2025-04-07,USA,Android,18-24,Other,Organic,0
U06290,2025-02-08,Brazil,Android,18-24,Male,Ads,1
U06291,2025-04-29,USA,Android,18-24,Male,Organic,0
U06292,2025-02-08,UK,iOS,25-34,Male,Organic,0
U06293,2025-06-01,Canada,Android,45-54,Male,Organic,0
U06294,2025-02-21,UK,iOS,45-54,Female,Organic,1
U06295,2025-06-11,India,Android,45-54,Male,Ads,1
U06296,2025-04-12,USA,Android,45-54,Male,Ads,0
U06297,2025-02-09,Japan,iOS,45-54,Female,Organic,0
U06298,2025-03-11,India,Android,25-34,Male,Organic,0
U06299,2025-05-17,USA,Android,45-54,Female,Referral,0
U06300,2025-03-21,USA,Android,18-24,Female,Organic,1
U06301,2025-02-27,Canada,iOS,25-34,Male,Ads,0
U06302,2025-02-01,USA,Android,35-44,Male,Organic,0
U06303,2025-01-08,India,Android,18-24,Female,Organic,0
U06304,2025-04-17,Australia,Android,35-44,Male,Organic,0
U06305,2025-04-07,Germany,Android,35-44,Male,Referral,0
U06306,2025-06-26,USA,Android,35-44,Female,Ads,0
U06307,2025-02-10,UK,iOS,18-24,Female,Organic,0
U06308,2025-05-14,UK,Android,25-34,Female,Organic,0
U06309,2025-04-04,USA,Android,35-44,Male,Organic,1
U06310,2025-03-06,UK,iOS,55+,Female,Organic,0
U06311,2025-02-15,USA,Android,18-24,Other,Ads,0
U06312,2025-01-01,India,Android,25-34,Male,Ads,0
U06313,2025-01-03,India,iOS,25-34,Male,Ads,0
U06314,2025-05-11,India,iOS,18-24,Other,Ads,0
U06315,2025-01-18,USA,iOS,18-24,Male,Organic,0
U06316,2025-06-26,India,iOS,35-44,Male,Organic,0
U06317,2025-01-22,Germany,iOS,18-24,Male,Referral,0
U06318,2025-06-12,USA,Android,35-44,Male,Organic,0
U06319,2025-04-22,USA,iOS,25-34,Female,Organic,0
U06320,2025-05-10,UK,Android,18-24,Male,Ads,0
U06321,2025-04-06,Brazil,iOS,45-54,Male,Ads,0
U06322,2025-01-29,Brazil,iOS,25-34,Female,Ads,0
U06323,2025-01-18,India,iOS,18-24,Male,Referral,0
U06324,2025-06-01,India,Android,25-34,Female,Organic,0
U06325,2025-04-10,USA,Android,18-24,Male,Organic,1
U06326,2025-01-15,USA,iOS,45-54,Female,Organic,0
U06327,2025-05-21,India,Android,35-44,Female,Referral,0
U06328,2025-05-21,USA,iOS,25-34,Female,Organic,0
U06329,2025-01-20,UK,Android,25-34,Male,Referral,1
U06330,2025-06-25,Brazil,iOS,18-24,Male,Organic,0
U06331,2025-02-19,Brazil,Android,25-34,Female,Organic,0
U06332,2025-05-06,USA,Android,55+,Female,Referral,1
U06333,2025-02-14,Japan,iOS,18-24,Female,Ads,0
U06334,2025-03-30,Brazil,Android,25-34,Female,Ads,0
U06335,2025-02-27,UK,Web,25-34,Male,Ads,0
U06336,2025-02-21,USA,Android,25-34,Male,Ads,1
U06337,2025-04-01,Japan,iOS,18-24,Female,Organic,0
U06338,2025-01-10,USA,iOS,18-24,Female,Organic,1
U06339,2025-01-20,India,Android,35-44,Male,Referral,0
U06340,2025-06-07,Canada,Web,45-54,Female,Ads,0
U06341,2025-02-03,USA,Android,35-44,Male,Referral,0
U06342,2025-06-19,Canada,iOS,25-34,Male,Ads,0
U06343,2025-01-08,USA,iOS,35-44,Female,Organic,0
U06344,2025-06-15,USA,Android,55+,Female,Organic,0
U06345,2025-02-26,Canada,Android,18-24,Male,Referral,0
U06346,2025-03-11,Brazil,Android,18-24,Female,Organic,0
U06347,2025-06-05,Germany,Android,18-24,Male,Organic,0
U06348,2025-05-12,Germany,Android,35-44,Female,Ads,0
U06349,2025-03-02,Canada,Android,25-34,Other,Organic,0
U06350,2025-03-24,USA,Android,18-24,Male,Organic,0
U06351,2025-05-24,USA,Android,45-54,Male,Organic,0
U06352,2025-01-23,Brazil,Android,18-24,Male,Organic,0
U06353,2025-01-19,Canada,Android,18-24,Male,Ads,0
U06354,2025-06-15,Germany,Android,25-34,Male,Ads,0
U06355,2025-05-28,Japan,Android,45-54,Female,Organic,0
U06356,2025-06-22,Canada,Android,18-24,Male,Organic,0
U06357,2025-01-09,India,Web,25-34,Male,Organic,0
U06358,2025-01-02,Brazil,Android,18-24,Female,Organic,0
U06359,2025-06-15,Brazil,Android,45-54,Female,Organic,0
U06360,2025-01-27,USA,Android,55+,Female,Ads,0
U06361,2025-05-09,Japan,Android,18-24,Male,Organic,0
U06362,2025-05-06,Australia,iOS,18-24,Male,Organic,0
U06363,2025-02-03,Japan,Android,45-54,Male,Ads,0
U06364,2025-03-05,India,iOS,25-34,Female,Referral,0
U06365,2025-03-11,Brazil,Android,18-24,Male,Organic,0
U06366,2025-06-23,USA,Web,18-24,Male,Organic,0
U06367,2025-03-26,USA,Android,35-44,Male,Ads,0
U06368,2025-05-01,Germany,Android,25-34,Male,Referral,0
U06369,2025-02-22,Brazil,Android,25-34,Male,Ads,0
U06370,2025-06-20,Brazil,iOS,18-24,Male,Organic,0
U06371,2025-05-23,UK,iOS,18-24,Female,Organic,0
U06372,2025-01-19,Canada,Android,35-44,Female,Ads,0
U06373,2025-03-14,Germany,iOS,18-24,Male,Organic,0
U06374,2025-06-08,Japan,iOS,35-44,Female,Ads,0
U06375,2025-03-08,USA,Android,55+,Male,Referral,0
U06376,2025-02-05,Brazil,Web,45-54,Female,Ads,0
U06377,2025-01-23,Germany,Android,25-34,Male,Organic,0
U06378,2025-03-19,India,Android,35-44,Female,Organic,0
U06379,2025-03-19,USA,iOS,45-54,Male,Referral,0
U06380,2025-03-30,UK,Android,25-34,Male,Organic,0
U06381,2025-02-22,Germany,Web,25-34,Female,Organic,1
U06382,2025-06-12,USA,Android,18-24,Female,Organic,0
U06383,2025-03-16,UK,Android,35-44,Male,Referral,0
U06384,2025-05-14,India,Android,18-24,Other,Organic,0
U06385,2025-06-15,Brazil,Android,18-24,Male,Organic,0
U06386,2025-04-03,Canada,iOS,25-34,Female,Organic,0
U06387,2025-06-05,USA,iOS,35-44,Male,Organic,0
U06388,2025-03-23,USA,iOS,25-34,Male,Organic,0
U06389,2025-05-06,India,Android,45-54,Female,Organic,0
U06390,2025-06-22,USA,Android,18-24,Female,Organic,0
U06391,2025-06-04,Australia,Android,18-24,Female,Ads,0
U06392,2025-02-02,UK,iOS,35-44,Male,Organic,0
U06393,2025-01-22,India,Android,25-34,Female,Organic,0
U06394,2025-01-26,Brazil,Android,25-34,Male,Ads,0
U06395,2025-05-16,UK,iOS,18-24,Male,Referral,0
U06396,2025-05-22,USA,iOS,18-24,Male,Ads,0
U06397,2025-01-12,India,Android,45-54,Female,Organic,0
U06398,2025-06-13,Australia,iOS,18-24,Female,Ads,0
U06399,2025-01-31,Canada,iOS,18-24,Female,Referral,0
U06400,2025-01-21,Canada,Android,45-54,Female,Organic,0
U06401,2025-03-22,Australia,Android,45-54,Male,Referral,0
U06402,2025-06-26,UK,Android,35-44,Female,Organic,1
U06403,2025-04-25,Japan,iOS,25-34,Female,Ads,0
U06404,2025-04-04,Germany,iOS,25-34,Male,Organic,0
U06405,2025-06-05,USA,Android,18-24,Male,Organic,1
U06406,2025-04-21,USA,Android,25-34,Male,Ads,0
U06407,2025-05-12,UK,Android,18-24,Female,Organic,0
U06408,2025-03-27,Brazil,Android,45-54,Male,Organic,0
U06409,2025-02-05,USA,Android,45-54,Female,Referral,1
U06410,2025-04-29,Germany,Android,45-54,Male,Organic,0
U06411,2025-03-15,Germany,Android,35-44,Female,Ads,0
U06412,2025-06-01,Germany,Android,18-24,Male,Organic,0
U06413,2025-03-11,Japan,iOS,55+,Male,Organic,0
U06414,2025-04-29,Germany,iOS,18-24,Female,Referral,0
U06415,2025-01-06,UK,Android,55+,Male,Organic,0
U06416,2025-06-17,Germany,iOS,45-54,Male,Ads,1
U06417,2025-05-13,India,iOS,25-34,Female,Organic,0
U06418,2025-06-20,USA,Android,18-24,Female,Organic,0
U06419,2025-06-12,Brazil,iOS,18-24,Female,Ads,0
U06420,2025-05-22,USA,iOS,18-24,Other,Referral,0
U06421,2025-06-23,Germany,iOS,18-24,Female,Organic,0
U06422,2025-01-26,Australia,iOS,25-34,Female,Ads,0
U06423,2025-04-04,India,iOS,25-34,Other,Ads,0
U06424,2025-06-28,Australia,iOS,25-34,Male,Organic,0
U06425,2025-04-05,Germany,Android,35-44,Male,Organic,0
U06426,2025-01-22,India,Android,25-34,Female,Referral,0
U06427,2025-06-22,USA,iOS,18-24,Female,Ads,0
U06428,2025-03-21,USA,Android,25-34,Female,Organic,0
U06429,2025-03-27,USA,Android,25-34,Male,Referral,0
U06430,2025-01-09,India,iOS,25-34,Male,Referral,0
U06431,2025-01-13,Germany,Android,18-24,Male,Organic,1
U06432,2025-02-20,India,Android,18-24,Female,Organic,1
U06433,2025-05-08,UK,Android,18-24,Male,Ads,0
U06434,2025-03-03,Australia,Android,18-24,Female,Organic,0
U06435,2025-01-03,Japan,Android,35-44,Female,Organic,0
U06436,2025-05-17,Canada,Android,25-34,Female,Organic,0
U06437,2025-06-18,USA,iOS,18-24,Female,Organic,0
U06438,2025-05-12,USA,Web,25-34,Female,Referral,0
U06439,2025-04-12,USA,iOS,25-34,Male,Organic,1
U06440,2025-05-30,Germany,iOS,25-34,Female,Referral,0
U06441,2025-05-25,UK,Android,25-34,Male,Organic,0
U06442,2025-04-22,Canada,iOS,35-44,Female,Organic,0
U06443,2025-05-21,Brazil,iOS,45-54,Male,Organic,0
U06444,2025-04-20,India,Android,25-34,Male,Organic,0
U06445,2025-02-13,USA,Android,35-44,Female,Referral,0
U06446,2025-05-11,USA,iOS,55+,Female,Ads,0
U06447,2025-06-19,India,iOS,18-24,Male,Organic,0
U06448,2025-03-07,USA,iOS,35-44,Male,Ads,0
U06449,2025-04-11,UK,Android,55+,Female,Ads,0
U06450,2025-04-12,Brazil,iOS,45-54,Female,Ads,0
U06451,2025-05-14,USA,Android,25-34,Male,Organic,0
U06452,2025-05-17,USA,iOS,25-34,Female,Organic,1
U06453,2025-05-01,India,iOS,35-44,Female,Referral,0
U06454,2025-01-19,India,Android,35-44,Male,Organic,0
U06455,2025-03-26,UK,Android,18-24,Male,Organic,0
U06456,2025-05-09,India,Android,18-24,Female,Ads,0
U06457,2025-05-22,UK,Android,55+,Male,Organic,0
U06458,2025-02-18,USA,iOS,18-24,Male,Organic,0
U06459,2025-04-04,India,iOS,35-44,Male,Organic,0
U06460,2025-03-09,India,Android,45-54,Female,Organic,0
U06461,2025-05-09,USA,Android,35-44,Male,Ads,0
U06462,2025-05-12,Canada,Android,55+,Male,Referral,0
U06463,2025-05-05,Japan,Android,45-54,Female,Ads,0
U06464,2025-03-16,Japan,Android,18-24,Female,Organic,0
U06465,2025-01-29,USA,iOS,45-54,Male,Referral,0
U06466,2025-06-12,USA,Android,35-44,Female,Ads,0
U06467,2025-06-10,Brazil,iOS,35-44,Male,Referral,0
U06468,2025-04-19,USA,Android,18-24,Female,Organic,0
U06469,2025-06-23,USA,iOS,45-54,Female,Organic,0
U06470,2025-04-30,Australia,iOS,35-44,Male,Ads,0
U06471,2025-01-11,USA,iOS,55+,Male,Organic,0
U06472,2025-01-03,USA,Android,18-24,Female,Ads,0
U06473,2025-05-05,Japan,iOS,25-34,Female,Organic,0
U06474,2025-01-31,Germany,iOS,35-44,Male,Referral,0
U06475,2025-04-09,Japan,iOS,25-34,Female,Organic,0
U06476,2025-06-14,Brazil,Android,18-24,Male,Ads,0
U06477,2025-04-02,India,iOS,35-44,Male,Referral,0
U06478,2025-06-15,UK,Android,18-24,Female,Organic,0
U06479,2025-04-07,Brazil,iOS,18-24,Female,Organic,1
U06480,2025-06-18,Canada,iOS,18-24,Male,Referral,1
U06481,2025-02-02,USA,Android,35-44,Male,Referral,1
U06482,2025-01-15,USA,Android,25-34,Female,Organic,1
U06483,2025-05-26,USA,Android,45-54,Female,Organic,1
U06484,2025-04-06,Japan,Android,18-24,Male,Ads,1
U06485,2025-03-04,Canada,iOS,45-54,Male,Ads,0
U06486,2025-02-16,UK,iOS,55+,Female,Organic,0
U06487,2025-03-06,UK,Web,18-24,Male,Organic,0
U06488,2025-02-24,UK,Android,18-24,Female,Organic,0
U06489,2025-01-10,UK,Android,35-44,Male,Organic,0
U06490,2025-04-09,USA,Android,25-34,Female,Organic,0
U06491,2025-02-13,Germany,Android,35-44,Female,Organic,1
U06492,2025-04-17,India,Android,18-24,Female,Organic,1
U06493,2025-05-05,Germany,Android,35-44,Male,Ads,0
U06494,2025-03-15,USA,Android,25-34,Male,Organic,0
U06495,2025-03-20,India,Android,25-34,Male,Organic,0
U06496,2025-06-08,India,Android,35-44,Female,Organic,0
U06497,2025-02-15,Canada,Android,25-34,Male,Organic,0
U06498,2025-01-16,Canada,Android,25-34,Male,Organic,0
U06499,2025-03-31,India,Android,25-34,Female,Referral,0
U06500,2025-03-28,UK,iOS,35-44,Male,Ads,1
U06501,2025-06-05,Canada,iOS,35-44,Female,Ads,0
U06502,2025-04-22,Canada,iOS,55+,Female,Organic,0
U06503,2025-03-29,USA,iOS,35-44,Male,Organic,1
U06504,2025-01-18,USA,Android,18-24,Male,Ads,1
U06505,2025-06-16,USA,Android,25-34,Female,Ads,0
U06506,2025-04-07,USA,Android,45-54,Female,Ads,0
U06507,2025-03-28,UK,Android,25-34,Female,Ads,0
U06508,2025-03-03,India,Web,25-34,Female,Organic,0
U06509,2025-01-24,Brazil,iOS,25-34,Other,Organic,0
U06510,2025-04-07,Japan,Android,25-34,Female,Ads,0
U06511,2025-05-25,USA,iOS,25-34,Female,Referral,0
U06512,2025-05-07,India,Android,25-34,Female,Referral,0
U06513,2025-01-04,Germany,iOS,45-54,Female,Organic,0
U06514,2025-01-20,Brazil,iOS,18-24,Male,Organic,1
U06515,2025-03-20,USA,Android,25-34,Female,Referral,0
U06516,2025-03-22,USA,iOS,35-44,Female,Referral,0
U06517,2025-01-07,USA,Android,35-44,Male,Ads,0
U06518,2025-04-19,Australia,iOS,45-54,Female,Referral,0
U06519,2025-04-17,Canada,iOS,18-24,Male,Ads,0
U06520,2025-01-01,India,iOS,18-24,Female,Organic,0
U06521,2025-06-10,USA,Android,18-24,Male,Organic,1
U06522,2025-01-18,Germany,Android,25-34,Other,Organic,0
U06523,2025-06-03,USA,iOS,35-44,Female,Organic,0
U06524,2025-04-28,Brazil,Android,25-34,Male,Organic,0
U06525,2025-05-01,Germany,Android,18-24,Male,Organic,0
U06526,2025-05-04,Canada,iOS,25-34,Male,Organic,1
U06527,2025-03-01,UK,Web,25-34,Male,Organic,1
U06528,2025-06-22,USA,Android,25-34,Male,Organic,0
U06529,2025-04-09,UK,Web,18-24,Female,Organic,0
U06530,2025-04-20,UK,iOS,45-54,Female,Organic,1
U06531,2025-02-10,Australia,iOS,18-24,Male,Ads,0
U06532,2025-05-08,India,iOS,18-24,Male,Referral,1
U06533,2025-05-11,India,iOS,45-54,Male,Ads,0
U06534,2025-03-30,Australia,Android,35-44,Female,Referral,0
U06535,2025-03-08,India,Android,45-54,Male,Organic,0
U06536,2025-03-12,India,iOS,25-34,Male,Organic,0
U06537,2025-06-10,India,Android,18-24,Male,Ads,1
U06538,2025-01-11,India,iOS,18-24,Male,Ads,0
U06539,2025-06-08,Germany,Android,45-54,Male,Organic,0
U06540,2025-02-13,USA,Web,18-24,Female,Organic,0
U06541,2025-06-13,Australia,Android,55+,Female,Organic,0
U06542,2025-03-30,Canada,Android,18-24,Female,Organic,1
U06543,2025-03-06,USA,iOS,35-44,Female,Organic,0
U06544,2025-04-19,Canada,Android,25-34,Male,Referral,0
U06545,2025-05-30,USA,Android,18-24,Female,Organic,0
U06546,2025-05-01,Canada,iOS,18-24,Female,Organic,0
U06547,2025-04-27,India,iOS,35-44,Male,Organic,1
U06548,2025-04-02,Germany,Android,45-54,Female,Referral,0
U06549,2025-05-20,India,Android,25-34,Male,Organic,0
U06550,2025-05-08,India,iOS,25-34,Female,Organic,0
U06551,2025-03-12,India,Web,25-34,Female,Ads,0
U06552,2025-05-20,Japan,Android,18-24,Female,Organic,1
U06553,2025-03-29,UK,Web,25-34,Male,Organic,0
U06554,2025-01-23,India,Android,35-44,Male,Organic,0
U06555,2025-01-19,UK,iOS,35-44,Female,Ads,0
U06556,2025-05-28,Canada,Web,18-24,Female,Organic,0
U06557,2025-05-08,Brazil,Android,18-24,Female,Referral,0
U06558,2025-02-13,Canada,iOS,18-24,Female,Organic,1
U06559,2025-01-01,Australia,Android,18-24,Female,Organic,0
U06560,2025-03-08,USA,Android,18-24,Male,Organic,0
U06561,2025-03-10,USA,iOS,35-44,Other,Organic,0
U06562,2025-06-11,USA,Android,18-24,Female,Organic,0
U06563,2025-05-04,Brazil,iOS,18-24,Female,Referral,0
U06564,2025-06-05,USA,iOS,45-54,Female,Organic,0
U06565,2025-02-26,India,iOS,25-34,Female,Organic,0
U06566,2025-04-17,USA,Android,18-24,Male,Referral,0
U06567,2025-04-12,India,Android,35-44,Male,Organic,0
U06568,2025-03-14,Brazil,Android,35-44,Male,Organic,0
U06569,2025-05-17,Canada,iOS,18-24,Female,Referral,0
U06570,2025-01-21,India,iOS,18-24,Male,Organic,0
U06571,2025-01-09,Canada,Android,18-24,Female,Organic,0
U06572,2025-06-24,India,Web,18-24,Female,Organic,0
U06573,2025-02-01,USA,Android,55+,Female,Ads,0
U06574,2025-04-06,USA,Android,25-34,Female,Organic,0
U06575,2025-01-28,USA,Web,18-24,Male,Ads,0
U06576,2025-06-09,Brazil,Android,25-34,Male,Organic,1
U06577,2025-05-20,Brazil,Android,35-44,Male,Referral,0
U06578,2025-05-25,India,Android,25-34,Male,Organic,0
U06579,2025-05-21,India,iOS,45-54,Male,Organic,0
U06580,2025-03-21,UK,Android,18-24,Female,Organic,0
U06581,2025-01-21,UK,Android,18-24,Male,Organic,0
U06582,2025-02-19,India,Android,25-34,Male,Organic,0
U06583,2025-04-29,USA,Android,25-34,Female,Organic,0
U06584,2025-02-08,Canada,Android,18-24,Male,Organic,0
U06585,2025-02-06,Australia,Android,18-24,Male,Referral,0
U06586,2025-01-24,Canada,Android,25-34,Female,Referral,1
U06587,2025-06-15,India,Android,18-24,Female,Organic,0
U06588,2025-03-18,India,iOS,35-44,Female,Organic,0
U06589,2025-02-11,India,iOS,18-24,Male,Organic,1
U06590,2025-03-30,Germany,Android,18-24,Male,Ads,0
U06591,2025-06-10,India,Android,35-44,Female,Referral,1
U06592,2025-06-01,Canada,Android,25-34,Female,Referral,0
U06593,2025-02-07,Brazil,iOS,18-24,Male,Organic,0
U06594,2025-05-20,USA,Android,35-44,Female,Ads,0
U06595,2025-03-07,UK,Android,35-44,Female,Organic,0
U06596,2025-01-21,USA,iOS,25-34,Female,Referral,0
U06597,2025-05-28,Germany,Android,35-44,Male,Organic,0
U06598,2025-03-22,India,iOS,25-34,Female,Organic,0
U06599,2025-01-10,UK,iOS,25-34,Female,Referral,0
U06600,2025-06-29,USA,iOS,18-24,Female,Organic,0
U06601,2025-05-03,India,Android,55+,Other,Referral,0
U06602,2025-06-12,India,Android,18-24,Female,Organic,0
U06603,2025-05-11,UK,iOS,18-24,Male,Organic,0
U06604,2025-04-25,India,iOS,18-24,Other,Organic,0
U06605,2025-01-24,Australia,iOS,18-24,Female,Referral,0
U06606,2025-05-30,Australia,Android,25-34,Female,Organic,0
U06607,2025-06-23,Brazil,Android,18-24,Male,Organic,0
U06608,2025-03-29,Japan,Web,35-44,Female,Organic,0
U06609,2025-03-30,Germany,Android,45-54,Male,Organic,0
U06610,2025-05-08,USA,Web,18-24,Female,Organic,0
U06611,2025-04-25,UK,Android,18-24,Female,Organic,0
U06612,2025-04-08,India,Android,25-34,Female,Organic,0
U06613,2025-01-27,USA,iOS,18-24,Female,Organic,0
U06614,2025-04-07,USA,iOS,25-34,Male,Ads,0
U06615,2025-01-01,Brazil,iOS,25-34,Female,Organic,0
U06616,2025-04-13,USA,Android,45-54,Female,Organic,1
U06617,2025-05-23,Canada,Android,18-24,Male,Organic,0
U06618,2025-01-10,USA,Android,18-24,Male,Organic,0
U06619,2025-04-18,Canada,Web,25-34,Female,Referral,0
U06620,2025-03-26,USA,Android,18-24,Male,Organic,0
U06621,2025-06-12,Canada,Android,45-54,Female,Organic,0
U06622,2025-04-24,Japan,iOS,25-34,Male,Organic,0
U06623,2025-04-04,USA,iOS,18-24,Female,Organic,1
U06624,2025-06-29,Germany,Android,35-44,Male,Ads,0
U06625,2025-04-09,UK,Android,18-24,Male,Ads,0
U06626,2025-06-01,USA,Android,18-24,Male,Referral,0
U06627,2025-06-28,USA,Android,18-24,Male,Organic,0
U06628,2025-06-26,UK,Android,35-44,Male,Organic,0
U06629,2025-02-04,Japan,Android,18-24,Male,Referral,1
U06630,2025-05-15,USA,iOS,25-34,Female,Referral,0
U06631,2025-04-23,UK,iOS,25-34,Male,Organic,0
U06632,2025-02-03,USA,iOS,35-44,Other,Organic,0
U06633,2025-05-22,USA,Web,25-34,Female,Organic,0
U06634,2025-06-08,India,iOS,35-44,Female,Organic,0
U06635,2025-01-25,Canada,Android,18-24,Female,Ads,0
U06636,2025-01-21,UK,iOS,18-24,Female,Organic,0
U06637,2025-03-17,India,Android,45-54,Female,Organic,0
U06638,2025-05-08,Canada,Android,55+,Female,Organic,0
U06639,2025-04-27,Germany,iOS,18-24,Male,Referral,1
U06640,2025-04-28,UK,Android,18-24,Female,Organic,0
U06641,2025-06-21,Germany,Web,55+,Male,Organic,0
U06642,2025-03-04,Japan,Android,25-34,Female,Ads,1
U06643,2025-04-08,UK,iOS,35-44,Male,Organic,1
U06644,2025-06-21,Germany,iOS,45-54,Male,Ads,1
U06645,2025-03-16,Germany,iOS,35-44,Male,Organic,0
U06646,2025-03-23,UK,Android,45-54,Female,Ads,0
U06647,2025-04-29,Brazil,Android,18-24,Male,Organic,0
U06648,2025-06-27,Canada,iOS,45-54,Female,Organic,0
U06649,2025-05-15,USA,iOS,45-54,Female,Organic,0
U06650,2025-05-29,USA,Android,25-34,Female,Ads,0
U06651,2025-02-18,Brazil,Android,35-44,Female,Ads,0
U06652,2025-02-23,Brazil,iOS,25-34,Male,Organic,0
U06653,2025-03-19,USA,Android,35-44,Female,Organic,0
U06654,2025-03-08,India,Android,18-24,Male,Referral,0
U06655,2025-02-27,UK,Android,35-44,Male,Ads,0
U06656,2025-03-29,USA,Web,25-34,Female,Ads,0
U06657,2025-06-06,UK,iOS,25-34,Male,Organic,0
U06658,2025-01-26,Germany,iOS,25-34,Female,Ads,0
U06659,2025-01-27,Brazil,iOS,25-34,Male,Ads,1
U06660,2025-03-22,UK,iOS,18-24,Male,Referral,0
U06661,2025-04-27,Brazil,Android,25-34,Male,Referral,0
U06662,2025-05-16,Canada,Android,35-44,Male,Organic,0
U06663,2025-06-22,UK,iOS,35-44,Female,Ads,0
U06664,2025-05-26,Australia,Android,18-24,Male,Organic,1
U06665,2025-04-10,Japan,Android,25-34,Male,Ads,0
U06666,2025-02-28,India,iOS,35-44,Female,Organic,0
U06667,2025-06-13,USA,Android,25-34,Male,Organic,0
U06668,2025-05-17,India,Android,18-24,Male,Ads,0
U06669,2025-04-17,USA,Android,35-44,Female,Organic,0
U06670,2025-06-17,USA,iOS,25-34,Female,Ads,0
U06671,2025-03-02,Japan,Android,45-54,Female,Organic,0
U06672,2025-05-19,USA,Android,45-54,Male,Organic,1
U06673,2025-05-24,India,Android,25-34,Female,Organic,0
U06674,2025-04-18,Brazil,iOS,25-34,Male,Organic,1
U06675,2025-05-03,Germany,Android,18-24,Female,Organic,0
U06676,2025-02-12,India,Android,18-24,Male,Organic,0
U06677,2025-02-09,UK,iOS,25-34,Male,Organic,0
U06678,2025-02-10,Japan,Android,18-24,Female,Organic,1
U06679,2025-05-02,India,iOS,35-44,Female,Organic,0
U06680,2025-05-19,Canada,Android,35-44,Female,Organic,0
U06681,2025-02-26,India,Android,25-34,Female,Organic,0
U06682,2025-05-14,India,Android,25-34,Male,Ads,0
U06683,2025-03-09,India,Android,25-34,Female,Organic,0
U06684,2025-06-28,Brazil,Android,25-34,Female,Organic,0
U06685,2025-05-11,Canada,Android,18-24,Other,Referral,0
U06686,2025-01-26,USA,Android,18-24,Female,Organic,0
U06687,2025-05-18,India,iOS,55+,Male,Organic,0
U06688,2025-05-07,USA,Android,45-54,Male,Ads,0
U06689,2025-02-04,Germany,iOS,25-34,Male,Organic,0
U06690,2025-04-08,Canada,iOS,18-24,Female,Organic,1
U06691,2025-04-16,Brazil,Android,18-24,Other,Organic,0
U06692,2025-05-15,Brazil,iOS,18-24,Male,Ads,0
U06693,2025-05-04,India,Android,18-24,Male,Organic,1
U06694,2025-03-04,India,Android,25-34,Male,Organic,0
U06695,2025-05-18,USA,Android,35-44,Female,Referral,0
U06696,2025-01-23,Canada,Android,45-54,Female,Organic,0
U06697,2025-05-28,USA,iOS,25-34,Male,Ads,0
U06698,2025-03-10,India,iOS,25-34,Female,Organic,0
U06699,2025-04-20,Germany,Android,18-24,Female,Organic,0
U06700,2025-04-04,USA,Android,25-34,Male,Ads,0
U06701,2025-04-24,USA,iOS,25-34,Female,Organic,0
U06702,2025-04-21,Australia,Android,18-24,Other,Organic,0
U06703,2025-05-10,India,iOS,25-34,Female,Ads,0
U06704,2025-05-18,Japan,Android,18-24,Male,Organic,0
U06705,2025-03-23,Brazil,Android,18-24,Female,Organic,0
U06706,2025-05-11,UK,iOS,25-34,Male,Organic,0
U06707,2025-05-26,UK,Android,45-54,Female,Referral,0
U06708,2025-06-23,India,Android,18-24,Male,Referral,0
U06709,2025-06-13,USA,Android,25-34,Male,Organic,0
U06710,2025-04-14,India,iOS,18-24,Male,Organic,0
U06711,2025-02-25,India,Android,25-34,Female,Ads,0
U06712,2025-06-20,UK,Android,35-44,Male,Organic,1
U06713,2025-06-14,USA,iOS,18-24,Male,Organic,1
U06714,2025-03-24,Japan,iOS,18-24,Female,Ads,0
U06715,2025-06-06,India,Web,18-24,Female,Organic,1
U06716,2025-01-03,Australia,iOS,18-24,Male,Referral,0
U06717,2025-04-12,USA,Web,18-24,Male,Organic,1
U06718,2025-01-21,Australia,Android,35-44,Male,Organic,0
U06719,2025-01-05,Brazil,Android,18-24,Male,Organic,1
U06720,2025-03-15,India,Android,35-44,Female,Ads,1
U06721,2025-01-29,Brazil,iOS,18-24,Female,Organic,0
U06722,2025-01-11,Canada,Android,18-24,Female,Organic,0
U06723,2025-05-11,Canada,iOS,35-44,Male,Organic,0
U06724,2025-01-11,UK,Android,25-34,Male,Organic,1
U06725,2025-02-08,USA,Android,18-24,Female,Organic,0
U06726,2025-02-21,Brazil,iOS,55+,Other,Organic,1
U06727,2025-05-26,USA,Android,18-24,Female,Ads,0
U06728,2025-06-02,USA,Android,18-24,Female,Organic,0
U06729,2025-02-01,India,Android,25-34,Female,Organic,0
U06730,2025-02-25,USA,Android,18-24,Male,Organic,0
U06731,2025-05-13,USA,Android,35-44,Female,Organic,0
U06732,2025-02-18,Canada,Android,35-44,Male,Organic,0
U06733,2025-01-29,Germany,Android,35-44,Female,Ads,0
U06734,2025-06-12,UK,Android,18-24,Female,Ads,0
U06735,2025-01-13,Germany,Android,18-24,Male,Organic,0
U06736,2025-05-15,USA,Android,45-54,Male,Organic,0
U06737,2025-06-02,USA,Android,55+,Female,Ads,0
U06738,2025-02-27,USA,Android,18-24,Female,Referral,1
U06739,2025-02-09,Australia,Android,35-44,Male,Organic,0
U06740,2025-05-27,USA,Android,45-54,Male,Ads,0
U06741,2025-04-16,USA,Android,25-34,Other,Organic,0
U06742,2025-01-07,USA,Android,35-44,Female,Organic,1
U06743,2025-03-11,India,Android,18-24,Male,Organic,0
U06744,2025-06-08,Australia,iOS,18-24,Male,Organic,0
U06745,2025-03-29,USA,Android,18-24,Female,Ads,0
U06746,2025-01-20,Germany,iOS,45-54,Female,Ads,0
U06747,2025-04-30,India,Android,18-24,Female,Organic,1
U06748,2025-06-18,Canada,Android,55+,Female,Organic,0
U06749,2025-05-12,India,Android,35-44,Other,Ads,0
U06750,2025-05-24,Germany,Android,35-44,Male,Ads,0
U06751,2025-04-20,USA,iOS,35-44,Female,Organic,0
U06752,2025-06-17,Brazil,iOS,18-24,Female,Ads,1
U06753,2025-02-13,Brazil,Android,18-24,Female,Organic,0
U06754,2025-05-25,Germany,Web,25-34,Male,Referral,0
U06755,2025-05-06,Australia,Android,18-24,Male,Ads,1
U06756,2025-04-19,Germany,iOS,25-34,Male,Organic,0
U06757,2025-03-17,UK,Android,18-24,Female,Organic,0
U06758,2025-02-16,India,Android,18-24,Female,Organic,1
U06759,2025-04-10,Canada,Android,35-44,Male,Ads,0
U06760,2025-06-02,India,Android,25-34,Male,Organic,0
U06761,2025-06-04,Germany,Android,18-24,Female,Organic,0
U06762,2025-06-05,Brazil,Android,25-34,Female,Organic,1
U06763,2025-05-16,India,Android,18-24,Female,Ads,0
U06764,2025-02-25,UK,Android,18-24,Male,Referral,0
U06765,2025-05-15,USA,iOS,18-24,Female,Referral,0
U06766,2025-05-10,Brazil,iOS,25-34,Female,Ads,0
U06767,2025-01-10,USA,iOS,18-24,Female,Organic,0
U06768,2025-06-29,Germany,Android,25-34,Male,Organic,1
U06769,2025-03-16,Australia,Android,35-44,Female,Organic,0
U06770,2025-03-17,Germany,Android,35-44,Female,Organic,0
U06771,2025-03-22,India,Android,25-34,Male,Organic,0
U06772,2025-06-03,USA,iOS,25-34,Male,Organic,0
U06773,2025-05-14,Brazil,Android,18-24,Female,Organic,0
U06774,2025-03-02,UK,Android,25-34,Male,Referral,0
U06775,2025-04-18,Germany,iOS,18-24,Female,Organic,1
U06776,2025-01-11,Germany,Android,25-34,Male,Organic,0
U06777,2025-01-03,USA,iOS,18-24,Other,Referral,0
U06778,2025-05-25,USA,Android,18-24,Male,Organic,0
U06779,2025-02-18,USA,Android,18-24,Male,Organic,0
U06780,2025-02-09,USA,Android,25-34,Female,Organic,0
U06781,2025-05-01,Japan,iOS,18-24,Male,Ads,0
U06782,2025-06-18,Brazil,Android,35-44,Female,Referral,0
U06783,2025-06-01,Australia,iOS,18-24,Female,Ads,0
U06784,2025-06-17,USA,Android,18-24,Male,Organic,0
U06785,2025-06-18,Canada,iOS,25-34,Male,Organic,0
U06786,2025-03-28,Australia,Android,55+,Male,Referral,0
U06787,2025-06-11,USA,iOS,25-34,Female,Ads,0
U06788,2025-02-13,USA,Android,18-24,Male,Ads,0
U06789,2025-06-26,Brazil,Web,35-44,Female,Organic,0
U06790,2025-05-04,Australia,iOS,45-54,Female,Ads,0
U06791,2025-05-17,USA,Android,45-54,Female,Referral,1
U06792,2025-05-18,USA,Android,35-44,Male,Organic,0
U06793,2025-05-06,USA,Android,35-44,Female,Ads,0
U06794,2025-03-13,USA,iOS,45-54,Female,Organic,1
U06795,2025-05-27,USA,Android,25-34,Female,Referral,1
U06796,2025-04-25,UK,iOS,55+,Female,Organic,0
U06797,2025-04-17,Japan,Android,45-54,Male,Organic,1
U06798,2025-05-24,USA,Android,18-24,Female,Ads,0
U06799,2025-04-28,Brazil,Android,18-24,Female,Organic,0
U06800,2025-02-08,USA,Android,45-54,Male,Organic,1
U06801,2025-05-31,USA,Android,18-24,Male,Organic,0
U06802,2025-05-21,USA,iOS,18-24,Female,Organic,0
U06803,2025-02-07,USA,Android,25-34,Male,Organic,0
U06804,2025-02-27,UK,Android,18-24,Female,Ads,0
U06805,2025-03-29,Canada,Android,25-34,Male,Ads,0
U06806,2025-02-04,Germany,iOS,25-34,Female,Organic,0
U06807,2025-05-13,Australia,Web,18-24,Female,Ads,0
U06808,2025-01-15,India,Android,35-44,Female,Referral,0
U06809,2025-02-06,USA,Android,45-54,Male,Organic,0
U06810,2025-02-03,India,Android,45-54,Female,Referral,1
U06811,2025-05-23,UK,iOS,55+,Female,Organic,0
U06812,2025-04-10,Japan,Android,18-24,Male,Organic,0
U06813,2025-01-24,Brazil,Android,18-24,Male,Organic,0
U06814,2025-03-15,Germany,Android,25-34,Female,Organic,0
U06815,2025-01-08,USA,Android,45-54,Female,Organic,0
U06816,2025-03-25,Germany,Android,35-44,Male,Ads,0
U06817,2025-02-24,Canada,iOS,18-24,Female,Ads,0
U06818,2025-04-19,Brazil,iOS,18-24,Male,Organic,0
U06819,2025-02-21,USA,iOS,18-24,Male,Organic,0
U06820,2025-01-26,USA,iOS,25-34,Male,Organic,1
U06821,2025-02-01,UK,Android,45-54,Male,Organic,1
U06822,2025-04-24,India,Android,25-34,Female,Referral,0
U06823,2025-06-14,Brazil,Android,45-54,Male,Ads,0
U06824,2025-02-19,Japan,Android,18-24,Female,Ads,0
U06825,2025-01-02,Canada,Android,18-24,Female,Ads,0
U06826,2025-03-06,India,Android,25-34,Female,Organic,0
U06827,2025-04-01,India,iOS,18-24,Female,Organic,0
U06828,2025-05-18,Brazil,Android,18-24,Female,Ads,1
U06829,2025-01-31,UK,Android,25-34,Female,Ads,0
U06830,2025-01-08,Brazil,Android,35-44,Male,Organic,0
U06831,2025-01-30,Canada,iOS,18-24,Female,Organic,0
U06832,2025-03-04,UK,Android,25-34,Male,Referral,0
U06833,2025-04-26,UK,Android,25-34,Male,Ads,0
U06834,2025-01-10,USA,iOS,25-34,Female,Organic,0
U06835,2025-05-31,USA,Android,18-24,Other,Organic,1
U06836,2025-05-02,India,iOS,35-44,Female,Ads,1
U06837,2025-04-30,USA,Android,55+,Male,Referral,0
U06838,2025-06-13,India,Android,25-34,Female,Ads,0
U06839,2025-05-09,India,Android,55+,Female,Ads,0
U06840,2025-02-28,India,iOS,55+,Male,Organic,0
U06841,2025-04-06,Canada,Android,25-34,Male,Ads,1
U06842,2025-06-03,Canada,iOS,45-54,Male,Organic,1
U06843,2025-04-22,USA,iOS,25-34,Female,Referral,0
U06844,2025-04-17,Brazil,Android,25-34,Male,Ads,0
U06845,2025-03-11,Brazil,Android,25-34,Female,Ads,0
U06846,2025-01-15,Brazil,iOS,18-24,Female,Organic,1
U06847,2025-06-02,USA,iOS,18-24,Female,Organic,0
U06848,2025-05-18,Germany,iOS,18-24,Female,Ads,0
U06849,2025-03-03,USA,iOS,35-44,Female,Organic,0
U06850,2025-04-13,USA,Android,25-34,Male,Referral,0
U06851,2025-02-12,Australia,Android,18-24,Male,Organic,0
U06852,2025-02-05,Canada,iOS,18-24,Female,Organic,0
U06853,2025-04-12,USA,Android,35-44,Female,Referral,0
U06854,2025-01-14,India,iOS,25-34,Female,Organic,0
U06855,2025-06-02,UK,Android,35-44,Female,Organic,0
U06856,2025-04-09,USA,Android,25-34,Female,Organic,0
U06857,2025-01-31,Brazil,Android,25-34,Male,Organic,0
U06858,2025-03-22,Canada,Android,18-24,Female,Ads,0
U06859,2025-04-16,USA,Android,18-24,Female,Organic,0
U06860,2025-04-15,USA,Android,18-24,Female,Organic,0
U06861,2025-03-20,India,iOS,18-24,Female,Organic,0
U06862,2025-01-18,USA,Web,18-24,Male,Referral,1
U06863,2025-03-09,India,Android,25-34,Male,Ads,0
U06864,2025-02-12,Australia,Android,55+,Male,Organic,0
U06865,2025-06-21,Germany,Android,45-54,Male,Organic,0
U06866,2025-02-11,Germany,iOS,18-24,Other,Ads,0
U06867,2025-05-09,Canada,Android,25-34,Male,Organic,1
U06868,2025-03-06,Australia,Android,18-24,Female,Organic,0
U06869,2025-03-06,USA,Web,45-54,Male,Organic,0
U06870,2025-03-12,USA,Android,18-24,Male,Organic,0
U06871,2025-02-27,Canada,Web,25-34,Male,Referral,0
U06872,2025-02-12,USA,Android,55+,Male,Organic,0
U06873,2025-05-27,UK,iOS,18-24,Male,Organic,0
U06874,2025-05-01,Brazil,Android,25-34,Male,Organic,0
U06875,2025-04-14,Canada,iOS,55+,Male,Referral,0
U06876,2025-04-03,USA,iOS,45-54,Male,Organic,0
U06877,2025-04-20,USA,Android,25-34,Male,Organic,0
U06878,2025-06-09,Canada,iOS,18-24,Male,Organic,1
U06879,2025-05-27,Japan,iOS,25-34,Female,Organic,0
U06880,2025-05-07,Brazil,iOS,18-24,Female,Referral,1
U06881,2025-01-02,USA,Android,18-24,Male,Ads,0
U06882,2025-01-23,USA,Android,25-34,Female,Ads,0
U06883,2025-05-10,Canada,Android,18-24,Male,Organic,1
U06884,2025-03-09,USA,iOS,18-24,Male,Organic,0
U06885,2025-03-28,Germany,Web,35-44,Male,Organic,0
U06886,2025-02-16,UK,Android,45-54,Female,Organic,0
U06887,2025-06-25,India,iOS,18-24,Male,Referral,0
U06888,2025-05-05,Canada,iOS,18-24,Female,Ads,0
U06889,2025-04-30,UK,Android,18-24,Male,Organic,0
U06890,2025-06-28,India,Android,18-24,Male,Organic,0
U06891,2025-05-01,India,Android,25-34,Male,Organic,0
U06892,2025-02-17,USA,Android,18-24,Female,Organic,0
U06893,2025-01-08,USA,Android,18-24,Female,Referral,0
U06894,2025-05-13,Canada,iOS,55+,Male,Organic,0
U06895,2025-06-21,Germany,iOS,45-54,Female,Organic,0
U06896,2025-03-04,UK,Android,18-24,Other,Organic,0
U06897,2025-03-16,Germany,Android,18-24,Male,Ads,0
U06898,2025-06-27,USA,Android,18-24,Female,Referral,0
U06899,2025-06-04,Brazil,Web,18-24,Male,Ads,0
U06900,2025-01-23,Germany,Android,18-24,Female,Organic,1
U06901,2025-03-16,USA,iOS,25-34,Female,Organic,0
U06902,2025-02-19,Japan,Android,25-34,Male,Ads,0
U06903,2025-04-15,Australia,iOS,25-34,Female,Organic,1
U06904,2025-05-21,USA,iOS,18-24,Other,Referral,0
U06905,2025-02-24,USA,Android,35-44,Male,Referral,0
U06906,2025-01-05,Brazil,iOS,45-54,Male,Ads,0
U06907,2025-06-26,Brazil,iOS,35-44,Male,Referral,1
U06908,2025-04-11,USA,iOS,18-24,Female,Organic,0
U06909,2025-06-09,UK,Android,45-54,Male,Organic,0
U06910,2025-05-30,Brazil,iOS,25-34,Female,Organic,0
U06911,2025-03-14,Brazil,Android,45-54,Female,Organic,1
U06912,2025-04-10,UK,Android,35-44,Male,Organic,0
U06913,2025-06-05,India,Android,25-34,Male,Organic,0
U06914,2025-04-09,USA,Android,55+,Male,Ads,0
U06915,2025-03-28,India,Android,25-34,Male,Organic,0
U06916,2025-04-05,Germany,Android,25-34,Male,Ads,0
U06917,2025-01-09,Canada,iOS,35-44,Female,Organic,0
U06918,2025-02-27,Canada,Android,25-34,Male,Organic,1
U06919,2025-06-24,UK,Android,18-24,Female,Organic,0
U06920,2025-05-07,Japan,Android,45-54,Female,Organic,0
U06921,2025-02-07,Canada,Android,55+,Male,Ads,0
U06922,2025-03-04,USA,iOS,25-34,Female,Ads,0
U06923,2025-04-10,USA,Android,25-34,Male,Organic,0
U06924,2025-01-16,Australia,Android,25-34,Male,Organic,0
U06925,2025-01-19,UK,Android,18-24,Male,Organic,1
U06926,2025-02-02,UK,iOS,45-54,Male,Organic,0
U06927,2025-05-31,USA,Android,45-54,Male,Organic,0
U06928,2025-04-15,UK,Android,45-54,Female,Ads,0
U06929,2025-04-14,India,Android,35-44,Male,Organic,0
U06930,2025-01-02,UK,Android,35-44,Female,Referral,0
U06931,2025-05-02,Brazil,iOS,45-54,Other,Organic,0
U06932,2025-01-13,Germany,iOS,35-44,Male,Referral,0
U06933,2025-02-10,USA,Android,25-34,Female,Ads,0
U06934,2025-05-11,India,Android,18-24,Male,Organic,0
U06935,2025-05-03,Canada,Android,45-54,Male,Ads,1
U06936,2025-05-31,UK,iOS,25-34,Male,Organic,0
U06937,2025-02-11,Germany,Android,25-34,Male,Organic,0
U06938,2025-06-17,USA,Web,18-24,Male,Organic,0
U06939,2025-05-14,USA,Android,25-34,Male,Referral,0
U06940,2025-03-24,Germany,iOS,45-54,Female,Referral,0
U06941,2025-06-12,USA,Android,18-24,Female,Organic,1
U06942,2025-01-21,USA,Android,18-24,Female,Organic,0
U06943,2025-02-09,India,Android,45-54,Female,Referral,0
U06944,2025-04-15,Germany,Android,35-44,Male,Organic,0
U06945,2025-06-10,Brazil,iOS,18-24,Female,Ads,1
U06946,2025-05-17,India,Android,45-54,Female,Organic,0
U06947,2025-06-20,Brazil,Web,25-34,Female,Ads,0
U06948,2025-05-24,Germany,Android,45-54,Male,Organic,1
U06949,2025-05-31,USA,iOS,25-34,Female,Organic,0
U06950,2025-03-26,Australia,iOS,45-54,Female,Referral,0
U06951,2025-05-06,USA,Android,18-24,Male,Organic,1
U06952,2025-06-08,UK,iOS,25-34,Male,Organic,0
U06953,2025-01-15,Germany,Android,25-34,Male,Ads,0
U06954,2025-05-26,USA,iOS,18-24,Female,Organic,0
U06955,2025-05-14,Canada,iOS,25-34,Female,Organic,0
U06956,2025-01-30,USA,iOS,45-54,Female,Ads,0
U06957,2025-01-05,Canada,iOS,45-54,Female,Ads,0
U06958,2025-03-31,India,iOS,18-24,Male,Ads,0
U06959,2025-05-20,India,iOS,25-34,Female,Ads,0
U06960,2025-03-06,India,Web,18-24,Female,Ads,0
U06961,2025-01-08,USA,iOS,35-44,Female,Organic,0
U06962,2025-01-17,Germany,Android,18-24,Male,Referral,0
U06963,2025-01-15,India,iOS,45-54,Male,Organic,0
U06964,2025-01-11,UK,Android,18-24,Female,Organic,1
U06965,2025-02-04,UK,iOS,25-34,Male,Ads,0
U06966,2025-06-04,India,Android,18-24,Male,Organic,0
U06967,2025-02-18,USA,Android,18-24,Male,Referral,0
U06968,2025-04-19,USA,iOS,35-44,Female,Ads,0
U06969,2025-01-14,USA,Android,18-24,Female,Ads,1
U06970,2025-04-22,India,iOS,55+,Female,Organic,0
U06971,2025-06-09,India,Android,18-24,Male,Ads,0
U06972,2025-02-14,Australia,Android,18-24,Female,Referral,1
U06973,2025-06-26,Brazil,iOS,35-44,Male,Organic,0
U06974,2025-02-20,Japan,iOS,45-54,Male,Organic,0
U06975,2025-03-21,India,iOS,25-34,Male,Referral,0
U06976,2025-03-17,USA,Android,18-24,Male,Organic,0
U06977,2025-03-29,Japan,Android,25-34,Male,Organic,0
U06978,2025-05-03,Germany,Android,45-54,Female,Organic,0
U06979,2025-03-20,Australia,iOS,18-24,Male,Organic,0
U06980,2025-03-26,USA,iOS,25-34,Male,Ads,0
U06981,2025-03-03,UK,Android,35-44,Female,Ads,0
U06982,2025-01-04,Australia,Android,25-34,Female,Ads,0
U06983,2025-03-17,India,iOS,45-54,Male,Referral,0
U06984,2025-05-11,Canada,Android,25-34,Male,Ads,0
U06985,2025-01-23,USA,Android,25-34,Female,Ads,1
U06986,2025-04-14,USA,iOS,25-34,Male,Organic,0
U06987,2025-01-02,Canada,iOS,35-44,Female,Organic,0
U06988,2025-05-05,USA,Android,18-24,Female,Organic,0
U06989,2025-05-20,USA,iOS,18-24,Male,Organic,0
U06990,2025-05-01,UK,iOS,18-24,Male,Organic,0
U06991,2025-01-13,India,iOS,25-34,Female,Organic,0
U06992,2025-05-27,Germany,Android,18-24,Male,Referral,0
U06993,2025-05-25,India,iOS,18-24,Male,Organic,0
U06994,2025-04-24,USA,Android,18-24,Male,Referral,0
U06995,2025-01-09,Canada,Android,35-44,Female,Ads,1
U06996,2025-05-17,USA,iOS,18-24,Female,Organic,1
U06997,2025-06-14,USA,Android,18-24,Female,Organic,1
U06998,2025-01-15,Australia,iOS,35-44,Male,Referral,0
U06999,2025-03-11,USA,Android,25-34,Female,Organic,0
U07000,2025-04-08,USA,iOS,18-24,Female,Organic,0
U07001,2025-01-21,USA,Android,35-44,Male,Organic,0
U07002,2025-02-26,India,Android,25-34,Female,Organic,1
U07003,2025-06-02,USA,Android,18-24,Female,Organic,0
U07004,2025-05-14,UK,iOS,25-34,Male,Organic,1
U07005,2025-02-28,USA,Android,25-34,Male,Referral,0
U07006,2025-04-28,India,iOS,25-34,Male,Organic,0
U07007,2025-01-17,Germany,Android,25-34,Female,Organic,0
U07008,2025-02-24,Australia,Android,25-34,Female,Organic,0
U07009,2025-05-29,Germany,iOS,35-44,Female,Ads,0
U07010,2025-06-29,Brazil,Android,25-34,Female,Organic,0
U07011,2025-03-26,USA,Android,18-24,Male,Organic,0
U07012,2025-03-16,USA,iOS,18-24,Female,Ads,1
U07013,2025-03-18,USA,Web,25-34,Male,Organic,0
U07014,2025-06-09,Australia,iOS,35-44,Female,Organic,0
U07015,2025-05-09,Canada,Android,18-24,Female,Organic,0
U07016,2025-01-06,USA,Android,35-44,Female,Organic,0
U07017,2025-04-03,USA,Android,18-24,Male,Organic,0
U07018,2025-01-31,USA,iOS,45-54,Female,Referral,0
U07019,2025-04-14,Japan,Android,45-54,Female,Organic,0
U07020,2025-02-12,USA,iOS,25-34,Male,Ads,0
U07021,2025-01-27,India,Android,35-44,Male,Organic,1
U07022,2025-05-26,USA,Android,25-34,Male,Organic,0
U07023,2025-03-17,Japan,iOS,45-54,Other,Referral,0
U07024,2025-06-04,Brazil,Android,18-24,Female,Organic,0
U07025,2025-06-04,India,Android,25-34,Male,Organic,0
U07026,2025-06-14,UK,Android,55+,Female,Organic,0
U07027,2025-04-16,USA,iOS,45-54,Male,Organic,0
U07028,2025-02-27,India,Web,18-24,Male,Organic,0
U07029,2025-05-04,Canada,Android,35-44,Female,Ads,0
U07030,2025-01-28,Germany,Android,25-34,Female,Organic,0
U07031,2025-02-27,Japan,iOS,35-44,Female,Organic,0
U07032,2025-05-12,Australia,iOS,25-34,Female,Organic,0
U07033,2025-06-22,UK,Android,25-34,Female,Ads,0
U07034,2025-06-27,Australia,iOS,18-24,Male,Ads,0
U07035,2025-06-04,India,Android,25-34,Male,Organic,0
U07036,2025-06-18,UK,Web,18-24,Female,Referral,0
U07037,2025-05-22,Germany,iOS,18-24,Male,Ads,0
U07038,2025-05-06,Canada,Web,45-54,Male,Organic,0
U07039,2025-03-14,Canada,Android,35-44,Male,Organic,0
U07040,2025-01-03,Brazil,Android,45-54,Female,Organic,1
U07041,2025-04-18,Canada,Android,18-24,Female,Organic,0
U07042,2025-06-19,India,Android,55+,Female,Organic,0
U07043,2025-04-18,Australia,iOS,18-24,Male,Referral,0
U07044,2025-01-28,Australia,Android,18-24,Female,Organic,0
U07045,2025-01-24,USA,Android,25-34,Male,Ads,1
U07046,2025-01-09,Canada,iOS,25-34,Male,Ads,0
U07047,2025-01-01,Canada,Android,25-34,Male,Ads,1
U07048,2025-04-22,India,Android,35-44,Male,Organic,0
U07049,2025-04-26,USA,iOS,18-24,Female,Organic,0
U07050,2025-03-18,Germany,iOS,25-34,Male,Organic,0
U07051,2025-04-15,USA,Android,45-54,Male,Referral,0
U07052,2025-04-17,India,Android,35-44,Male,Ads,0
U07053,2025-01-17,Germany,iOS,18-24,Female,Organic,0
U07054,2025-03-01,India,Android,35-44,Male,Organic,0
U07055,2025-02-10,UK,Android,25-34,Male,Ads,0
U07056,2025-05-26,Brazil,Android,18-24,Female,Organic,0
U07057,2025-05-24,India,Android,18-24,Male,Ads,1
U07058,2025-06-25,India,Android,25-34,Male,Organic,0
U07059,2025-05-21,USA,iOS,35-44,Female,Organic,0
U07060,2025-03-08,Japan,iOS,25-34,Male,Organic,0
U07061,2025-02-11,India,Android,18-24,Male,Ads,0
U07062,2025-03-22,USA,Android,18-24,Female,Ads,1
U07063,2025-06-25,USA,iOS,25-34,Male,Ads,0
U07064,2025-05-06,USA,Android,25-34,Female,Organic,0
U07065,2025-06-15,Canada,Android,55+,Female,Ads,1
U07066,2025-04-10,India,Android,25-34,Male,Organic,0
U07067,2025-01-28,UK,Web,18-24,Female,Organic,0
U07068,2025-02-01,UK,Android,25-34,Female,Organic,0
U07069,2025-02-05,USA,Android,35-44,Female,Ads,0
U07070,2025-02-12,USA,Android,18-24,Male,Ads,0
U07071,2025-04-30,Australia,Android,35-44,Male,Ads,0
U07072,2025-06-12,India,Android,35-44,Female,Organic,0
U07073,2025-02-19,Canada,iOS,18-24,Female,Organic,0
U07074,2025-02-07,India,Web,25-34,Male,Organic,0
U07075,2025-01-23,USA,Android,25-34,Male,Ads,1
U07076,2025-02-05,India,Android,25-34,Female,Organic,0
U07077,2025-05-11,India,Android,35-44,Female,Organic,0
U07078,2025-06-05,Japan,Android,18-24,Other,Organic,0
U07079,2025-04-21,India,iOS,45-54,Male,Ads,0
U07080,2025-06-15,Brazil,Android,18-24,Male,Organic,0
U07081,2025-01-11,USA,Android,25-34,Male,Ads,0
U07082,2025-06-15,USA,iOS,25-34,Male,Ads,0
U07083,2025-05-26,Germany,iOS,35-44,Male,Organic,0
U07084,2025-04-17,USA,Android,35-44,Male,Organic,0
U07085,2025-03-31,UK,Android,25-34,Male,Organic,0
U07086,2025-05-06,USA,Android,35-44,Male,Organic,0
U07087,2025-04-17,Canada,Android,45-54,Male,Organic,0
U07088,2025-01-15,India,Android,25-34,Female,Referral,1
U07089,2025-02-26,Canada,Android,55+,Female,Organic,1
U07090,2025-05-11,UK,Android,18-24,Female,Ads,0
U07091,2025-01-14,Japan,iOS,45-54,Female,Organic,0
U07092,2025-02-18,Canada,iOS,18-24,Male,Organic,0
U07093,2025-01-20,Canada,iOS,35-44,Male,Referral,0
U07094,2025-02-08,USA,Android,55+,Female,Organic,0
U07095,2025-05-21,USA,iOS,18-24,Female,Organic,0
U07096,2025-04-23,Germany,Android,18-24,Male,Referral,0
U07097,2025-04-05,India,iOS,45-54,Other,Organic,0
U07098,2025-03-06,USA,Android,25-34,Male,Organic,1
U07099,2025-03-11,Canada,Android,45-54,Female,Ads,0
U07100,2025-01-25,India,iOS,35-44,Female,Organic,0
U07101,2025-05-11,Brazil,iOS,45-54,Male,Organic,0
U07102,2025-05-08,USA,iOS,35-44,Male,Organic,0
U07103,2025-02-15,USA,iOS,25-34,Male,Ads,0
U07104,2025-01-20,UK,iOS,35-44,Female,Organic,0
U07105,2025-02-25,India,Android,18-24,Female,Organic,1
U07106,2025-05-01,UK,iOS,18-24,Female,Ads,0
U07107,2025-01-14,India,Android,18-24,Male,Organic,0
U07108,2025-06-24,Japan,Web,45-54,Female,Organic,1
U07109,2025-02-07,Canada,Android,25-34,Female,Ads,1
U07110,2025-03-03,UK,Android,18-24,Male,Ads,0
U07111,2025-04-05,Canada,iOS,45-54,Male,Ads,0
U07112,2025-03-29,USA,iOS,25-34,Female,Organic,0
U07113,2025-03-05,Germany,Android,25-34,Female,Organic,0
U07114,2025-04-30,India,Android,25-34,Female,Organic,0
U07115,2025-05-09,India,Android,25-34,Female,Organic,0
U07116,2025-03-01,Australia,Android,55+,Male,Organic,0
U07117,2025-05-15,Brazil,Android,18-24,Male,Organic,0
U07118,2025-04-24,USA,iOS,18-24,Male,Organic,0
U07119,2025-01-30,India,Android,25-34,Female,Organic,0
U07120,2025-04-20,USA,Android,35-44,Male,Organic,0
U07121,2025-04-21,USA,Android,18-24,Female,Organic,1
U07122,2025-03-12,USA,Android,25-34,Male,Organic,0
U07123,2025-06-06,Brazil,iOS,18-24,Female,Organic,0
U07124,2025-03-03,Brazil,iOS,18-24,Female,Organic,1
U07125,2025-03-25,UK,Android,55+,Male,Organic,0
U07126,2025-02-02,Brazil,iOS,25-34,Female,Organic,0
U07127,2025-01-01,USA,Android,18-24,Female,Organic,0
U07128,2025-03-02,India,Android,18-24,Male,Ads,0
U07129,2025-02-17,USA,Android,25-34,Female,Organic,0
U07130,2025-06-02,UK,Android,25-34,Female,Organic,0
U07131,2025-02-13,Australia,iOS,25-34,Male,Organic,0
U07132,2025-05-19,Australia,Android,18-24,Male,Organic,0
U07133,2025-05-24,UK,Android,18-24,Female,Ads,0
U07134,2025-05-05,UK,Android,18-24,Female,Organic,0
U07135,2025-03-26,India,iOS,25-34,Male,Referral,0
U07136,2025-02-23,Canada,iOS,45-54,Female,Organic,0
U07137,2025-06-13,India,Android,25-34,Female,Organic,0
U07138,2025-03-11,Canada,Android,25-34,Male,Referral,1
U07139,2025-01-27,Canada,iOS,18-24,Female,Organic,0
U07140,2025-05-12,Australia,Web,18-24,Female,Organic,0
U07141,2025-05-23,UK,Android,35-44,Male,Organic,0
U07142,2025-03-06,Brazil,iOS,55+,Female,Organic,0
U07143,2025-06-20,India,iOS,18-24,Male,Ads,0
U07144,2025-04-04,India,Android,18-24,Male,Ads,0
U07145,2025-03-31,USA,iOS,18-24,Male,Ads,0
U07146,2025-03-28,India,iOS,18-24,Male,Ads,1
U07147,2025-03-11,UK,Web,35-44,Female,Organic,0
U07148,2025-05-31,India,Android,25-34,Male,Ads,0
U07149,2025-03-01,India,iOS,18-24,Male,Ads,0
U07150,2025-04-05,USA,iOS,35-44,Female,Referral,1
U07151,2025-04-18,USA,Android,25-34,Female,Organic,0
U07152,2025-01-22,Germany,Android,25-34,Male,Ads,0
U07153,2025-02-04,Germany,Web,18-24,Female,Organic,0
U07154,2025-05-06,USA,Android,35-44,Male,Ads,0
U07155,2025-04-28,Australia,iOS,55+,Other,Ads,1
U07156,2025-01-16,India,Android,25-34,Male,Ads,0
U07157,2025-06-13,USA,Android,18-24,Male,Organic,0
U07158,2025-02-24,Japan,Android,18-24,Female,Organic,0
U07159,2025-06-16,Canada,Android,35-44,Female,Referral,0
U07160,2025-06-10,Germany,Android,35-44,Female,Organic,0
U07161,2025-01-28,Australia,Android,55+,Female,Ads,0
U07162,2025-06-23,USA,iOS,35-44,Male,Ads,1
U07163,2025-04-15,UK,Android,18-24,Female,Organic,1
U07164,2025-02-08,Germany,Android,25-34,Female,Organic,0
U07165,2025-02-21,Canada,iOS,55+,Male,Organic,0
U07166,2025-05-23,India,Android,45-54,Female,Ads,0
U07167,2025-06-22,USA,Android,18-24,Male,Organic,0
U07168,2025-05-02,Canada,iOS,35-44,Female,Organic,0
U07169,2025-01-15,Australia,Android,35-44,Male,Organic,0
U07170,2025-05-22,Germany,iOS,55+,Male,Organic,0
U07171,2025-01-15,Canada,Android,35-44,Male,Organic,0
U07172,2025-06-23,Brazil,iOS,18-24,Female,Organic,0
U07173,2025-01-04,India,Android,18-24,Female,Organic,0
U07174,2025-06-14,USA,iOS,35-44,Male,Organic,0
U07175,2025-04-09,India,iOS,18-24,Female,Organic,0
U07176,2025-05-03,India,iOS,45-54,Female,Ads,0
U07177,2025-01-07,USA,Android,18-24,Male,Ads,0
U07178,2025-06-07,India,Android,45-54,Female,Organic,0
U07179,2025-04-23,Germany,Android,45-54,Female,Referral,0
U07180,2025-04-23,Brazil,Android,45-54,Male,Organic,0
U07181,2025-03-20,Canada,Android,25-34,Female,Organic,0
U07182,2025-05-30,USA,Android,25-34,Male,Organic,0
U07183,2025-04-25,India,iOS,18-24,Male,Ads,0
U07184,2025-02-11,USA,Android,18-24,Male,Organic,0
U07185,2025-06-25,India,Android,25-34,Female,Ads,0
U07186,2025-01-08,USA,Android,18-24,Male,Organic,0
U07187,2025-04-18,Japan,iOS,45-54,Male,Ads,1
U07188,2025-02-20,Canada,iOS,18-24,Male,Organic,0
U07189,2025-04-16,India,Android,18-24,Female,Ads,0
U07190,2025-06-23,Germany,Android,35-44,Male,Organic,1
U07191,2025-04-15,India,iOS,18-24,Other,Organic,0
U07192,2025-04-02,India,Android,35-44,Female,Organic,0
U07193,2025-05-07,Brazil,iOS,18-24,Male,Referral,0
U07194,2025-05-31,UK,Android,25-34,Male,Organic,0
U07195,2025-01-29,Brazil,Android,35-44,Female,Referral,0
U07196,2025-03-13,Canada,Android,45-54,Male,Ads,0
U07197,2025-03-18,Germany,iOS,18-24,Female,Organic,0
U07198,2025-02-13,India,Android,25-34,Male,Ads,0
U07199,2025-06-23,Germany,Android,18-24,Female,Ads,1
U07200,2025-05-30,India,Android,45-54,Male,Organic,0
U07201,2025-04-25,Canada,Android,35-44,Male,Ads,0
U07202,2025-05-23,USA,iOS,18-24,Male,Organic,0
U07203,2025-06-16,Brazil,Android,25-34,Male,Organic,0
U07204,2025-02-26,India,iOS,45-54,Male,Organic,0
U07205,2025-01-26,UK,Android,35-44,Female,Organic,0
U07206,2025-04-01,Germany,iOS,18-24,Female,Organic,0
U07207,2025-04-08,USA,Android,18-24,Male,Organic,0
U07208,2025-04-10,UK,Android,25-34,Female,Organic,1
U07209,2025-01-18,India,Android,25-34,Male,Organic,0
U07210,2025-03-19,Germany,iOS,18-24,Male,Ads,1
U07211,2025-03-12,India,iOS,35-44,Male,Organic,1
U07212,2025-04-08,Japan,Android,18-24,Female,Referral,0
U07213,2025-01-03,Germany,Android,18-24,Female,Ads,0
U07214,2025-05-09,USA,iOS,18-24,Female,Organic,0
U07215,2025-02-16,Brazil,iOS,45-54,Male,Ads,0
U07216,2025-06-14,Australia,Android,55+,Male,Referral,0
U07217,2025-06-06,Canada,Android,25-34,Male,Organic,0
U07218,2025-04-30,India,Android,25-34,Female,Referral,1
U07219,2025-05-13,Japan,iOS,25-34,Male,Organic,1
U07220,2025-02-02,USA,Android,55+,Female,Organic,1
U07221,2025-05-28,India,iOS,45-54,Male,Ads,0
U07222,2025-04-10,Australia,iOS,18-24,Male,Organic,1
U07223,2025-01-28,Japan,iOS,25-34,Female,Ads,0
U07224,2025-03-28,Germany,iOS,18-24,Male,Organic,0
U07225,2025-01-31,Australia,Android,18-24,Male,Organic,1
U07226,2025-02-04,USA,iOS,35-44,Male,Organic,0
U07227,2025-04-20,Germany,Android,25-34,Female,Organic,0
U07228,2025-04-20,India,Android,25-34,Female,Organic,1
U07229,2025-05-09,USA,Android,18-24,Male,Organic,0
U07230,2025-06-19,USA,iOS,45-54,Male,Ads,1
U07231,2025-01-29,Germany,Android,18-24,Female,Organic,1
U07232,2025-05-23,Australia,Android,35-44,Female,Organic,0
U07233,2025-05-23,UK,Android,18-24,Male,Referral,0
U07234,2025-04-04,USA,Android,35-44,Female,Referral,0
U07235,2025-03-11,USA,iOS,25-34,Female,Organic,1
U07236,2025-01-08,India,Android,18-24,Female,Organic,0
U07237,2025-02-12,Australia,Android,18-24,Female,Ads,1
U07238,2025-05-28,UK,iOS,18-24,Female,Organic,0
U07239,2025-04-05,USA,iOS,45-54,Female,Ads,0
U07240,2025-02-15,Germany,iOS,25-34,Male,Ads,0
U07241,2025-01-13,Germany,Android,25-34,Female,Organic,0
U07242,2025-02-21,Brazil,Android,35-44,Other,Organic,0
U07243,2025-03-13,Germany,iOS,25-34,Male,Referral,0
U07244,2025-02-15,India,Android,45-54,Female,Ads,0
U07245,2025-01-09,USA,iOS,35-44,Male,Organic,0
U07246,2025-05-10,India,Android,35-44,Female,Referral,0
U07247,2025-02-10,Brazil,Android,45-54,Male,Organic,0
U07248,2025-04-11,Canada,iOS,35-44,Male,Ads,0
U07249,2025-06-26,Australia,Android,25-34,Female,Ads,0
U07250,2025-06-03,Canada,Android,18-24,Female,Organic,0
U07251,2025-03-12,Canada,iOS,25-34,Male,Ads,0
U07252,2025-03-17,USA,iOS,55+,Male,Organic,0
U07253,2025-04-02,UK,iOS,25-34,Female,Organic,0
U07254,2025-06-28,USA,iOS,45-54,Female,Referral,0
U07255,2025-03-30,UK,Android,45-54,Male,Referral,0
U07256,2025-06-21,Brazil,Web,25-34,Male,Organic,0
U07257,2025-01-10,Canada,Android,18-24,Male,Organic,0
U07258,2025-01-08,UK,Web,25-34,Male,Ads,1
U07259,2025-05-06,Canada,Android,35-44,Male,Organic,0
U07260,2025-03-04,India,Android,35-44,Female,Organic,1
U07261,2025-01-21,Australia,Android,25-34,Male,Organic,0
U07262,2025-05-17,USA,iOS,25-34,Male,Ads,0
U07263,2025-04-12,USA,iOS,35-44,Female,Organic,0
U07264,2025-05-04,India,Android,18-24,Female,Organic,0
U07265,2025-06-11,Germany,iOS,18-24,Male,Organic,0
U07266,2025-02-23,UK,Android,35-44,Female,Referral,0
U07267,2025-06-12,USA,Android,25-34,Male,Referral,0
U07268,2025-05-25,Brazil,Android,25-34,Male,Organic,1
U07269,2025-02-21,Brazil,Android,18-24,Female,Ads,0
U07270,2025-04-23,Australia,Android,18-24,Male,Ads,0
U07271,2025-04-16,USA,Android,25-34,Female,Organic,0
U07272,2025-04-21,India,Android,25-34,Female,Organic,0
U07273,2025-02-03,India,iOS,18-24,Female,Organic,0
U07274,2025-03-15,Canada,Android,25-34,Female,Organic,0
U07275,2025-05-07,India,Web,45-54,Female,Organic,1
U07276,2025-03-15,India,Android,35-44,Female,Organic,0
U07277,2025-03-12,USA,Android,18-24,Male,Organic,0
U07278,2025-04-25,Australia,Android,25-34,Female,Organic,0
U07279,2025-05-07,USA,iOS,25-34,Female,Organic,1
U07280,2025-06-24,Australia,Android,35-44,Male,Organic,0
U07281,2025-06-12,Canada,iOS,25-34,Female,Organic,0
U07282,2025-01-16,India,Android,18-24,Female,Organic,0
U07283,2025-04-11,Canada,iOS,35-44,Female,Ads,0
U07284,2025-02-18,UK,Android,18-24,Male,Ads,0
U07285,2025-03-15,India,Android,18-24,Female,Referral,1
U07286,2025-06-26,Australia,Android,45-54,Female,Organic,0
U07287,2025-02-13,India,Android,18-24,Male,Organic,0
U07288,2025-04-11,Canada,iOS,45-54,Female,Ads,0
U07289,2025-03-20,Germany,iOS,25-34,Male,Organic,0
U07290,2025-03-10,USA,Android,18-24,Male,Organic,1
U07291,2025-06-08,UK,Android,18-24,Female,Organic,0
U07292,2025-06-18,India,Android,35-44,Female,Ads,0
U07293,2025-03-08,Canada,Android,18-24,Female,Ads,0
U07294,2025-04-05,Australia,Android,35-44,Female,Organic,0
U07295,2025-06-03,USA,Android,25-34,Female,Organic,0
U07296,2025-04-04,USA,Android,25-34,Female,Organic,1
U07297,2025-06-22,Japan,Web,18-24,Female,Organic,0
U07298,2025-04-28,Germany,iOS,25-34,Male,Organic,0
U07299,2025-01-02,Brazil,Android,25-34,Female,Organic,0
U07300,2025-04-08,Australia,iOS,25-34,Male,Organic,0
U07301,2025-06-21,India,iOS,45-54,Female,Organic,0
U07302,2025-01-27,India,iOS,45-54,Female,Organic,0
U07303,2025-03-27,USA,Android,55+,Other,Ads,1
U07304,2025-02-02,USA,Android,25-34,Male,Organic,0
U07305,2025-02-14,India,Android,18-24,Female,Ads,0
U07306,2025-01-15,USA,iOS,18-24,Male,Organic,0
U07307,2025-04-10,Japan,iOS,35-44,Female,Ads,0
U07308,2025-05-05,Brazil,Android,18-24,Female,Ads,0
U07309,2025-02-24,Japan,iOS,18-24,Male,Organic,0
U07310,2025-02-11,UK,iOS,18-24,Male,Organic,0
U07311,2025-01-30,Germany,Android,18-24,Female,Ads,0
U07312,2025-02-06,USA,Android,25-34,Female,Organic,0
U07313,2025-01-31,USA,Android,25-34,Female,Ads,0
U07314,2025-03-12,India,Android,25-34,Male,Organic,0
U07315,2025-04-27,USA,iOS,25-34,Female,Ads,0
U07316,2025-05-20,India,Android,18-24,Female,Organic,0
U07317,2025-06-08,USA,Android,18-24,Male,Referral,0
U07318,2025-01-23,USA,Android,18-24,Female,Organic,0
U07319,2025-05-09,UK,Android,35-44,Female,Organic,0
U07320,2025-02-14,UK,Android,25-34,Male,Organic,0
U07321,2025-03-22,UK,iOS,25-34,Male,Organic,0
U07322,2025-06-07,Brazil,Android,25-34,Male,Organic,0
U07323,2025-03-06,USA,iOS,18-24,Female,Organic,0
U07324,2025-05-20,Canada,Android,45-54,Male,Ads,0
U07325,2025-01-23,Germany,Android,18-24,Female,Organic,0
U07326,2025-04-04,India,Android,18-24,Male,Referral,0
U07327,2025-05-12,USA,Android,18-24,Male,Referral,0
U07328,2025-04-03,Canada,iOS,25-34,Male,Ads,0
U07329,2025-04-04,Japan,Android,18-24,Female,Organic,0
U07330,2025-02-10,India,iOS,18-24,Female,Organic,0
U07331,2025-04-25,Canada,Web,35-44,Female,Organic,0
U07332,2025-02-01,UK,Android,25-34,Male,Referral,0
U07333,2025-05-06,USA,Android,25-34,Male,Referral,0
U07334,2025-06-11,India,Android,35-44,Male,Ads,0
U07335,2025-03-21,Brazil,Android,45-54,Female,Organic,0
U07336,2025-01-05,Brazil,Android,25-34,Male,Organic,0
U07337,2025-02-17,Brazil,Android,45-54,Male,Referral,0
U07338,2025-01-09,UK,Android,35-44,Female,Organic,1
U07339,2025-01-25,Germany,iOS,35-44,Female,Organic,0
U07340,2025-04-22,USA,iOS,35-44,Male,Ads,0
U07341,2025-04-26,USA,iOS,35-44,Male,Organic,0
U07342,2025-02-01,Australia,iOS,25-34,Female,Ads,1
U07343,2025-01-27,Australia,Android,45-54,Female,Referral,0
U07344,2025-05-03,USA,Android,25-34,Male,Organic,0
U07345,2025-04-10,India,iOS,18-24,Female,Organic,0
U07346,2025-01-08,USA,iOS,18-24,Female,Ads,0
U07347,2025-06-22,Canada,Android,18-24,Male,Ads,0
U07348,2025-04-22,USA,iOS,18-24,Male,Referral,0
U07349,2025-01-29,India,Android,35-44,Male,Ads,0
U07350,2025-01-11,Canada,iOS,25-34,Female,Organic,0
U07351,2025-02-02,Canada,Android,25-34,Female,Ads,1
U07352,2025-02-20,India,iOS,45-54,Female,Organic,0
U07353,2025-06-29,India,Android,25-34,Female,Organic,0
U07354,2025-02-04,India,Android,25-34,Male,Organic,0
U07355,2025-04-11,Japan,Android,18-24,Other,Ads,0
U07356,2025-03-20,Australia,Android,25-34,Male,Organic,0
U07357,2025-04-27,India,iOS,35-44,Female,Organic,0
U07358,2025-04-20,Japan,iOS,45-54,Female,Ads,0
U07359,2025-05-04,India,iOS,55+,Male,Organic,0
U07360,2025-01-04,UK,Web,25-34,Female,Organic,1
U07361,2025-06-20,Germany,iOS,18-24,Male,Organic,0
U07362,2025-05-20,USA,Android,55+,Female,Referral,0
U07363,2025-05-22,UK,iOS,35-44,Male,Ads,1
U07364,2025-05-09,USA,iOS,35-44,Male,Ads,0
U07365,2025-06-09,USA,Android,25-34,Female,Ads,0
U07366,2025-02-25,India,Android,35-44,Male,Organic,0
U07367,2025-01-17,Australia,Android,18-24,Male,Referral,0
U07368,2025-02-12,USA,Android,25-34,Female,Organic,0
U07369,2025-03-29,India,Android,35-44,Other,Organic,0
U07370,2025-04-28,USA,iOS,45-54,Other,Organic,0
U07371,2025-04-02,Canada,iOS,18-24,Male,Referral,0
U07372,2025-06-18,Germany,iOS,35-44,Female,Ads,0
U07373,2025-04-04,Australia,Android,18-24,Other,Organic,0
U07374,2025-02-03,Brazil,iOS,18-24,Female,Organic,0
U07375,2025-02-12,USA,iOS,25-34,Male,Ads,0
U07376,2025-06-11,Brazil,Android,25-34,Male,Organic,0
U07377,2025-03-21,USA,iOS,18-24,Male,Organic,0
U07378,2025-04-27,Canada,iOS,25-34,Female,Organic,0
U07379,2025-01-28,USA,iOS,35-44,Female,Ads,0
U07380,2025-06-04,India,Android,25-34,Other,Organic,0
U07381,2025-04-24,India,Android,18-24,Male,Referral,1
U07382,2025-06-09,Brazil,Android,55+,Male,Organic,1
U07383,2025-05-30,Germany,iOS,18-24,Female,Organic,0
U07384,2025-02-05,India,iOS,25-34,Male,Organic,0
U07385,2025-05-02,USA,Web,18-24,Male,Ads,0
U07386,2025-05-09,UK,Android,35-44,Male,Ads,1
U07387,2025-04-10,India,Web,45-54,Female,Organic,0
U07388,2025-02-21,USA,Android,25-34,Male,Referral,0
U07389,2025-02-02,USA,iOS,25-34,Female,Organic,0
U07390,2025-05-21,India,iOS,55+,Female,Referral,0
U07391,2025-05-14,Canada,Android,18-24,Female,Ads,0
U07392,2025-03-08,Australia,Android,25-34,Male,Organic,0
U07393,2025-06-29,Japan,iOS,45-54,Female,Organic,1
U07394,2025-03-30,Canada,Android,18-24,Male,Organic,0
U07395,2025-04-26,Japan,Android,18-24,Female,Organic,0
U07396,2025-04-25,USA,Android,55+,Female,Ads,0
U07397,2025-01-14,Japan,iOS,25-34,Female,Organic,0
U07398,2025-02-14,USA,Android,25-34,Female,Organic,0
U07399,2025-03-15,USA,Android,35-44,Male,Organic,0
U07400,2025-03-16,Brazil,iOS,25-34,Female,Referral,0
U07401,2025-01-26,USA,iOS,18-24,Male,Organic,1
U07402,2025-01-22,Canada,iOS,18-24,Male,Ads,0
U07403,2025-01-04,UK,iOS,35-44,Male,Organic,0
U07404,2025-02-09,Germany,iOS,45-54,Male,Referral,1
U07405,2025-04-12,UK,Android,18-24,Female,Organic,0
U07406,2025-06-16,UK,Android,55+,Male,Referral,0
U07407,2025-06-26,UK,Android,35-44,Female,Ads,0
U07408,2025-04-08,USA,Android,25-34,Male,Organic,1
U07409,2025-05-13,Japan,iOS,25-34,Female,Organic,0
U07410,2025-03-23,UK,Android,25-34,Female,Organic,0
U07411,2025-06-10,Japan,iOS,18-24,Female,Referral,1
U07412,2025-01-30,USA,Android,18-24,Female,Ads,1
U07413,2025-04-28,Brazil,Android,55+,Female,Organic,0
U07414,2025-01-19,USA,iOS,55+,Male,Organic,0
U07415,2025-02-04,Brazil,Android,35-44,Male,Organic,0
U07416,2025-04-03,Brazil,iOS,25-34,Male,Organic,1
U07417,2025-06-25,USA,iOS,35-44,Female,Ads,0
U07418,2025-04-30,Canada,Android,18-24,Female,Ads,0
U07419,2025-04-27,USA,Android,18-24,Female,Organic,1
U07420,2025-01-08,Brazil,Android,55+,Male,Ads,1
U07421,2025-06-20,India,Android,35-44,Female,Organic,1
U07422,2025-06-02,USA,iOS,25-34,Female,Organic,1
U07423,2025-04-14,Australia,iOS,18-24,Male,Ads,0
U07424,2025-04-08,UK,Android,25-34,Female,Organic,0
U07425,2025-05-27,Japan,iOS,45-54,Male,Organic,0
U07426,2025-01-23,Japan,Android,25-34,Male,Organic,0
U07427,2025-01-19,Brazil,Android,25-34,Female,Organic,0
U07428,2025-04-04,USA,Web,25-34,Other,Ads,0
U07429,2025-05-09,USA,iOS,25-34,Female,Referral,0
U07430,2025-01-26,USA,Android,18-24,Female,Organic,0
U07431,2025-06-25,India,Android,18-24,Female,Organic,0
U07432,2025-04-28,Brazil,Web,45-54,Male,Organic,0
U07433,2025-04-15,India,Android,45-54,Female,Ads,0
U07434,2025-06-10,India,Android,25-34,Female,Ads,0
U07435,2025-01-01,USA,Android,18-24,Male,Organic,0
U07436,2025-06-24,USA,Android,18-24,Female,Referral,0
U07437,2025-05-31,Canada,Android,18-24,Female,Ads,0
U07438,2025-05-12,India,Android,18-24,Male,Ads,0
U07439,2025-05-07,USA,Android,18-24,Female,Ads,0
U07440,2025-03-25,USA,Android,55+,Female,Organic,0
U07441,2025-04-12,USA,Android,18-24,Female,Organic,1
U07442,2025-03-23,USA,Android,25-34,Female,Organic,0
U07443,2025-03-13,India,Android,35-44,Female,Referral,0
U07444,2025-06-19,UK,iOS,35-44,Female,Referral,1
U07445,2025-01-09,UK,Android,35-44,Female,Organic,0
U07446,2025-05-16,India,Android,55+,Female,Ads,0
U07447,2025-04-13,UK,Android,35-44,Male,Organic,1
U07448,2025-03-25,India,Android,18-24,Female,Organic,0
U07449,2025-02-14,Australia,Android,25-34,Female,Referral,0
U07450,2025-06-05,Brazil,iOS,18-24,Male,Ads,0
U07451,2025-04-04,UK,Android,18-24,Male,Ads,0
U07452,2025-06-03,Germany,Web,35-44,Male,Referral,0
U07453,2025-05-30,Canada,Android,25-34,Female,Organic,0
U07454,2025-03-16,Germany,Android,18-24,Female,Referral,0
U07455,2025-03-10,India,iOS,45-54,Male,Ads,0
U07456,2025-04-25,India,Android,25-34,Male,Referral,0
U07457,2025-06-06,Canada,iOS,35-44,Male,Organic,0
U07458,2025-05-24,USA,Android,45-54,Female,Organic,0
U07459,2025-06-26,Brazil,Android,18-24,Male,Organic,0
U07460,2025-05-28,Australia,Android,35-44,Female,Referral,0
U07461,2025-06-12,Australia,iOS,25-34,Female,Organic,0
U07462,2025-05-16,India,Android,35-44,Male,Ads,0
U07463,2025-04-22,USA,Web,45-54,Female,Ads,0
U07464,2025-01-19,USA,iOS,35-44,Female,Ads,0
U07465,2025-03-24,India,Android,25-34,Male,Organic,0
U07466,2025-01-26,USA,Android,25-34,Other,Organic,1
U07467,2025-02-19,Canada,Android,25-34,Female,Ads,0
U07468,2025-04-03,USA,Android,18-24,Male,Referral,0
U07469,2025-05-29,India,Android,45-54,Female,Organic,0
U07470,2025-02-15,USA,Android,35-44,Female,Organic,0
U07471,2025-06-26,Brazil,Android,18-24,Male,Ads,0
U07472,2025-06-16,India,iOS,25-34,Female,Organic,0
U07473,2025-01-17,Germany,Android,45-54,Female,Ads,0
U07474,2025-02-25,India,Web,18-24,Male,Organic,1
U07475,2025-04-27,Brazil,Android,25-34,Female,Organic,1
U07476,2025-06-20,USA,iOS,25-34,Male,Organic,1
U07477,2025-04-16,India,iOS,45-54,Male,Referral,1
U07478,2025-03-21,India,iOS,25-34,Male,Referral,0
U07479,2025-02-20,Brazil,iOS,35-44,Male,Organic,0
U07480,2025-02-06,USA,Android,18-24,Male,Organic,0
U07481,2025-01-02,Brazil,Android,25-34,Male,Organic,1
U07482,2025-05-18,Germany,iOS,35-44,Female,Organic,0
U07483,2025-05-25,India,Android,18-24,Male,Organic,0
U07484,2025-06-03,Japan,iOS,18-24,Female,Referral,0
U07485,2025-01-02,USA,Android,18-24,Female,Organic,0
U07486,2025-04-23,India,iOS,35-44,Female,Organic,0
U07487,2025-04-12,USA,iOS,18-24,Male,Organic,0
U07488,2025-01-23,USA,iOS,35-44,Female,Ads,1
U07489,2025-04-11,Canada,Android,35-44,Male,Referral,0
U07490,2025-01-02,USA,Android,45-54,Male,Referral,0
U07491,2025-03-14,USA,Android,25-34,Male,Organic,1
U07492,2025-05-08,Canada,Android,18-24,Male,Ads,0
U07493,2025-02-09,USA,Android,35-44,Female,Organic,0
U07494,2025-05-14,USA,Android,18-24,Male,Organic,0
U07495,2025-06-06,Brazil,iOS,45-54,Female,Ads,0
U07496,2025-03-03,USA,Android,25-34,Male,Ads,0
U07497,2025-03-21,UK,Android,45-54,Male,Organic,0
U07498,2025-03-12,Brazil,Android,18-24,Female,Organic,0
U07499,2025-01-21,UK,Android,45-54,Female,Organic,0
U07500,2025-01-31,USA,Android,18-24,Male,Ads,0
U07501,2025-03-24,India,Android,18-24,Male,Ads,0
U07502,2025-05-07,USA,Android,45-54,Female,Ads,0
U07503,2025-04-24,India,iOS,18-24,Male,Organic,0
U07504,2025-02-19,UK,Android,18-24,Male,Referral,0
U07505,2025-02-20,USA,Android,35-44,Female,Organic,0
U07506,2025-06-16,USA,Android,25-34,Male,Ads,0
U07507,2025-04-15,India,Android,25-34,Male,Ads,0
U07508,2025-03-24,India,Android,25-34,Male,Referral,1
U07509,2025-04-20,USA,Android,35-44,Female,Organic,0
U07510,2025-03-13,USA,iOS,25-34,Male,Organic,0
U07511,2025-04-29,India,Android,35-44,Female,Referral,1
U07512,2025-02-23,Canada,iOS,18-24,Male,Organic,0
U07513,2025-05-13,UK,Android,18-24,Male,Ads,0
U07514,2025-03-19,USA,Android,35-44,Female,Organic,0
U07515,2025-05-27,USA,Android,45-54,Female,Organic,0
U07516,2025-02-09,USA,Android,25-34,Male,Organic,0
U07517,2025-03-22,India,iOS,18-24,Male,Ads,0
U07518,2025-04-18,UK,iOS,45-54,Female,Referral,0
U07519,2025-06-02,Brazil,Android,25-34,Female,Organic,0
U07520,2025-04-19,UK,Android,18-24,Female,Organic,0
U07521,2025-04-04,India,iOS,25-34,Female,Organic,0
U07522,2025-02-04,Canada,Android,25-34,Female,Organic,0
U07523,2025-03-13,India,Android,18-24,Male,Organic,0
U07524,2025-04-19,USA,Android,25-34,Female,Organic,0
U07525,2025-04-18,UK,Android,18-24,Male,Ads,0
U07526,2025-04-04,UK,Android,25-34,Male,Organic,0
U07527,2025-02-19,USA,Android,18-24,Male,Ads,0
U07528,2025-03-01,USA,Android,18-24,Female,Organic,0
U07529,2025-04-23,UK,iOS,35-44,Female,Ads,0
U07530,2025-03-08,Canada,Android,18-24,Female,Organic,0
U07531,2025-05-31,USA,Web,35-44,Female,Organic,0
U07532,2025-05-17,India,Android,25-34,Female,Organic,0
U07533,2025-03-19,Canada,Android,18-24,Male,Organic,0
U07534,2025-05-23,USA,Android,18-24,Male,Ads,0
U07535,2025-01-27,India,Android,25-34,Male,Organic,0
U07536,2025-06-16,Australia,Android,45-54,Male,Organic,0
U07537,2025-06-17,USA,Android,18-24,Female,Organic,0
U07538,2025-05-09,USA,iOS,25-34,Male,Organic,0
U07539,2025-01-24,India,iOS,35-44,Male,Organic,0
U07540,2025-05-26,Germany,Android,25-34,Male,Organic,0
U07541,2025-02-14,India,iOS,18-24,Female,Organic,0
U07542,2025-03-28,Germany,iOS,25-34,Female,Referral,0
U07543,2025-06-02,Japan,Android,18-24,Female,Organic,1
U07544,2025-05-16,USA,iOS,18-24,Female,Organic,0
U07545,2025-02-01,India,Android,18-24,Male,Organic,0
U07546,2025-01-20,UK,Android,55+,Female,Referral,0
U07547,2025-02-11,Australia,Android,45-54,Male,Ads,0
U07548,2025-04-09,USA,Web,25-34,Female,Organic,0
U07549,2025-03-19,Australia,Android,25-34,Other,Organic,0
U07550,2025-06-02,Germany,iOS,45-54,Male,Ads,0
U07551,2025-03-07,USA,iOS,55+,Male,Organic,0
U07552,2025-06-05,India,Android,25-34,Female,Ads,0
U07553,2025-04-17,USA,Android,18-24,Male,Referral,1
U07554,2025-04-30,Australia,Android,25-34,Female,Organic,0
U07555,2025-05-16,Germany,Android,45-54,Male,Organic,0
U07556,2025-05-13,USA,iOS,25-34,Male,Organic,0
U07557,2025-05-18,USA,iOS,18-24,Male,Organic,0
U07558,2025-01-11,Australia,Android,55+,Male,Organic,0
U07559,2025-02-01,UK,Android,18-24,Female,Referral,0
U07560,2025-03-17,Japan,Web,45-54,Male,Referral,0
U07561,2025-05-04,India,Android,18-24,Male,Organic,0
U07562,2025-01-02,USA,iOS,25-34,Female,Organic,1
U07563,2025-06-06,Germany,Android,55+,Female,Organic,0
U07564,2025-01-18,Canada,Android,25-34,Female,Organic,0
U07565,2025-06-09,UK,Android,25-34,Male,Organic,0
U07566,2025-01-29,India,Web,55+,Female,Ads,0
U07567,2025-04-02,USA,iOS,25-34,Male,Ads,1
U07568,2025-06-29,India,Android,25-34,Male,Organic,0
U07569,2025-04-27,India,iOS,25-34,Female,Ads,1
U07570,2025-03-26,USA,iOS,18-24,Male,Organic,1
U07571,2025-01-18,Australia,iOS,45-54,Male,Organic,0
U07572,2025-01-13,USA,Android,25-34,Female,Organic,0
U07573,2025-02-21,USA,Android,35-44,Female,Organic,0
U07574,2025-02-13,UK,Android,35-44,Male,Organic,0
U07575,2025-03-14,USA,Android,18-24,Male,Ads,1
U07576,2025-01-16,Australia,Android,25-34,Male,Referral,0
U07577,2025-04-29,India,iOS,25-34,Female,Organic,0
U07578,2025-01-08,Brazil,iOS,25-34,Male,Organic,0
U07579,2025-05-21,USA,Web,18-24,Male,Organic,1
U07580,2025-03-16,USA,iOS,25-34,Female,Referral,1
U07581,2025-03-19,UK,Android,45-54,Male,Organic,0
U07582,2025-04-30,Germany,iOS,25-34,Male,Organic,0
U07583,2025-05-08,Australia,iOS,25-34,Male,Ads,0
U07584,2025-04-12,India,Android,25-34,Female,Organic,0
U07585,2025-02-25,USA,iOS,25-34,Female,Referral,0
U07586,2025-05-19,USA,Android,35-44,Female,Ads,1
U07587,2025-04-27,UK,iOS,25-34,Male,Organic,0
U07588,2025-01-12,Australia,iOS,18-24,Male,Ads,0
U07589,2025-05-31,USA,iOS,18-24,Male,Organic,1
U07590,2025-06-09,India,Android,35-44,Male,Organic,0
U07591,2025-02-04,Canada,Android,55+,Female,Referral,0
U07592,2025-05-05,India,Android,25-34,Female,Ads,0
U07593,2025-04-06,Canada,Android,35-44,Female,Ads,0
U07594,2025-03-27,Canada,Android,25-34,Male,Organic,0
U07595,2025-01-03,Australia,Android,18-24,Male,Organic,1
U07596,2025-02-09,USA,Android,18-24,Female,Referral,1
U07597,2025-06-15,India,iOS,18-24,Female,Organic,0
U07598,2025-05-08,India,Android,18-24,Female,Organic,0
U07599,2025-06-06,India,iOS,55+,Female,Organic,0
U07600,2025-04-11,India,Android,35-44,Female,Organic,0
U07601,2025-02-25,Japan,iOS,25-34,Female,Organic,0
U07602,2025-02-07,USA,Android,35-44,Male,Ads,0
U07603,2025-01-07,UK,Android,25-34,Female,Referral,0
U07604,2025-06-02,Germany,Android,35-44,Male,Ads,1
U07605,2025-04-27,USA,Android,18-24,Male,Organic,0
U07606,2025-04-10,Australia,Android,18-24,Male,Ads,1
U07607,2025-04-11,Germany,Android,25-34,Female,Ads,0
U07608,2025-05-16,UK,Android,18-24,Male,Organic,0
U07609,2025-02-14,USA,iOS,18-24,Female,Organic,0
U07610,2025-04-30,Australia,Android,45-54,Male,Organic,0
U07611,2025-02-02,USA,iOS,18-24,Female,Ads,0
U07612,2025-05-11,India,iOS,25-34,Male,Referral,0
U07613,2025-01-08,USA,Android,18-24,Male,Organic,1
U07614,2025-03-11,India,Android,35-44,Female,Ads,0
U07615,2025-02-16,Germany,Android,25-34,Female,Organic,0
U07616,2025-05-08,Brazil,Android,25-34,Male,Referral,0
U07617,2025-01-01,USA,iOS,35-44,Female,Ads,1
U07618,2025-01-31,Australia,iOS,45-54,Male,Ads,0
U07619,2025-01-17,Japan,iOS,25-34,Male,Organic,1
U07620,2025-02-23,India,Android,18-24,Male,Organic,0
U07621,2025-06-01,Japan,iOS,18-24,Male,Ads,1
U07622,2025-03-19,Germany,iOS,18-24,Female,Referral,0
U07623,2025-03-10,Brazil,Web,35-44,Female,Ads,1
U07624,2025-05-11,Germany,iOS,25-34,Female,Organic,0
U07625,2025-03-18,India,iOS,45-54,Female,Ads,0
U07626,2025-03-20,Brazil,Android,18-24,Male,Organic,0
U07627,2025-04-24,India,Android,18-24,Male,Organic,0
U07628,2025-02-08,UK,Android,18-24,Female,Ads,0
U07629,2025-04-11,USA,Android,25-34,Female,Ads,0
U07630,2025-01-03,India,Android,25-34,Male,Organic,0
U07631,2025-05-24,UK,iOS,45-54,Male,Referral,0
U07632,2025-05-17,USA,iOS,18-24,Male,Referral,0
U07633,2025-01-14,Brazil,Android,35-44,Female,Ads,0
U07634,2025-06-28,India,iOS,35-44,Male,Organic,0
U07635,2025-01-18,Australia,iOS,18-24,Male,Referral,0
U07636,2025-04-17,UK,iOS,45-54,Female,Ads,0
U07637,2025-02-25,India,iOS,25-34,Male,Organic,1
U07638,2025-05-22,USA,iOS,35-44,Female,Organic,0
U07639,2025-06-11,UK,Android,35-44,Male,Organic,0
U07640,2025-04-19,USA,iOS,35-44,Female,Referral,0
U07641,2025-06-27,Canada,Android,55+,Male,Ads,1
U07642,2025-04-24,USA,iOS,18-24,Female,Organic,0
U07643,2025-03-09,Australia,Android,18-24,Male,Ads,0
U07644,2025-03-09,India,Web,18-24,Male,Organic,1
U07645,2025-06-08,Australia,Android,45-54,Female,Organic,0
U07646,2025-02-23,Germany,Android,18-24,Male,Organic,0
U07647,2025-02-13,UK,Android,18-24,Male,Organic,0
U07648,2025-04-28,USA,Android,45-54,Male,Organic,0
U07649,2025-02-07,India,Android,25-34,Male,Organic,0
U07650,2025-03-30,Brazil,Android,25-34,Female,Ads,0
U07651,2025-03-20,USA,iOS,25-34,Female,Ads,0
U07652,2025-04-22,USA,Android,25-34,Female,Ads,0
U07653,2025-01-01,India,Android,25-34,Female,Referral,0
U07654,2025-02-20,India,Android,45-54,Male,Organic,0
U07655,2025-02-03,India,Android,45-54,Female,Organic,0
U07656,2025-03-21,Australia,Android,45-54,Female,Organic,0
U07657,2025-04-09,UK,Android,18-24,Other,Organic,0
U07658,2025-01-21,USA,iOS,25-34,Male,Ads,0
U07659,2025-04-19,USA,iOS,18-24,Female,Ads,0
U07660,2025-01-15,USA,Web,25-34,Female,Ads,0
U07661,2025-04-08,Canada,Android,18-24,Male,Ads,0
U07662,2025-02-27,Brazil,iOS,18-24,Female,Organic,0
U07663,2025-03-08,USA,iOS,35-44,Female,Organic,0
U07664,2025-01-23,Australia,Android,35-44,Female,Referral,1
U07665,2025-06-05,India,Android,55+,Male,Referral,0
U07666,2025-04-10,USA,iOS,25-34,Male,Organic,0
U07667,2025-02-20,Brazil,Android,35-44,Female,Organic,0
U07668,2025-06-20,India,iOS,55+,Male,Organic,0
U07669,2025-04-15,Canada,iOS,25-34,Female,Ads,0
U07670,2025-06-07,India,iOS,45-54,Female,Ads,0
U07671,2025-06-04,USA,iOS,35-44,Male,Organic,1
U07672,2025-04-22,UK,Android,18-24,Female,Ads,0
U07673,2025-02-18,Australia,Android,18-24,Female,Organic,0
U07674,2025-05-15,USA,Android,35-44,Female,Organic,0
U07675,2025-03-27,USA,Web,18-24,Female,Ads,1
U07676,2025-03-15,UK,iOS,55+,Male,Ads,0
U07677,2025-04-20,India,iOS,18-24,Female,Referral,0
U07678,2025-04-04,Australia,Android,18-24,Male,Organic,0
U07679,2025-05-30,USA,Android,25-34,Female,Referral,0
U07680,2025-02-17,USA,Android,25-34,Male,Organic,1
U07681,2025-05-28,India,Android,55+,Male,Organic,0
U07682,2025-03-07,India,Android,25-34,Male,Ads,0
U07683,2025-05-31,Germany,Web,35-44,Male,Referral,0
U07684,2025-03-31,Brazil,Android,18-24,Male,Organic,1
U07685,2025-05-13,Germany,Android,45-54,Male,Ads,0
U07686,2025-03-31,Germany,Android,35-44,Female,Organic,0
U07687,2025-06-24,USA,Android,25-34,Male,Organic,0
U07688,2025-04-24,UK,iOS,25-34,Female,Referral,0
U07689,2025-06-17,India,Android,25-34,Male,Organic,1
U07690,2025-01-06,USA,Android,35-44,Female,Organic,0
U07691,2025-04-04,Brazil,Android,25-34,Female,Organic,0
U07692,2025-01-23,Germany,Android,18-24,Male,Organic,0
U07693,2025-02-20,UK,Android,18-24,Male,Referral,0
U07694,2025-01-14,USA,iOS,18-24,Female,Organic,0
U07695,2025-03-16,India,Android,25-34,Male,Ads,0
U07696,2025-05-04,Australia,Android,35-44,Male,Organic,0
U07697,2025-06-03,UK,Android,18-24,Male,Organic,1
U07698,2025-02-12,Brazil,Android,25-34,Female,Organic,0
U07699,2025-05-12,India,iOS,18-24,Female,Organic,0
U07700,2025-05-17,UK,iOS,35-44,Male,Referral,0
U07701,2025-02-14,USA,Android,18-24,Female,Organic,0
U07702,2025-06-05,UK,iOS,45-54,Male,Organic,0
U07703,2025-03-03,Germany,Android,45-54,Female,Organic,0
U07704,2025-03-22,USA,Android,18-24,Female,Referral,0
U07705,2025-03-10,USA,iOS,25-34,Female,Organic,0
U07706,2025-04-11,USA,Android,18-24,Female,Ads,0
U07707,2025-04-15,USA,iOS,18-24,Female,Ads,0
U07708,2025-01-02,USA,Web,45-54,Female,Ads,0
U07709,2025-05-17,USA,iOS,25-34,Female,Organic,0
U07710,2025-06-11,Canada,Android,25-34,Female,Organic,0
U07711,2025-02-21,India,Android,55+,Female,Ads,0
U07712,2025-02-18,Japan,Android,18-24,Male,Organic,0
U07713,2025-02-25,India,Android,18-24,Male,Organic,1
U07714,2025-01-19,Germany,iOS,25-34,Female,Ads,0
U07715,2025-03-19,USA,Android,25-34,Male,Ads,0
U07716,2025-05-11,India,iOS,18-24,Male,Organic,0
U07717,2025-05-26,Canada,iOS,55+,Female,Organic,0
U07718,2025-06-09,Germany,Android,35-44,Male,Referral,0
U07719,2025-03-08,USA,Android,45-54,Female,Ads,0
U07720,2025-01-15,India,Android,18-24,Female,Organic,0
U07721,2025-04-18,Germany,Android,18-24,Male,Ads,0
U07722,2025-02-04,Canada,Android,45-54,Female,Organic,0
U07723,2025-04-03,India,Android,35-44,Male,Organic,1
U07724,2025-03-02,USA,Android,18-24,Female,Organic,0
U07725,2025-03-10,UK,Android,25-34,Female,Referral,0
U07726,2025-02-12,Brazil,Android,55+,Male,Organic,0
U07727,2025-06-23,USA,Android,18-24,Male,Ads,0
U07728,2025-04-22,India,Android,25-34,Male,Organic,0
U07729,2025-02-22,Australia,Web,35-44,Other,Organic,0
U07730,2025-02-05,USA,Android,18-24,Female,Ads,0
U07731,2025-05-25,Brazil,iOS,18-24,Male,Organic,1
U07732,2025-05-13,USA,iOS,25-34,Male,Organic,0
U07733,2025-06-26,Canada,Android,35-44,Male,Ads,0
U07734,2025-02-06,USA,Android,45-54,Female,Ads,0
U07735,2025-04-07,India,Android,18-24,Male,Organic,1
U07736,2025-05-24,India,Android,55+,Male,Organic,0
U07737,2025-02-08,Brazil,iOS,55+,Female,Organic,1
U07738,2025-02-15,UK,iOS,35-44,Male,Organic,1
U07739,2025-05-23,Canada,iOS,25-34,Female,Organic,0
U07740,2025-02-17,USA,Android,18-24,Female,Ads,0
U07741,2025-06-19,USA,iOS,35-44,Male,Organic,0
U07742,2025-02-21,India,Android,35-44,Female,Ads,0
U07743,2025-02-10,India,iOS,18-24,Male,Ads,0
U07744,2025-02-14,Australia,Android,25-34,Male,Ads,0
U07745,2025-02-09,UK,Android,18-24,Male,Organic,0
U07746,2025-06-12,Germany,iOS,45-54,Female,Organic,0
U07747,2025-02-18,Australia,Android,25-34,Male,Organic,0
U07748,2025-06-12,UK,iOS,35-44,Female,Organic,0
U07749,2025-05-01,Canada,iOS,35-44,Female,Organic,1
U07750,2025-03-11,Brazil,Android,25-34,Female,Referral,0
U07751,2025-01-31,UK,Android,18-24,Female,Organic,0
U07752,2025-06-01,Germany,Android,35-44,Other,Organic,0
U07753,2025-01-21,USA,Android,25-34,Female,Ads,0
U07754,2025-01-24,Germany,Android,18-24,Female,Organic,0
U07755,2025-06-28,Canada,Android,25-34,Female,Organic,1
U07756,2025-01-16,Canada,Android,18-24,Female,Ads,0
U07757,2025-05-12,India,Android,45-54,Male,Organic,0
U07758,2025-05-09,India,Android,55+,Male,Organic,0
U07759,2025-04-06,Canada,Android,18-24,Female,Referral,0
U07760,2025-04-30,UK,Android,45-54,Male,Ads,0
U07761,2025-01-02,Australia,Android,35-44,Male,Organic,0
U07762,2025-05-29,Brazil,iOS,18-24,Female,Organic,0
U07763,2025-06-16,India,Web,25-34,Male,Ads,1
U07764,2025-04-16,Canada,Android,18-24,Female,Referral,0
U07765,2025-01-09,USA,Android,18-24,Male,Organic,0
U07766,2025-06-14,UK,Android,45-54,Female,Organic,0
U07767,2025-04-04,Canada,Android,45-54,Female,Organic,0
U07768,2025-03-14,Australia,Android,25-34,Female,Organic,1
U07769,2025-05-01,India,iOS,55+,Male,Organic,0
U07770,2025-03-03,Japan,iOS,45-54,Male,Referral,0
U07771,2025-04-06,Japan,Android,25-34,Female,Ads,1
U07772,2025-06-24,India,iOS,25-34,Female,Ads,0
U07773,2025-06-21,USA,Android,35-44,Female,Ads,0
U07774,2025-06-24,Australia,iOS,25-34,Female,Organic,0
U07775,2025-04-22,India,iOS,25-34,Male,Organic,1
U07776,2025-06-18,Germany,Web,45-54,Male,Ads,0
U07777,2025-02-23,Australia,Android,25-34,Female,Organic,0
U07778,2025-04-06,USA,Android,18-24,Female,Organic,0
U07779,2025-02-05,Brazil,Android,35-44,Female,Ads,0
U07780,2025-05-29,USA,Android,18-24,Female,Organic,0
U07781,2025-06-27,India,Web,18-24,Female,Ads,1
U07782,2025-04-10,Germany,Android,25-34,Female,Referral,0
U07783,2025-02-24,UK,iOS,25-34,Male,Ads,0
U07784,2025-03-19,Australia,Android,25-34,Female,Organic,1
U07785,2025-02-13,Australia,iOS,25-34,Female,Organic,0
U07786,2025-05-26,India,Android,18-24,Male,Organic,0
U07787,2025-04-22,Japan,iOS,25-34,Male,Ads,0
U07788,2025-01-25,Canada,iOS,25-34,Female,Referral,0
U07789,2025-01-11,USA,iOS,18-24,Female,Organic,0
U07790,2025-04-13,India,iOS,45-54,Female,Organic,1
U07791,2025-06-05,Japan,iOS,18-24,Female,Organic,0
U07792,2025-03-24,India,iOS,25-34,Female,Organic,0
U07793,2025-04-03,USA,iOS,18-24,Male,Organic,0
U07794,2025-04-16,Japan,Android,25-34,Male,Organic,0
U07795,2025-01-07,Canada,Android,25-34,Male,Ads,1
U07796,2025-04-08,Australia,Android,18-24,Female,Organic,0
U07797,2025-03-09,India,iOS,18-24,Female,Organic,0
U07798,2025-03-18,Japan,Android,35-44,Male,Organic,0
U07799,2025-06-17,USA,Android,35-44,Male,Ads,0
U07800,2025-05-14,Canada,Android,18-24,Female,Organic,0
U07801,2025-05-31,Brazil,iOS,45-54,Male,Ads,1
U07802,2025-02-03,USA,iOS,25-34,Female,Organic,0
U07803,2025-03-30,India,Web,18-24,Male,Organic,1
U07804,2025-01-24,India,Android,18-24,Female,Organic,1
U07805,2025-05-16,India,iOS,35-44,Male,Organic,1
U07806,2025-04-11,UK,Android,25-34,Male,Ads,0
U07807,2025-03-31,India,iOS,18-24,Male,Organic,0
U07808,2025-03-03,India,Android,25-34,Male,Organic,1
U07809,2025-05-14,USA,Android,18-24,Female,Organic,0
U07810,2025-01-02,Germany,iOS,45-54,Male,Organic,0
U07811,2025-01-03,USA,Web,18-24,Female,Organic,1
U07812,2025-05-11,India,Android,18-24,Female,Organic,0
U07813,2025-02-10,India,iOS,45-54,Female,Organic,0
U07814,2025-03-15,USA,Android,18-24,Female,Ads,0
U07815,2025-04-23,Germany,Android,35-44,Male,Organic,0
U07816,2025-01-20,USA,Web,25-34,Male,Ads,1
U07817,2025-03-05,India,Android,45-54,Male,Referral,0
U07818,2025-03-12,India,iOS,35-44,Female,Organic,1
U07819,2025-04-29,USA,Android,35-44,Female,Organic,0
U07820,2025-06-17,Japan,Android,18-24,Female,Ads,1
U07821,2025-02-20,UK,iOS,25-34,Female,Organic,0
U07822,2025-02-06,USA,Web,35-44,Male,Organic,0
U07823,2025-04-17,USA,Android,25-34,Male,Organic,0
U07824,2025-02-21,USA,iOS,18-24,Male,Organic,1
U07825,2025-02-16,USA,iOS,18-24,Male,Ads,0
U07826,2025-02-22,India,iOS,35-44,Male,Organic,0
U07827,2025-04-02,Canada,Android,18-24,Female,Ads,1
U07828,2025-04-30,Germany,Android,25-34,Male,Organic,0
U07829,2025-03-08,India,Android,45-54,Male,Organic,0
U07830,2025-03-13,Brazil,iOS,45-54,Female,Organic,0
U07831,2025-02-05,USA,Web,18-24,Female,Organic,0
U07832,2025-04-07,USA,Web,18-24,Male,Ads,0
U07833,2025-03-24,Canada,Android,18-24,Male,Organic,0
U07834,2025-02-10,USA,iOS,45-54,Male,Organic,0
U07835,2025-03-23,India,iOS,18-24,Female,Organic,0
U07836,2025-05-17,Australia,Android,35-44,Male,Organic,0
U07837,2025-05-27,Japan,Android,35-44,Female,Organic,0
U07838,2025-03-14,Australia,iOS,18-24,Male,Organic,0
U07839,2025-03-12,UK,Android,35-44,Female,Organic,1
U07840,2025-06-15,India,Android,18-24,Female,Referral,0
U07841,2025-03-19,Brazil,Android,55+,Male,Referral,1
U07842,2025-02-24,USA,iOS,18-24,Male,Organic,0
U07843,2025-03-29,Germany,Web,35-44,Female,Referral,0
U07844,2025-02-04,Germany,iOS,35-44,Male,Referral,1
U07845,2025-04-21,USA,iOS,18-24,Female,Organic,1
U07846,2025-01-26,USA,iOS,25-34,Male,Ads,0
U07847,2025-04-22,UK,Android,18-24,Female,Referral,1
U07848,2025-05-14,USA,iOS,25-34,Female,Ads,0
U07849,2025-02-14,India,iOS,18-24,Male,Organic,0
U07850,2025-06-08,Australia,Android,18-24,Female,Organic,0
U07851,2025-01-20,India,iOS,18-24,Female,Ads,0
U07852,2025-05-20,Germany,Android,45-54,Male,Organic,0
U07853,2025-02-22,Canada,Android,18-24,Female,Organic,0
U07854,2025-06-06,USA,Android,18-24,Female,Ads,0
U07855,2025-02-15,Canada,Android,25-34,Female,Organic,0
U07856,2025-04-18,Canada,Android,18-24,Male,Organic,0
U07857,2025-03-25,Australia,iOS,18-24,Male,Organic,1
U07858,2025-06-16,India,iOS,25-34,Female,Referral,0
U07859,2025-03-15,USA,Android,55+,Male,Ads,0
U07860,2025-02-08,Canada,Android,25-34,Other,Organic,0
U07861,2025-01-29,USA,iOS,25-34,Male,Referral,0
U07862,2025-06-05,Australia,Android,18-24,Female,Ads,0
U07863,2025-05-24,Germany,iOS,45-54,Male,Organic,0
U07864,2025-01-30,USA,iOS,18-24,Female,Organic,0
U07865,2025-04-02,Canada,iOS,18-24,Male,Ads,0
U07866,2025-06-06,Canada,iOS,25-34,Male,Ads,0
U07867,2025-01-02,UK,Android,35-44,Male,Organic,1
U07868,2025-02-04,India,Android,25-34,Male,Ads,0
U07869,2025-03-23,Canada,iOS,25-34,Female,Ads,1
U07870,2025-04-08,India,iOS,25-34,Male,Organic,0
U07871,2025-01-27,Canada,iOS,18-24,Female,Ads,0
U07872,2025-06-23,Australia,Android,35-44,Female,Organic,0
U07873,2025-06-14,India,Android,18-24,Female,Referral,0
U07874,2025-05-03,UK,Android,35-44,Female,Organic,0
U07875,2025-04-11,India,Android,25-34,Female,Ads,1
U07876,2025-04-14,Japan,iOS,18-24,Male,Organic,0
U07877,2025-05-20,USA,Android,25-34,Female,Ads,0
U07878,2025-03-03,USA,Android,25-34,Male,Organic,0
U07879,2025-06-02,Canada,Android,45-54,Male,Referral,0
U07880,2025-04-05,USA,iOS,35-44,Female,Organic,1
U07881,2025-02-28,India,iOS,25-34,Female,Referral,0
U07882,2025-02-18,USA,iOS,18-24,Male,Organic,0
U07883,2025-04-20,USA,Android,18-24,Male,Ads,0
U07884,2025-06-16,Brazil,Android,25-34,Female,Organic,0
U07885,2025-04-21,UK,Android,18-24,Male,Organic,0
U07886,2025-01-10,USA,iOS,25-34,Female,Referral,1
U07887,2025-03-19,India,iOS,18-24,Female,Organic,0
U07888,2025-01-20,India,iOS,25-34,Male,Referral,0
U07889,2025-05-15,India,iOS,18-24,Male,Referral,1
U07890,2025-02-01,India,iOS,25-34,Male,Organic,0
U07891,2025-01-12,Germany,Android,18-24,Female,Ads,1
U07892,2025-02-11,USA,Web,18-24,Male,Organic,1
U07893,2025-06-08,India,Android,25-34,Male,Ads,0
U07894,2025-02-19,USA,iOS,45-54,Female,Organic,0
U07895,2025-04-03,Japan,Android,35-44,Female,Ads,0
U07896,2025-06-12,India,iOS,18-24,Male,Organic,0
U07897,2025-05-03,UK,iOS,25-34,Male,Referral,1
U07898,2025-01-19,Brazil,iOS,35-44,Female,Ads,0
U07899,2025-03-29,Canada,Android,18-24,Female,Referral,0
U07900,2025-05-25,Germany,iOS,35-44,Male,Organic,0
U07901,2025-03-06,India,Android,25-34,Female,Organic,1
U07902,2025-02-20,Germany,iOS,18-24,Female,Organic,0
U07903,2025-03-12,Brazil,Android,35-44,Male,Referral,0
U07904,2025-03-11,India,iOS,25-34,Female,Organic,0
U07905,2025-04-19,Australia,Android,35-44,Male,Organic,1
U07906,2025-04-19,Australia,Android,35-44,Male,Ads,0
U07907,2025-06-07,Canada,Android,25-34,Male,Organic,0
U07908,2025-02-20,USA,Android,18-24,Female,Organic,0
U07909,2025-03-08,India,Android,18-24,Female,Organic,0
U07910,2025-01-04,UK,iOS,18-24,Male,Organic,0
U07911,2025-03-21,Germany,Android,45-54,Female,Organic,0
U07912,2025-01-24,USA,Android,18-24,Female,Referral,0
U07913,2025-03-10,India,Android,18-24,Female,Referral,0
U07914,2025-06-18,India,iOS,35-44,Male,Organic,0
U07915,2025-05-12,USA,Android,25-34,Male,Organic,0
U07916,2025-04-28,Japan,Android,25-34,Female,Organic,0
U07917,2025-02-08,USA,Android,45-54,Female,Organic,0
U07918,2025-04-23,USA,Android,18-24,Female,Ads,0
U07919,2025-04-22,India,Android,35-44,Male,Organic,0
U07920,2025-05-07,UK,Android,45-54,Female,Organic,0
U07921,2025-05-07,India,iOS,18-24,Male,Organic,0
U07922,2025-04-15,USA,Android,25-34,Male,Organic,1
U07923,2025-02-03,Australia,iOS,18-24,Male,Organic,0
U07924,2025-06-01,USA,Android,25-34,Other,Organic,0
U07925,2025-02-25,Canada,Android,18-24,Female,Organic,0
U07926,2025-03-10,Australia,Android,18-24,Female,Referral,0
U07927,2025-03-05,UK,Android,18-24,Female,Referral,0
U07928,2025-05-11,Canada,iOS,55+,Male,Organic,0
U07929,2025-04-10,USA,iOS,18-24,Male,Ads,0
U07930,2025-04-05,USA,iOS,25-34,Female,Ads,0
U07931,2025-05-31,UK,Android,25-34,Male,Organic,0
U07932,2025-05-24,USA,Android,18-24,Male,Ads,0
U07933,2025-03-28,Brazil,iOS,18-24,Female,Organic,0
U07934,2025-06-22,Germany,iOS,18-24,Female,Referral,0
U07935,2025-01-16,India,iOS,25-34,Female,Referral,0
U07936,2025-03-15,Brazil,iOS,25-34,Female,Referral,0
U07937,2025-04-30,Japan,Android,35-44,Male,Organic,1
U07938,2025-02-25,Brazil,iOS,35-44,Male,Organic,0
U07939,2025-04-01,Australia,iOS,25-34,Other,Organic,1
U07940,2025-05-03,UK,iOS,18-24,Female,Organic,0
U07941,2025-01-29,USA,iOS,18-24,Female,Organic,0
U07942,2025-06-18,USA,Web,18-24,Male,Organic,0
U07943,2025-02-02,USA,Android,25-34,Female,Organic,0
U07944,2025-05-05,Canada,Android,35-44,Female,Organic,0
U07945,2025-06-06,Japan,Android,25-34,Female,Organic,0
U07946,2025-03-07,India,iOS,25-34,Male,Referral,1
U07947,2025-03-23,Brazil,iOS,18-24,Male,Referral,1
U07948,2025-05-03,India,iOS,45-54,Female,Ads,0
U07949,2025-04-29,India,Android,45-54,Female,Ads,0
U07950,2025-04-22,USA,Android,25-34,Female,Organic,0
U07951,2025-03-20,India,Web,55+,Female,Organic,1
U07952,2025-06-14,USA,iOS,45-54,Male,Ads,0
U07953,2025-06-26,Brazil,iOS,18-24,Male,Ads,1
U07954,2025-01-14,India,Android,45-54,Other,Organic,0
U07955,2025-01-16,Germany,Android,25-34,Male,Organic,0
U07956,2025-02-01,Australia,Android,35-44,Other,Organic,0
U07957,2025-03-08,Brazil,iOS,18-24,Female,Organic,0
U07958,2025-02-14,India,Android,25-34,Male,Organic,0
U07959,2025-03-02,Canada,Android,25-34,Male,Ads,0
U07960,2025-03-03,India,iOS,25-34,Male,Organic,0
U07961,2025-05-07,Brazil,Android,18-24,Female,Organic,0
U07962,2025-02-26,Brazil,Android,45-54,Female,Organic,0
U07963,2025-05-18,USA,iOS,18-24,Other,Organic,0
U07964,2025-02-21,India,iOS,18-24,Female,Organic,0
U07965,2025-04-28,USA,iOS,18-24,Male,Organic,0
U07966,2025-05-06,Germany,iOS,18-24,Male,Ads,1
U07967,2025-03-18,USA,iOS,25-34,Female,Organic,0
U07968,2025-02-22,Germany,Android,18-24,Male,Referral,0
U07969,2025-06-22,Brazil,iOS,35-44,Male,Organic,0
U07970,2025-03-28,UK,Android,35-44,Female,Organic,0
U07971,2025-06-01,Australia,Android,18-24,Male,Organic,0
U07972,2025-06-17,USA,iOS,35-44,Male,Organic,1
U07973,2025-03-12,UK,iOS,35-44,Male,Organic,1
U07974,2025-05-26,Brazil,iOS,55+,Male,Ads,0
U07975,2025-04-24,India,Android,25-34,Other,Organic,0
U07976,2025-04-12,Brazil,Android,25-34,Male,Ads,0
U07977,2025-03-29,India,Android,35-44,Male,Ads,0
U07978,2025-03-22,USA,Android,25-34,Female,Referral,0
U07979,2025-02-02,UK,Android,25-34,Female,Organic,0
U07980,2025-02-05,Japan,iOS,18-24,Male,Organic,0
U07981,2025-06-15,Germany,iOS,18-24,Male,Organic,0
U07982,2025-01-05,Brazil,Android,55+,Male,Organic,0
U07983,2025-01-25,Australia,Android,35-44,Male,Referral,0
U07984,2025-05-22,Canada,iOS,18-24,Female,Organic,0
U07985,2025-02-15,Australia,iOS,25-34,Female,Ads,0
U07986,2025-05-09,USA,Android,18-24,Female,Organic,0
U07987,2025-02-18,Brazil,Android,18-24,Female,Organic,0
U07988,2025-05-25,Japan,iOS,25-34,Female,Organic,0
U07989,2025-05-17,UK,Android,18-24,Male,Organic,0
U07990,2025-05-26,India,Android,45-54,Male,Organic,0
U07991,2025-01-16,Japan,Android,18-24,Male,Organic,0
U07992,2025-02-10,USA,iOS,35-44,Male,Organic,0
U07993,2025-02-02,India,iOS,25-34,Male,Organic,0
U07994,2025-03-19,UK,Android,18-24,Female,Organic,0
U07995,2025-01-21,USA,Web,18-24,Female,Organic,0
U07996,2025-01-19,USA,Android,18-24,Female,Ads,0
U07997,2025-01-13,Australia,Android,25-34,Female,Organic,0
U07998,2025-06-20,India,Android,18-24,Female,Ads,0
U07999,2025-04-02,Australia,iOS,18-24,Female,Ads,0
U08000,2025-04-17,Germany,Android,18-24,Female,Organic,0
U08001,2025-01-11,Canada,Android,18-24,Male,Organic,0
U08002,2025-01-06,Japan,Android,55+,Male,Ads,0
U08003,2025-05-30,USA,iOS,25-34,Female,Ads,0
U08004,2025-03-19,Canada,Android,35-44,Male,Organic,0
U08005,2025-04-12,USA,iOS,18-24,Female,Organic,0
U08006,2025-05-29,Brazil,iOS,18-24,Female,Ads,0
U08007,2025-01-17,USA,Android,18-24,Female,Organic,0
U08008,2025-01-21,USA,Android,18-24,Male,Organic,0
U08009,2025-02-20,Germany,Android,25-34,Male,Ads,0
U08010,2025-05-01,India,Android,18-24,Female,Organic,0
U08011,2025-01-31,USA,Android,45-54,Female,Organic,0
U08012,2025-01-17,India,iOS,18-24,Female,Organic,0
U08013,2025-05-08,India,Android,18-24,Male,Referral,0
U08014,2025-06-21,India,Android,18-24,Female,Ads,1
U08015,2025-03-17,Canada,Android,25-34,Male,Organic,1
U08016,2025-03-02,USA,Android,25-34,Male,Organic,0
U08017,2025-02-14,Canada,Android,18-24,Male,Ads,0
U08018,2025-02-18,USA,Android,45-54,Female,Ads,0
U08019,2025-05-24,Australia,Android,35-44,Female,Organic,0
U08020,2025-02-25,Canada,Android,25-34,Female,Ads,0
U08021,2025-03-28,UK,Android,35-44,Other,Ads,0
U08022,2025-05-02,USA,Android,18-24,Female,Organic,0
U08023,2025-01-25,Australia,Android,18-24,Female,Referral,0
U08024,2025-01-26,Japan,iOS,25-34,Male,Ads,0
U08025,2025-04-13,Australia,Android,25-34,Male,Organic,1
U08026,2025-06-12,India,iOS,25-34,Female,Ads,0
U08027,2025-02-03,USA,iOS,18-24,Female,Organic,0
U08028,2025-01-06,Australia,iOS,25-34,Male,Referral,0
U08029,2025-01-07,India,iOS,25-34,Female,Referral,0
U08030,2025-05-09,Brazil,Android,25-34,Female,Organic,0
U08031,2025-03-11,USA,iOS,25-34,Female,Organic,0
U08032,2025-06-17,USA,Android,18-24,Male,Ads,0
U08033,2025-06-27,UK,Android,18-24,Female,Referral,0
U08034,2025-03-05,USA,Android,35-44,Female,Referral,0
U08035,2025-06-17,India,Android,18-24,Male,Organic,0
U08036,2025-04-03,Canada,iOS,18-24,Male,Ads,0
U08037,2025-04-01,Canada,iOS,45-54,Male,Organic,0
U08038,2025-06-19,USA,Android,18-24,Female,Organic,1
U08039,2025-04-15,USA,iOS,35-44,Male,Organic,1
U08040,2025-02-22,Germany,iOS,18-24,Female,Ads,1
U08041,2025-04-17,USA,iOS,18-24,Female,Organic,1
U08042,2025-03-28,India,Android,18-24,Male,Ads,0
U08043,2025-01-27,Canada,Android,18-24,Female,Referral,0
U08044,2025-05-16,Canada,iOS,45-54,Male,Organic,0
U08045,2025-04-15,USA,iOS,18-24,Male,Organic,1
U08046,2025-02-04,India,Android,45-54,Female,Organic,1
U08047,2025-04-25,USA,iOS,18-24,Female,Organic,0
U08048,2025-04-27,Canada,Android,18-24,Female,Organic,0
U08049,2025-03-30,USA,Android,45-54,Female,Referral,0
U08050,2025-05-03,Japan,Android,25-34,Male,Organic,0
U08051,2025-05-26,USA,Web,18-24,Male,Organic,1
U08052,2025-05-04,India,Android,18-24,Female,Ads,0
U08053,2025-06-20,India,Android,25-34,Male,Ads,0
U08054,2025-04-20,India,iOS,18-24,Female,Ads,0
U08055,2025-03-26,USA,Android,25-34,Female,Referral,0
U08056,2025-04-12,USA,Web,25-34,Other,Ads,0
U08057,2025-05-05,Brazil,iOS,35-44,Male,Organic,0
U08058,2025-05-05,USA,iOS,25-34,Female,Organic,0
U08059,2025-04-14,India,Android,25-34,Female,Ads,1
U08060,2025-03-02,USA,iOS,18-24,Female,Ads,0
U08061,2025-06-26,Brazil,iOS,18-24,Male,Organic,0
U08062,2025-03-09,Germany,Android,45-54,Female,Organic,0
U08063,2025-04-04,UK,Android,18-24,Female,Organic,1
U08064,2025-04-15,UK,iOS,18-24,Male,Organic,0
U08065,2025-02-14,Canada,iOS,45-54,Female,Organic,0
U08066,2025-06-06,Canada,Android,18-24,Female,Organic,0
U08067,2025-01-18,Australia,Android,18-24,Male,Organic,0
U08068,2025-03-27,Canada,Android,18-24,Male,Organic,0
U08069,2025-03-01,Brazil,Android,35-44,Male,Ads,0
U08070,2025-03-13,Canada,Android,35-44,Female,Organic,0
U08071,2025-03-22,Brazil,iOS,25-34,Male,Ads,0
U08072,2025-02-20,USA,Android,18-24,Male,Organic,0
U08073,2025-01-31,Germany,Android,25-34,Female,Organic,0
U08074,2025-02-28,UK,iOS,35-44,Female,Ads,1
U08075,2025-01-03,USA,Android,25-34,Female,Organic,0
U08076,2025-01-01,UK,iOS,18-24,Male,Organic,1
U08077,2025-04-12,Canada,Android,18-24,Male,Organic,0
U08078,2025-06-08,India,Android,45-54,Female,Organic,0
U08079,2025-05-28,India,iOS,18-24,Male,Ads,0
U08080,2025-06-14,India,Android,35-44,Male,Organic,0
U08081,2025-01-27,India,Android,18-24,Male,Organic,0
U08082,2025-03-08,USA,iOS,25-34,Female,Organic,0
U08083,2025-02-25,Japan,Android,18-24,Female,Organic,0
U08084,2025-04-02,India,iOS,25-34,Male,Organic,0
U08085,2025-04-14,Brazil,iOS,35-44,Male,Ads,1
U08086,2025-01-02,USA,iOS,18-24,Male,Ads,0
U08087,2025-05-14,Brazil,Android,25-34,Male,Organic,0
U08088,2025-06-29,Germany,iOS,25-34,Female,Organic,0
U08089,2025-04-06,Germany,Android,35-44,Male,Ads,0
U08090,2025-05-27,Canada,iOS,18-24,Female,Ads,0
U08091,2025-04-03,Brazil,iOS,35-44,Male,Ads,0
U08092,2025-02-28,UK,iOS,18-24,Female,Organic,0
U08093,2025-01-02,Brazil,Android,25-34,Female,Organic,0
U08094,2025-05-29,India,Android,25-34,Female,Ads,0
U08095,2025-03-25,Canada,Android,18-24,Male,Organic,0
U08096,2025-06-04,Canada,Android,18-24,Female,Referral,1
U08097,2025-02-26,USA,iOS,25-34,Male,Organic,0
U08098,2025-04-26,USA,Android,35-44,Female,Organic,0
U08099,2025-02-14,UK,Android,45-54,Male,Organic,0
U08100,2025-06-04,India,Web,45-54,Male,Ads,0
U08101,2025-01-02,USA,Android,35-44,Male,Referral,0
U08102,2025-04-17,India,Android,18-24,Male,Referral,0
U08103,2025-03-14,Australia,Android,18-24,Female,Organic,1
U08104,2025-02-06,USA,Android,25-34,Female,Ads,0
U08105,2025-03-21,India,Android,25-34,Male,Referral,0
U08106,2025-06-21,India,iOS,25-34,Female,Organic,1
U08107,2025-04-19,Brazil,Android,25-34,Female,Ads,0
U08108,2025-03-26,Canada,Android,25-34,Female,Organic,0
U08109,2025-03-18,Canada,iOS,35-44,Female,Ads,1
U08110,2025-02-18,Canada,Android,45-54,Female,Ads,0
U08111,2025-02-01,USA,Android,18-24,Male,Ads,0
U08112,2025-05-19,Australia,Android,25-34,Male,Organic,0
U08113,2025-05-24,USA,Android,18-24,Female,Organic,0
U08114,2025-05-06,USA,Web,18-24,Male,Organic,0
U08115,2025-03-17,UK,Android,18-24,Male,Referral,0
U08116,2025-06-10,USA,Android,18-24,Male,Organic,0
U08117,2025-03-15,USA,iOS,35-44,Male,Organic,1
U08118,2025-02-12,Germany,iOS,45-54,Female,Organic,0
U08119,2025-02-21,Australia,iOS,18-24,Female,Organic,0
U08120,2025-01-16,India,Android,18-24,Male,Organic,1
U08121,2025-03-23,Canada,iOS,18-24,Male,Organic,0
U08122,2025-05-02,USA,iOS,18-24,Female,Organic,0
U08123,2025-02-16,UK,iOS,35-44,Male,Organic,0
U08124,2025-04-11,Japan,Web,18-24,Male,Organic,0
U08125,2025-05-29,India,Android,18-24,Female,Organic,0
U08126,2025-06-05,USA,Android,25-34,Male,Referral,0
U08127,2025-06-26,UK,Android,25-34,Male,Referral,0
U08128,2025-04-30,USA,Android,25-34,Female,Organic,0
U08129,2025-06-06,UK,Android,25-34,Male,Organic,0
U08130,2025-05-15,Germany,iOS,25-34,Male,Organic,0
U08131,2025-05-13,India,Android,18-24,Male,Organic,0
U08132,2025-02-22,USA,Android,18-24,Male,Ads,0
U08133,2025-02-25,Canada,Android,18-24,Female,Ads,0
U08134,2025-05-06,India,iOS,18-24,Female,Organic,0
U08135,2025-05-25,India,iOS,18-24,Female,Ads,0
U08136,2025-04-14,India,Android,18-24,Female,Organic,0
U08137,2025-06-07,USA,Android,45-54,Female,Ads,0
U08138,2025-02-22,India,Web,25-34,Female,Ads,0
U08139,2025-03-22,India,iOS,18-24,Female,Referral,0
U08140,2025-02-06,UK,iOS,35-44,Male,Ads,0
U08141,2025-06-15,Japan,Android,18-24,Female,Organic,1
U08142,2025-01-14,Brazil,Android,18-24,Male,Organic,1
U08143,2025-02-05,USA,Android,55+,Male,Organic,0
U08144,2025-01-27,Canada,Android,18-24,Female,Referral,1
U08145,2025-02-26,Japan,iOS,25-34,Male,Organic,0
U08146,2025-01-22,Australia,Android,18-24,Male,Organic,0
U08147,2025-05-04,USA,Android,45-54,Male,Organic,0
U08148,2025-03-30,Canada,iOS,35-44,Female,Ads,0
U08149,2025-04-30,Australia,Android,18-24,Female,Organic,0
U08150,2025-03-29,Australia,Android,18-24,Female,Organic,0
U08151,2025-02-22,USA,iOS,35-44,Female,Organic,1
U08152,2025-05-17,Brazil,Android,18-24,Male,Organic,0
U08153,2025-05-01,USA,Android,18-24,Male,Referral,0
U08154,2025-04-06,India,iOS,18-24,Male,Referral,0
U08155,2025-02-06,India,Android,55+,Female,Organic,0
U08156,2025-03-04,UK,Android,25-34,Male,Ads,1
U08157,2025-01-04,UK,Android,45-54,Other,Organic,0
U08158,2025-01-30,USA,Android,18-24,Female,Ads,0
U08159,2025-01-10,UK,Android,55+,Female,Organic,0
U08160,2025-04-14,USA,Web,18-24,Female,Organic,1
U08161,2025-01-05,USA,Android,25-34,Female,Organic,0
U08162,2025-02-06,USA,iOS,25-34,Male,Organic,0
U08163,2025-01-20,USA,Android,35-44,Female,Organic,0
U08164,2025-02-24,India,iOS,25-34,Female,Ads,0
U08165,2025-02-22,USA,Android,45-54,Male,Ads,0
U08166,2025-01-25,Brazil,iOS,18-24,Female,Ads,0
U08167,2025-05-19,UK,Android,25-34,Female,Ads,1
U08168,2025-03-27,India,Android,18-24,Male,Organic,1
U08169,2025-05-22,UK,Android,18-24,Male,Organic,0
U08170,2025-01-02,Japan,iOS,25-34,Female,Ads,0
U08171,2025-02-15,Brazil,Android,18-24,Male,Organic,0
U08172,2025-01-18,Australia,Android,18-24,Male,Referral,0
U08173,2025-01-30,India,Android,25-34,Female,Ads,0
U08174,2025-01-03,USA,Android,18-24,Female,Referral,0
U08175,2025-04-06,Australia,iOS,18-24,Male,Referral,0
U08176,2025-02-12,USA,Android,18-24,Male,Ads,0
U08177,2025-03-08,UK,Android,18-24,Male,Ads,0
U08178,2025-03-23,USA,Android,18-24,Male,Ads,0
U08179,2025-03-02,USA,iOS,35-44,Female,Ads,0
U08180,2025-06-02,India,Android,35-44,Male,Organic,0
U08181,2025-06-05,Canada,Android,18-24,Female,Organic,0
U08182,2025-04-07,Brazil,iOS,35-44,Female,Organic,0
U08183,2025-03-14,Australia,Android,35-44,Female,Organic,0
U08184,2025-04-01,USA,Android,25-34,Male,Organic,0
U08185,2025-05-16,Australia,Android,45-54,Female,Ads,0
U08186,2025-06-03,UK,Android,18-24,Female,Ads,0
U08187,2025-01-07,USA,Android,18-24,Female,Organic,0
U08188,2025-03-06,India,Android,25-34,Female,Organic,0
U08189,2025-01-16,USA,iOS,45-54,Male,Organic,1
U08190,2025-06-13,India,Android,25-34,Male,Organic,0
U08191,2025-05-26,India,iOS,18-24,Male,Organic,0
U08192,2025-01-29,India,Android,18-24,Male,Referral,0
U08193,2025-01-11,India,iOS,25-34,Male,Organic,0
U08194,2025-02-21,USA,iOS,18-24,Male,Organic,0
U08195,2025-05-31,USA,Android,25-34,Female,Organic,1
U08196,2025-03-18,UK,Android,25-34,Female,Organic,0
U08197,2025-01-14,UK,Web,25-34,Female,Organic,0
U08198,2025-04-16,USA,Android,25-34,Male,Referral,0
U08199,2025-04-02,India,Android,25-34,Male,Referral,0
U08200,2025-02-05,USA,iOS,18-24,Male,Ads,1
U08201,2025-02-07,USA,Android,18-24,Male,Ads,0
U08202,2025-06-23,Germany,Android,35-44,Female,Ads,0
U08203,2025-06-13,India,Web,25-34,Female,Referral,0
U08204,2025-02-18,USA,iOS,25-34,Female,Organic,1
U08205,2025-06-08,India,Android,18-24,Female,Ads,0
U08206,2025-03-16,India,Android,18-24,Female,Organic,1
U08207,2025-06-10,Brazil,iOS,18-24,Male,Organic,0
U08208,2025-01-03,Japan,iOS,25-34,Male,Referral,0
U08209,2025-01-24,USA,iOS,25-34,Male,Referral,0
U08210,2025-05-30,USA,iOS,35-44,Male,Referral,0
U08211,2025-05-19,USA,Android,18-24,Male,Organic,0
U08212,2025-02-18,Australia,iOS,25-34,Female,Organic,0
U08213,2025-03-16,Brazil,Android,25-34,Female,Organic,0
U08214,2025-05-30,UK,Android,18-24,Female,Organic,0
U08215,2025-03-28,Australia,iOS,35-44,Female,Organic,0
U08216,2025-02-17,India,iOS,18-24,Female,Organic,0
U08217,2025-05-24,USA,Android,25-34,Male,Ads,0
U08218,2025-01-07,Japan,Web,35-44,Female,Organic,0
U08219,2025-02-08,India,iOS,25-34,Female,Organic,0
U08220,2025-03-31,USA,Android,25-34,Female,Organic,0
U08221,2025-05-23,Australia,Android,25-34,Male,Referral,0
U08222,2025-05-30,UK,Android,35-44,Female,Organic,0
U08223,2025-01-19,Brazil,Android,35-44,Male,Organic,0
U08224,2025-04-12,Germany,iOS,18-24,Female,Referral,0
U08225,2025-05-10,Germany,Web,35-44,Male,Organic,0
U08226,2025-02-10,USA,iOS,18-24,Male,Organic,0
U08227,2025-04-02,India,Android,18-24,Female,Organic,0
U08228,2025-03-17,Canada,Android,55+,Male,Organic,1
U08229,2025-05-13,USA,Android,25-34,Male,Organic,0
U08230,2025-03-02,India,Android,18-24,Male,Ads,0
U08231,2025-03-04,India,iOS,45-54,Male,Ads,0
U08232,2025-01-31,USA,Android,25-34,Other,Referral,0
U08233,2025-05-03,USA,Android,25-34,Male,Organic,0
U08234,2025-05-22,Germany,iOS,45-54,Male,Organic,0
U08235,2025-01-09,Germany,Android,25-34,Male,Referral,0
U08236,2025-05-25,USA,Android,18-24,Female,Ads,0
U08237,2025-04-17,Germany,iOS,18-24,Female,Organic,1
U08238,2025-04-12,Germany,Android,18-24,Male,Organic,0
U08239,2025-01-24,Brazil,Android,18-24,Male,Organic,0
U08240,2025-02-19,USA,Web,35-44,Female,Organic,0
U08241,2025-04-04,USA,iOS,55+,Other,Ads,0
U08242,2025-05-04,Japan,Android,18-24,Male,Referral,0
U08243,2025-02-28,Germany,Android,25-34,Female,Referral,1
U08244,2025-02-08,Canada,Web,25-34,Female,Organic,0
U08245,2025-03-11,USA,Android,18-24,Female,Organic,0
U08246,2025-06-22,Germany,Android,25-34,Male,Referral,0
U08247,2025-01-11,UK,Android,18-24,Female,Organic,1
U08248,2025-06-17,Brazil,Android,35-44,Male,Organic,0
U08249,2025-05-10,Brazil,Android,45-54,Male,Organic,0
U08250,2025-02-12,USA,iOS,35-44,Male,Organic,0
U08251,2025-01-22,USA,Android,18-24,Female,Organic,0
U08252,2025-02-15,USA,Android,35-44,Male,Organic,0
U08253,2025-05-03,USA,iOS,18-24,Female,Ads,0
U08254,2025-03-26,Germany,iOS,45-54,Female,Referral,0
U08255,2025-03-05,Brazil,iOS,45-54,Female,Organic,0
U08256,2025-01-03,Germany,Android,18-24,Male,Organic,0
U08257,2025-02-02,USA,Android,35-44,Female,Organic,0
U08258,2025-06-04,USA,iOS,55+,Female,Ads,0
U08259,2025-02-23,India,Android,18-24,Female,Organic,1
U08260,2025-04-24,India,Android,25-34,Male,Referral,0
U08261,2025-01-24,USA,Android,35-44,Female,Referral,0
U08262,2025-03-18,Brazil,Android,55+,Male,Organic,0
U08263,2025-06-03,Australia,Android,18-24,Female,Ads,0
U08264,2025-02-17,India,Web,55+,Female,Organic,0
U08265,2025-01-02,Brazil,Android,35-44,Female,Ads,0
U08266,2025-01-09,UK,iOS,45-54,Male,Organic,0
U08267,2025-04-23,USA,Android,25-34,Female,Organic,0
U08268,2025-06-02,Canada,Android,25-34,Female,Organic,1
U08269,2025-05-15,USA,Android,25-34,Female,Organic,0
U08270,2025-04-03,USA,Android,25-34,Male,Organic,0
U08271,2025-05-14,USA,Android,25-34,Male,Organic,0
U08272,2025-04-26,Brazil,Android,35-44,Female,Organic,0
U08273,2025-01-31,Germany,Android,45-54,Female,Referral,0
U08274,2025-03-14,Canada,Android,18-24,Female,Ads,1
U08275,2025-05-30,USA,Android,25-34,Male,Ads,0
U08276,2025-01-18,USA,Android,25-34,Female,Organic,0
U08277,2025-02-18,USA,iOS,35-44,Male,Organic,0
U08278,2025-01-31,USA,iOS,25-34,Male,Referral,0
U08279,2025-04-08,Canada,iOS,55+,Male,Ads,0
U08280,2025-01-18,USA,iOS,18-24,Male,Ads,0
U08281,2025-05-14,Germany,iOS,18-24,Male,Organic,0
U08282,2025-05-01,India,Android,18-24,Male,Referral,0
U08283,2025-03-07,Brazil,iOS,35-44,Male,Organic,0
U08284,2025-05-28,India,Android,35-44,Female,Ads,0
U08285,2025-05-02,Japan,Android,45-54,Male,Ads,0
U08286,2025-01-12,India,Android,18-24,Female,Referral,0
U08287,2025-01-12,Germany,Android,45-54,Male,Organic,0
U08288,2025-03-11,UK,iOS,35-44,Male,Organic,0
U08289,2025-05-06,UK,iOS,35-44,Female,Organic,0
U08290,2025-01-30,India,Android,25-34,Male,Ads,0
U08291,2025-05-17,Japan,Android,18-24,Female,Ads,0
U08292,2025-04-15,USA,Android,25-34,Male,Organic,0
U08293,2025-06-03,UK,Android,55+,Female,Ads,0
U08294,2025-01-21,Japan,Android,25-34,Female,Organic,0
U08295,2025-01-25,USA,iOS,35-44,Male,Ads,0
U08296,2025-04-05,Canada,Android,18-24,Female,Organic,1
U08297,2025-02-15,India,iOS,25-34,Female,Ads,0
U08298,2025-03-03,UK,iOS,18-24,Female,Organic,0
U08299,2025-04-19,India,Android,45-54,Male,Organic,0
U08300,2025-06-03,Germany,Android,25-34,Female,Organic,0
U08301,2025-05-06,Australia,Android,18-24,Male,Ads,1
U08302,2025-05-27,Canada,Android,18-24,Female,Ads,0
U08303,2025-03-09,USA,iOS,18-24,Male,Organic,0
U08304,2025-06-06,USA,iOS,25-34,Male,Referral,0
U08305,2025-06-23,India,iOS,18-24,Female,Ads,0
U08306,2025-03-27,Australia,iOS,35-44,Female,Ads,0
U08307,2025-05-23,USA,Android,25-34,Female,Organic,1
U08308,2025-02-07,UK,Android,18-24,Male,Organic,0
U08309,2025-01-05,Germany,Android,18-24,Female,Referral,0
U08310,2025-05-14,India,Android,18-24,Male,Ads,1
U08311,2025-03-15,Australia,iOS,35-44,Female,Organic,0
U08312,2025-03-11,Brazil,Android,55+,Female,Referral,1
U08313,2025-05-21,Brazil,Android,25-34,Female,Organic,0
U08314,2025-01-27,Germany,Android,45-54,Male,Organic,0
U08315,2025-02-18,Germany,iOS,45-54,Male,Referral,0
U08316,2025-06-24,Canada,iOS,18-24,Female,Organic,0
U08317,2025-01-08,India,Android,35-44,Male,Organic,0
U08318,2025-04-05,Australia,Android,35-44,Male,Organic,1
U08319,2025-05-18,UK,Android,18-24,Female,Organic,0
U08320,2025-03-26,USA,iOS,55+,Male,Organic,0
U08321,2025-04-19,Japan,iOS,25-34,Male,Ads,0
U08322,2025-02-27,USA,Android,35-44,Male,Ads,0
U08323,2025-04-16,Brazil,Android,18-24,Female,Organic,0
U08324,2025-05-16,Japan,iOS,45-54,Female,Ads,0
U08325,2025-04-06,USA,Android,18-24,Male,Organic,1
U08326,2025-02-06,Australia,Android,45-54,Male,Referral,0
U08327,2025-04-21,UK,Android,18-24,Other,Ads,1
U08328,2025-02-06,Canada,Android,35-44,Female,Referral,0
U08329,2025-04-16,USA,iOS,35-44,Male,Organic,0
U08330,2025-03-09,Germany,iOS,35-44,Male,Referral,0
U08331,2025-03-04,Brazil,Android,25-34,Female,Referral,0
U08332,2025-05-23,USA,Android,25-34,Male,Referral,0
U08333,2025-04-01,Australia,Android,25-34,Male,Organic,0
U08334,2025-02-23,India,iOS,55+,Female,Organic,0
U08335,2025-06-18,USA,iOS,18-24,Other,Organic,0
U08336,2025-06-11,USA,Android,45-54,Female,Organic,0
U08337,2025-04-27,Brazil,iOS,25-34,Female,Organic,0
U08338,2025-06-27,USA,iOS,25-34,Male,Ads,0
U08339,2025-06-17,Canada,Android,18-24,Male,Organic,0
U08340,2025-04-18,Brazil,Android,18-24,Male,Ads,0
U08341,2025-02-01,India,Android,18-24,Female,Organic,1
U08342,2025-01-14,Canada,Android,25-34,Male,Ads,0
U08343,2025-04-14,Japan,Android,18-24,Male,Organic,0
U08344,2025-01-31,USA,Android,25-34,Male,Organic,0
U08345,2025-03-29,UK,Android,25-34,Male,Organic,0
U08346,2025-02-27,Brazil,iOS,25-34,Female,Organic,0
U08347,2025-06-09,USA,Android,25-34,Female,Referral,0
U08348,2025-02-21,USA,Android,25-34,Male,Organic,0
U08349,2025-04-16,Canada,iOS,35-44,Male,Ads,0
U08350,2025-03-13,Brazil,Web,18-24,Female,Ads,0
U08351,2025-03-30,India,Web,25-34,Male,Organic,0
U08352,2025-01-01,Germany,Android,25-34,Male,Organic,1
U08353,2025-05-31,USA,Android,18-24,Male,Referral,0
U08354,2025-05-04,USA,iOS,25-34,Male,Organic,0
U08355,2025-04-09,Australia,iOS,25-34,Female,Referral,0
U08356,2025-03-15,Germany,iOS,35-44,Male,Organic,0
U08357,2025-05-23,India,Android,25-34,Male,Referral,0
U08358,2025-02-06,India,iOS,18-24,Male,Organic,1
U08359,2025-06-21,Japan,Web,25-34,Male,Ads,0
U08360,2025-01-04,India,Android,25-34,Female,Referral,0
U08361,2025-05-01,USA,Android,18-24,Female,Organic,0
U08362,2025-06-16,India,Android,18-24,Male,Organic,1
U08363,2025-03-12,Australia,iOS,18-24,Female,Referral,0
U08364,2025-05-31,Japan,Android,45-54,Male,Ads,0
U08365,2025-05-01,UK,Android,25-34,Male,Ads,0
U08366,2025-02-16,Japan,iOS,18-24,Female,Ads,0
U08367,2025-03-04,Canada,iOS,18-24,Female,Organic,0
U08368,2025-05-21,USA,Android,25-34,Female,Organic,1
U08369,2025-01-13,Japan,Android,18-24,Male,Organic,1
U08370,2025-05-08,USA,iOS,25-34,Female,Organic,0
U08371,2025-04-15,Germany,Android,18-24,Female,Ads,1
U08372,2025-06-09,USA,Android,35-44,Female,Organic,0
U08373,2025-03-17,USA,Android,45-54,Male,Organic,0
U08374,2025-02-06,Canada,Android,25-34,Female,Organic,0
U08375,2025-04-12,Australia,Android,55+,Male,Organic,0
U08376,2025-05-13,USA,Android,45-54,Female,Organic,0
U08377,2025-04-07,USA,Android,18-24,Female,Ads,1
U08378,2025-05-29,USA,Web,18-24,Female,Referral,0
U08379,2025-04-18,Canada,Android,25-34,Male,Organic,0
U08380,2025-01-30,Australia,iOS,18-24,Male,Organic,0
U08381,2025-04-30,Brazil,Android,25-34,Male,Organic,1
U08382,2025-02-24,USA,Web,25-34,Male,Organic,0
U08383,2025-03-04,Canada,Android,18-24,Male,Organic,0
U08384,2025-03-21,India,Web,18-24,Female,Ads,0
U08385,2025-05-05,USA,Web,25-34,Female,Organic,0
U08386,2025-03-04,India,Android,45-54,Male,Ads,0
U08387,2025-01-22,Canada,Android,25-34,Female,Ads,0
U08388,2025-01-19,UK,Android,18-24,Male,Referral,0
U08389,2025-04-12,Brazil,Android,55+,Male,Organic,0
U08390,2025-05-08,USA,iOS,35-44,Male,Organic,0
U08391,2025-01-13,USA,iOS,18-24,Male,Organic,0
U08392,2025-01-09,India,iOS,35-44,Female,Ads,0
U08393,2025-06-12,USA,iOS,18-24,Female,Organic,0
U08394,2025-01-26,Brazil,Android,25-34,Male,Organic,0
U08395,2025-02-04,India,iOS,55+,Female,Ads,0
U08396,2025-06-19,UK,Android,18-24,Female,Organic,0
U08397,2025-01-07,India,Android,45-54,Female,Organic,0
U08398,2025-02-09,USA,Android,18-24,Female,Organic,0
U08399,2025-01-21,UK,Android,25-34,Male,Ads,0
U08400,2025-04-05,India,Android,18-24,Female,Ads,0
U08401,2025-02-07,USA,iOS,18-24,Female,Organic,0
U08402,2025-01-20,Brazil,Web,25-34,Male,Organic,0
U08403,2025-01-07,Australia,iOS,25-34,Female,Organic,0
U08404,2025-04-21,UK,Android,35-44,Male,Ads,0
U08405,2025-05-05,Canada,Android,25-34,Male,Ads,0
U08406,2025-06-12,USA,Android,18-24,Male,Organic,1
U08407,2025-03-17,USA,Android,45-54,Female,Organic,1
U08408,2025-05-08,USA,Android,18-24,Male,Organic,0
U08409,2025-04-06,Australia,Android,25-34,Female,Organic,0
U08410,2025-04-13,USA,Android,18-24,Male,Organic,0
U08411,2025-05-02,Germany,Android,18-24,Male,Organic,0
U08412,2025-05-17,India,Android,25-34,Female,Ads,0
U08413,2025-04-25,USA,Android,25-34,Male,Ads,0
U08414,2025-02-19,UK,Android,25-34,Male,Organic,0
U08415,2025-01-10,Brazil,Android,18-24,Female,Organic,0
U08416,2025-03-13,India,iOS,18-24,Female,Referral,1
U08417,2025-02-12,India,iOS,18-24,Female,Ads,0
U08418,2025-04-28,Brazil,iOS,35-44,Female,Ads,0
U08419,2025-05-20,Australia,iOS,25-34,Male,Organic,0
U08420,2025-01-14,India,iOS,35-44,Female,Organic,0
U08421,2025-01-03,USA,Android,25-34,Male,Organic,0
U08422,2025-06-28,USA,iOS,18-24,Female,Organic,0
U08423,2025-02-10,Canada,Android,18-24,Female,Organic,0
U08424,2025-05-08,USA,Android,18-24,Female,Ads,0
U08425,2025-04-06,USA,Android,35-44,Female,Ads,1
U08426,2025-06-22,Japan,iOS,18-24,Male,Organic,1
U08427,2025-06-11,India,Android,25-34,Male,Ads,1
U08428,2025-01-16,UK,Android,18-24,Male,Organic,0
U08429,2025-04-01,Canada,Android,25-34,Male,Ads,0
U08430,2025-06-05,USA,Web,55+,Female,Organic,0
U08431,2025-05-05,USA,Web,25-34,Male,Referral,0
U08432,2025-01-12,Japan,Web,18-24,Male,Organic,0
U08433,2025-03-12,Canada,Android,35-44,Male,Organic,0
U08434,2025-04-19,USA,iOS,18-24,Female,Organic,0
U08435,2025-05-25,USA,iOS,18-24,Male,Organic,0
U08436,2025-06-22,USA,iOS,25-34,Male,Organic,0
U08437,2025-03-22,Brazil,Android,18-24,Female,Organic,0
U08438,2025-06-09,Japan,iOS,55+,Male,Organic,0
U08439,2025-03-13,Japan,Web,18-24,Female,Organic,1
U08440,2025-06-04,USA,Android,25-34,Male,Ads,0
U08441,2025-05-18,India,Android,25-34,Male,Organic,0
U08442,2025-01-12,India,iOS,25-34,Male,Ads,0
U08443,2025-06-09,Canada,iOS,35-44,Male,Organic,1
U08444,2025-04-30,India,iOS,18-24,Female,Organic,0
U08445,2025-02-21,USA,iOS,45-54,Male,Organic,0
U08446,2025-04-13,Australia,Web,18-24,Male,Organic,0
U08447,2025-01-08,USA,Android,18-24,Other,Ads,0
U08448,2025-05-23,Japan,Android,55+,Male,Ads,0
U08449,2025-01-14,Canada,Android,25-34,Female,Organic,0
U08450,2025-06-12,India,Android,18-24,Male,Organic,0
U08451,2025-03-01,USA,iOS,18-24,Male,Ads,0
U08452,2025-01-16,Australia,iOS,18-24,Male,Ads,1
U08453,2025-02-11,USA,iOS,25-34,Female,Ads,0
U08454,2025-04-11,India,iOS,55+,Male,Organic,1
U08455,2025-01-19,Brazil,Android,25-34,Female,Organic,0
U08456,2025-01-20,Canada,iOS,45-54,Female,Referral,0
U08457,2025-05-21,Japan,iOS,45-54,Female,Organic,0
U08458,2025-02-14,USA,Android,45-54,Female,Organic,0
U08459,2025-04-14,Canada,iOS,18-24,Female,Organic,0
U08460,2025-03-16,India,Android,18-24,Male,Organic,0
U08461,2025-02-06,India,Android,18-24,Male,Organic,0
U08462,2025-02-07,USA,iOS,18-24,Male,Organic,1
U08463,2025-04-13,USA,iOS,45-54,Male,Organic,0
U08464,2025-05-08,UK,Android,18-24,Female,Organic,0
U08465,2025-02-18,USA,Android,35-44,Male,Ads,0
U08466,2025-04-21,USA,Android,25-34,Female,Referral,0
U08467,2025-05-02,India,Android,18-24,Male,Ads,0
U08468,2025-02-04,Japan,Android,18-24,Female,Ads,0
U08469,2025-04-19,India,Android,18-24,Female,Ads,0
U08470,2025-05-26,USA,iOS,45-54,Female,Organic,0
U08471,2025-04-19,USA,Web,55+,Male,Organic,0
U08472,2025-03-22,UK,iOS,35-44,Female,Organic,0
U08473,2025-05-25,USA,iOS,45-54,Female,Organic,0
U08474,2025-01-21,Canada,Android,35-44,Female,Organic,1
U08475,2025-05-29,India,Android,25-34,Male,Ads,0
U08476,2025-05-05,Canada,Android,35-44,Male,Organic,1
U08477,2025-04-22,Germany,iOS,25-34,Female,Organic,0
U08478,2025-03-11,Germany,iOS,35-44,Male,Organic,0
U08479,2025-05-11,Japan,iOS,45-54,Female,Organic,0
U08480,2025-03-31,Germany,iOS,18-24,Female,Organic,0
U08481,2025-05-17,India,Android,35-44,Male,Organic,0
U08482,2025-05-10,USA,Android,25-34,Male,Organic,0
U08483,2025-03-24,USA,Android,25-34,Female,Organic,0
U08484,2025-06-21,UK,Android,45-54,Male,Organic,0
U08485,2025-01-21,Australia,Android,55+,Other,Referral,1
U08486,2025-02-02,USA,Android,18-24,Female,Ads,0
U08487,2025-06-03,Germany,Android,45-54,Other,Referral,0
U08488,2025-02-05,Brazil,Android,35-44,Male,Ads,0
U08489,2025-04-17,India,iOS,18-24,Female,Organic,0
U08490,2025-03-19,USA,Android,25-34,Male,Ads,0
U08491,2025-04-09,Australia,Android,18-24,Female,Organic,0
U08492,2025-03-07,USA,Android,25-34,Female,Organic,0
U08493,2025-05-08,India,iOS,55+,Male,Ads,0
U08494,2025-01-31,USA,Android,35-44,Male,Organic,0
U08495,2025-04-14,Canada,Android,18-24,Male,Ads,0
U08496,2025-04-27,USA,iOS,18-24,Female,Ads,0
U08497,2025-03-28,Germany,Web,18-24,Male,Ads,0
U08498,2025-03-10,UK,Android,45-54,Male,Ads,0
U08499,2025-06-25,Brazil,Android,18-24,Female,Ads,0
U08500,2025-03-03,USA,Android,18-24,Male,Ads,0
U08501,2025-04-17,USA,iOS,25-34,Male,Organic,0
U08502,2025-03-05,Brazil,Web,18-24,Male,Organic,0
U08503,2025-06-14,UK,Android,18-24,Female,Organic,0
U08504,2025-03-14,UK,Android,18-24,Female,Organic,0
U08505,2025-03-22,Brazil,Android,45-54,Male,Organic,1
U08506,2025-05-29,Japan,Web,45-54,Female,Organic,0
U08507,2025-05-03,India,Web,18-24,Female,Organic,0
U08508,2025-03-25,USA,iOS,25-34,Male,Organic,0
U08509,2025-06-10,India,Android,25-34,Male,Organic,0
U08510,2025-05-21,Germany,iOS,18-24,Other,Organic,0
U08511,2025-03-04,India,Android,35-44,Female,Ads,0
U08512,2025-04-29,UK,iOS,25-34,Female,Ads,0
U08513,2025-02-16,USA,iOS,18-24,Female,Organic,0
U08514,2025-04-20,USA,Android,35-44,Male,Organic,1
U08515,2025-04-16,USA,Android,55+,Female,Organic,0
U08516,2025-02-11,USA,iOS,45-54,Female,Ads,0
U08517,2025-03-14,Australia,Android,35-44,Male,Referral,1
U08518,2025-05-29,USA,iOS,25-34,Female,Organic,0
U08519,2025-04-17,Brazil,Android,35-44,Female,Organic,0
U08520,2025-06-29,USA,iOS,18-24,Female,Ads,0
U08521,2025-05-25,Brazil,Android,25-34,Male,Organic,0
U08522,2025-02-19,USA,Android,55+,Male,Organic,0
U08523,2025-03-11,USA,Android,25-34,Female,Organic,0
U08524,2025-03-29,Brazil,iOS,35-44,Female,Ads,1
U08525,2025-03-28,Australia,iOS,18-24,Female,Organic,0
U08526,2025-03-19,Australia,Android,18-24,Female,Ads,0
U08527,2025-01-01,India,Android,25-34,Female,Organic,0
U08528,2025-05-22,Canada,Android,25-34,Male,Organic,0
U08529,2025-01-07,Brazil,Android,18-24,Other,Organic,1
U08530,2025-02-25,Australia,Android,18-24,Male,Organic,0
U08531,2025-04-26,Australia,iOS,35-44,Female,Referral,0
U08532,2025-01-04,UK,iOS,35-44,Other,Ads,0
U08533,2025-04-11,USA,iOS,35-44,Male,Ads,0
U08534,2025-01-27,Canada,iOS,18-24,Female,Organic,0
U08535,2025-06-22,Canada,iOS,18-24,Male,Organic,0
U08536,2025-02-28,USA,Android,25-34,Female,Ads,0
U08537,2025-01-02,UK,iOS,45-54,Male,Ads,0
U08538,2025-02-28,USA,Android,18-24,Male,Organic,0
U08539,2025-02-13,Australia,Android,35-44,Male,Organic,0
U08540,2025-02-11,Japan,iOS,35-44,Female,Organic,0
U08541,2025-06-16,UK,Android,25-34,Female,Organic,0
U08542,2025-03-03,USA,Android,18-24,Female,Ads,1
U08543,2025-01-05,UK,Android,18-24,Male,Organic,1
U08544,2025-05-30,USA,Android,25-34,Male,Ads,1
U08545,2025-06-09,Japan,Android,45-54,Female,Ads,0
U08546,2025-05-14,India,iOS,18-24,Male,Organic,1
U08547,2025-06-09,India,Android,45-54,Male,Organic,0
U08548,2025-02-23,USA,Android,18-24,Male,Organic,0
U08549,2025-06-28,India,Android,25-34,Male,Referral,0
U08550,2025-04-18,Canada,Android,18-24,Male,Organic,0
U08551,2025-04-10,Australia,Web,18-24,Male,Organic,1
U08552,2025-04-19,USA,Web,45-54,Female,Organic,0
U08553,2025-04-21,Canada,Android,25-34,Female,Organic,1
U08554,2025-06-29,Germany,Android,25-34,Male,Ads,0
U08555,2025-04-21,Australia,Android,18-24,Male,Organic,0
U08556,2025-01-31,Australia,Android,35-44,Male,Ads,0
U08557,2025-01-19,USA,Android,18-24,Female,Organic,0
U08558,2025-01-08,Canada,iOS,45-54,Female,Organic,0
U08559,2025-03-31,Germany,iOS,18-24,Female,Ads,0
U08560,2025-03-11,USA,Android,25-34,Male,Organic,0
U08561,2025-01-31,USA,Android,25-34,Male,Organic,0
U08562,2025-01-27,Germany,Android,18-24,Male,Referral,0
U08563,2025-02-21,USA,Android,25-34,Female,Organic,0
U08564,2025-03-13,Germany,Android,35-44,Female,Organic,0
U08565,2025-06-22,Germany,Android,45-54,Male,Organic,1
U08566,2025-04-24,Japan,Android,35-44,Female,Organic,0
U08567,2025-02-18,USA,iOS,18-24,Other,Referral,0
U08568,2025-02-15,USA,iOS,35-44,Male,Organic,0
U08569,2025-02-19,UK,iOS,18-24,Male,Organic,0
U08570,2025-06-07,Canada,Android,18-24,Female,Ads,0
U08571,2025-02-28,Brazil,iOS,25-34,Female,Ads,1
U08572,2025-01-18,India,iOS,35-44,Male,Ads,0
U08573,2025-04-21,UK,iOS,35-44,Female,Organic,0
U08574,2025-03-19,Germany,Android,25-34,Male,Referral,0
U08575,2025-04-21,USA,Web,25-34,Male,Ads,0
U08576,2025-06-28,USA,Android,18-24,Female,Referral,0
U08577,2025-02-12,USA,iOS,18-24,Male,Referral,0
U08578,2025-05-23,USA,Android,55+,Female,Ads,0
U08579,2025-01-15,USA,iOS,55+,Female,Ads,0
U08580,2025-05-21,USA,Android,18-24,Male,Referral,1
U08581,2025-03-05,Germany,iOS,35-44,Female,Organic,0
U08582,2025-06-03,Australia,Android,18-24,Female,Organic,0
U08583,2025-04-04,USA,Android,25-34,Male,Organic,1
U08584,2025-02-03,USA,Android,25-34,Male,Referral,0
U08585,2025-04-05,UK,Android,18-24,Male,Organic,0
U08586,2025-06-10,USA,Android,18-24,Male,Organic,0
U08587,2025-06-24,USA,iOS,35-44,Male,Ads,0
U08588,2025-05-14,UK,Android,25-34,Female,Ads,0
U08589,2025-05-17,USA,Android,18-24,Male,Organic,0
U08590,2025-04-22,Brazil,Android,25-34,Male,Organic,0
U08591,2025-06-09,Canada,Android,18-24,Other,Ads,1
U08592,2025-06-26,USA,iOS,18-24,Male,Organic,0
U08593,2025-01-19,Canada,iOS,35-44,Male,Referral,0
U08594,2025-04-26,USA,Android,55+,Male,Ads,0
U08595,2025-05-05,Australia,iOS,18-24,Male,Organic,0
U08596,2025-02-28,Germany,Android,35-44,Male,Organic,1
U08597,2025-01-08,India,Android,25-34,Male,Organic,1
U08598,2025-05-22,Germany,Web,25-34,Female,Organic,0
U08599,2025-06-06,USA,Android,25-34,Male,Organic,0
U08600,2025-04-22,Canada,Android,25-34,Female,Organic,0
U08601,2025-03-16,India,iOS,55+,Male,Organic,0
U08602,2025-01-16,Germany,iOS,25-34,Female,Ads,1
U08603,2025-06-01,UK,iOS,35-44,Female,Referral,0
U08604,2025-01-11,UK,Android,18-24,Male,Ads,0
U08605,2025-06-29,India,iOS,18-24,Female,Organic,0
U08606,2025-05-30,USA,Android,25-34,Male,Ads,0
U08607,2025-03-06,UK,Android,35-44,Male,Organic,0
U08608,2025-03-09,USA,Android,55+,Female,Organic,0
U08609,2025-06-20,India,iOS,35-44,Male,Organic,0
U08610,2025-06-08,USA,Web,25-34,Female,Organic,1
U08611,2025-03-26,India,Android,25-34,Male,Referral,0
U08612,2025-03-22,Japan,Android,25-34,Male,Organic,0
U08613,2025-06-18,USA,iOS,55+,Female,Organic,0
U08614,2025-01-24,Canada,Android,18-24,Female,Organic,0
U08615,2025-06-18,USA,iOS,25-34,Female,Organic,0
U08616,2025-05-30,Brazil,iOS,35-44,Female,Ads,0
U08617,2025-02-14,Japan,iOS,35-44,Male,Organic,0
U08618,2025-05-26,India,iOS,45-54,Female,Organic,0
U08619,2025-05-07,USA,iOS,35-44,Male,Organic,1
U08620,2025-06-14,Brazil,Android,25-34,Male,Organic,0
U08621,2025-04-27,USA,Android,25-34,Male,Organic,0
U08622,2025-01-03,UK,iOS,18-24,Male,Organic,1
U08623,2025-05-04,USA,iOS,25-34,Male,Referral,0
U08624,2025-05-31,India,iOS,18-24,Male,Ads,0
U08625,2025-05-03,Brazil,Android,25-34,Female,Organic,0
U08626,2025-03-16,India,Android,35-44,Male,Organic,0
U08627,2025-01-11,Germany,Android,35-44,Other,Ads,1
U08628,2025-03-01,USA,iOS,18-24,Female,Organic,0
U08629,2025-04-12,Brazil,iOS,18-24,Female,Referral,0
U08630,2025-01-08,Australia,Android,25-34,Female,Ads,0
U08631,2025-03-04,India,Android,35-44,Male,Organic,0
U08632,2025-04-15,India,Android,55+,Female,Organic,0
U08633,2025-04-20,USA,Android,25-34,Female,Referral,0
U08634,2025-01-30,India,Android,18-24,Male,Ads,0
U08635,2025-03-05,India,Android,25-34,Female,Organic,0
U08636,2025-04-08,UK,iOS,18-24,Male,Organic,0
U08637,2025-05-16,Canada,iOS,18-24,Male,Organic,0
U08638,2025-02-12,USA,iOS,45-54,Female,Organic,0
U08639,2025-01-30,Germany,iOS,45-54,Female,Ads,1
U08640,2025-01-10,USA,Android,55+,Female,Organic,0
U08641,2025-05-11,USA,Android,18-24,Female,Organic,0
U08642,2025-05-23,India,Android,25-34,Male,Organic,0
U08643,2025-03-18,Australia,Android,18-24,Male,Organic,0
U08644,2025-03-28,Australia,Android,18-24,Male,Referral,0
U08645,2025-05-27,USA,Web,25-34,Male,Referral,0
U08646,2025-04-26,Australia,Android,55+,Male,Organic,0
U08647,2025-04-22,USA,Android,55+,Male,Referral,0
U08648,2025-04-09,Japan,iOS,18-24,Female,Referral,0
U08649,2025-01-18,USA,Android,25-34,Female,Organic,1
U08650,2025-02-13,USA,Android,55+,Male,Ads,1
U08651,2025-03-25,Germany,iOS,35-44,Male,Organic,0
U08652,2025-02-26,India,Android,18-24,Female,Ads,1
U08653,2025-06-02,Germany,Android,35-44,Female,Referral,1
U08654,2025-03-18,USA,iOS,18-24,Female,Ads,0
U08655,2025-01-29,USA,Android,25-34,Male,Organic,0
U08656,2025-01-26,Brazil,Android,25-34,Male,Organic,0
U08657,2025-03-07,Canada,Android,35-44,Male,Organic,0
U08658,2025-01-17,Canada,iOS,45-54,Female,Organic,0
U08659,2025-04-03,USA,Android,25-34,Female,Referral,0
U08660,2025-04-21,Japan,Android,35-44,Male,Organic,0
U08661,2025-05-25,India,Android,25-34,Female,Organic,0
U08662,2025-01-10,USA,Android,18-24,Female,Ads,0
U08663,2025-04-17,USA,Android,25-34,Female,Referral,1
U08664,2025-03-19,USA,Android,25-34,Female,Organic,0
U08665,2025-02-20,USA,Android,18-24,Female,Organic,0
U08666,2025-01-17,Canada,Android,25-34,Female,Ads,0
U08667,2025-03-19,Canada,iOS,25-34,Female,Referral,0
U08668,2025-04-08,Japan,Android,18-24,Male,Organic,1
U08669,2025-03-26,Australia,Android,18-24,Female,Organic,0
U08670,2025-05-31,Germany,Android,18-24,Female,Organic,0
U08671,2025-05-16,UK,Android,35-44,Male,Ads,0
U08672,2025-01-26,India,iOS,25-34,Male,Organic,0
U08673,2025-05-28,USA,Android,18-24,Female,Ads,0
U08674,2025-01-27,India,iOS,18-24,Female,Referral,0
U08675,2025-04-04,USA,iOS,25-34,Male,Organic,0
U08676,2025-04-19,USA,Android,55+,Female,Organic,0
U08677,2025-02-08,USA,iOS,25-34,Female,Organic,0
U08678,2025-04-05,Brazil,Android,18-24,Female,Organic,0
U08679,2025-03-18,India,Android,25-34,Male,Ads,0
U08680,2025-05-07,USA,Android,25-34,Male,Ads,0
U08681,2025-04-21,USA,Web,18-24,Female,Ads,0
U08682,2025-02-08,India,iOS,35-44,Female,Ads,0
U08683,2025-04-19,USA,Android,25-34,Male,Referral,0
U08684,2025-04-30,India,iOS,55+,Male,Ads,0
U08685,2025-05-23,UK,Android,35-44,Male,Organic,0
U08686,2025-04-12,USA,Android,18-24,Male,Organic,1
U08687,2025-02-17,USA,Android,25-34,Female,Organic,0
U08688,2025-02-17,USA,Android,18-24,Female,Referral,0
U08689,2025-01-14,USA,Android,25-34,Female,Organic,0
U08690,2025-02-21,USA,iOS,18-24,Male,Ads,0
U08691,2025-05-31,Brazil,iOS,25-34,Female,Organic,1
U08692,2025-03-25,Germany,iOS,25-34,Female,Ads,0
U08693,2025-03-04,USA,iOS,25-34,Male,Referral,0
U08694,2025-05-13,Canada,Web,25-34,Male,Ads,0
U08695,2025-06-29,UK,Android,35-44,Female,Organic,0
U08696,2025-04-22,USA,Android,18-24,Male,Organic,0
U08697,2025-01-18,USA,Web,25-34,Male,Organic,0
U08698,2025-01-22,USA,Android,18-24,Male,Organic,0
U08699,2025-05-11,USA,Android,18-24,Male,Ads,0
U08700,2025-03-22,India,Web,35-44,Male,Referral,0
U08701,2025-03-24,India,Android,18-24,Female,Referral,0
U08702,2025-03-12,Brazil,iOS,25-34,Male,Ads,0
U08703,2025-03-09,USA,iOS,25-34,Female,Organic,0
U08704,2025-02-06,Germany,iOS,18-24,Male,Referral,0
U08705,2025-03-04,Germany,Android,55+,Female,Ads,0
U08706,2025-03-08,UK,Android,35-44,Male,Organic,0
U08707,2025-04-26,USA,Android,25-34,Male,Ads,0
U08708,2025-05-08,USA,Android,55+,Female,Organic,0
U08709,2025-01-05,USA,Web,18-24,Male,Referral,1
U08710,2025-05-30,Germany,iOS,18-24,Male,Organic,0
U08711,2025-03-01,Brazil,iOS,45-54,Male,Referral,0
U08712,2025-02-02,UK,Android,18-24,Female,Ads,1
U08713,2025-03-09,Brazil,Android,55+,Female,Organic,0
U08714,2025-04-30,Canada,Android,45-54,Female,Organic,0
U08715,2025-06-09,Germany,Android,25-34,Male,Referral,0
U08716,2025-06-05,Australia,Android,25-34,Male,Ads,0
U08717,2025-03-27,USA,Android,25-34,Female,Ads,0
U08718,2025-05-02,Germany,iOS,45-54,Male,Ads,0
U08719,2025-01-29,Canada,Android,25-34,Female,Organic,0
U08720,2025-03-27,Canada,iOS,25-34,Female,Ads,0
U08721,2025-01-09,India,Android,18-24,Male,Ads,0
U08722,2025-06-29,Canada,Android,25-34,Male,Organic,0
U08723,2025-06-08,Japan,Android,35-44,Female,Organic,0
U08724,2025-02-15,Brazil,Android,35-44,Male,Organic,0
U08725,2025-02-08,Germany,Android,25-34,Male,Referral,0
U08726,2025-05-14,Germany,Android,25-34,Male,Organic,1
U08727,2025-03-14,Japan,Android,55+,Female,Organic,0
U08728,2025-01-31,Japan,Android,18-24,Female,Organic,0
U08729,2025-05-28,India,Android,25-34,Male,Ads,0
U08730,2025-05-22,India,Android,45-54,Male,Ads,0
U08731,2025-06-15,Canada,Android,18-24,Male,Ads,1
U08732,2025-01-17,USA,Android,35-44,Male,Organic,0
U08733,2025-01-22,India,Android,25-34,Other,Ads,0
U08734,2025-05-24,USA,Android,35-44,Female,Organic,0
U08735,2025-01-11,USA,Android,18-24,Female,Organic,0
U08736,2025-02-17,Germany,iOS,25-34,Male,Organic,0
U08737,2025-05-01,India,iOS,25-34,Male,Organic,0
U08738,2025-06-29,USA,Android,35-44,Female,Organic,0
U08739,2025-01-29,UK,Android,18-24,Female,Organic,0
U08740,2025-06-18,UK,Android,45-54,Male,Ads,0
U08741,2025-06-11,USA,iOS,35-44,Female,Ads,0
U08742,2025-06-09,India,Android,45-54,Female,Organic,0
U08743,2025-02-25,India,iOS,25-34,Female,Referral,0
U08744,2025-01-03,USA,Android,45-54,Male,Organic,0
U08745,2025-03-08,Japan,Android,45-54,Female,Referral,0
U08746,2025-05-15,USA,iOS,18-24,Female,Organic,1
U08747,2025-06-06,India,Web,35-44,Male,Referral,1
U08748,2025-01-22,Brazil,iOS,35-44,Male,Organic,0
U08749,2025-03-01,India,Android,45-54,Female,Organic,0
U08750,2025-03-29,USA,iOS,18-24,Female,Ads,1
U08751,2025-04-02,UK,Android,55+,Male,Ads,0
U08752,2025-01-05,India,Android,25-34,Female,Organic,0
U08753,2025-03-06,India,iOS,18-24,Female,Organic,0
U08754,2025-02-10,USA,Android,18-24,Female,Organic,0
U08755,2025-05-24,Germany,iOS,35-44,Female,Ads,1
U08756,2025-04-15,USA,Android,18-24,Male,Organic,0
U08757,2025-02-11,India,Android,18-24,Female,Ads,1
U08758,2025-02-09,Australia,Android,25-34,Female,Ads,0
U08759,2025-04-17,USA,iOS,18-24,Male,Referral,0
U08760,2025-04-12,Australia,Web,18-24,Female,Organic,1
U08761,2025-05-26,Australia,iOS,25-34,Male,Referral,1
U08762,2025-02-20,UK,Android,35-44,Male,Referral,0
U08763,2025-04-17,USA,Android,35-44,Female,Organic,1
U08764,2025-04-04,India,iOS,45-54,Other,Referral,0
U08765,2025-05-01,UK,Web,35-44,Female,Organic,0
U08766,2025-05-22,India,iOS,25-34,Male,Organic,0
U08767,2025-01-28,Germany,iOS,25-34,Female,Organic,0
U08768,2025-05-15,USA,iOS,35-44,Female,Referral,0
U08769,2025-05-16,USA,iOS,25-34,Male,Referral,0
U08770,2025-05-10,Japan,iOS,25-34,Female,Referral,0
U08771,2025-01-04,Canada,iOS,55+,Female,Referral,0
U08772,2025-03-15,Germany,Android,18-24,Male,Organic,0
U08773,2025-04-24,Canada,Android,18-24,Female,Referral,0
U08774,2025-06-25,Japan,iOS,18-24,Male,Ads,0
U08775,2025-05-09,India,iOS,55+,Male,Referral,0
U08776,2025-04-13,USA,iOS,45-54,Male,Ads,0
U08777,2025-01-09,Canada,iOS,35-44,Male,Organic,0
U08778,2025-02-19,Australia,Android,18-24,Male,Organic,0
U08779,2025-02-03,USA,Android,45-54,Female,Referral,1
U08780,2025-01-12,India,iOS,18-24,Male,Organic,0
U08781,2025-02-25,USA,Android,45-54,Male,Organic,0
U08782,2025-02-08,UK,iOS,35-44,Female,Organic,0
U08783,2025-06-03,Brazil,iOS,25-34,Female,Referral,0
U08784,2025-05-16,Canada,Android,35-44,Female,Referral,0
U08785,2025-04-30,USA,iOS,35-44,Female,Organic,0
U08786,2025-02-22,India,iOS,25-34,Female,Ads,0
U08787,2025-01-11,Germany,Android,35-44,Female,Organic,0
U08788,2025-04-01,USA,iOS,45-54,Male,Organic,0
U08789,2025-05-08,Germany,Android,35-44,Male,Referral,0
U08790,2025-01-02,Germany,Android,35-44,Female,Organic,0
U08791,2025-01-13,Brazil,Android,35-44,Female,Ads,0
U08792,2025-03-17,Japan,Android,18-24,Male,Organic,0
U08793,2025-05-09,India,Android,25-34,Female,Organic,0
U08794,2025-02-22,UK,iOS,25-34,Female,Organic,1
U08795,2025-05-09,USA,Android,25-34,Male,Organic,0
U08796,2025-06-15,USA,Android,18-24,Male,Organic,0
U08797,2025-06-27,USA,Android,18-24,Female,Ads,0
U08798,2025-05-09,Australia,iOS,35-44,Male,Organic,1
U08799,2025-03-11,Canada,Android,18-24,Male,Organic,0
U08800,2025-06-17,USA,Android,25-34,Male,Organic,0
U08801,2025-01-21,USA,Android,18-24,Male,Referral,1
U08802,2025-01-04,USA,iOS,45-54,Female,Organic,0
U08803,2025-02-26,Germany,Android,35-44,Female,Organic,0
U08804,2025-06-18,Australia,iOS,35-44,Male,Referral,0
U08805,2025-06-21,USA,Android,25-34,Female,Organic,0
U08806,2025-05-07,India,iOS,35-44,Male,Organic,0
U08807,2025-03-17,UK,Android,18-24,Male,Organic,0
U08808,2025-02-14,Japan,iOS,18-24,Female,Organic,0
U08809,2025-03-15,USA,Android,25-34,Male,Ads,0
U08810,2025-04-09,Germany,Android,25-34,Male,Organic,0
U08811,2025-05-18,Germany,iOS,25-34,Female,Organic,0
U08812,2025-01-20,Australia,Android,35-44,Female,Referral,0
U08813,2025-06-25,Brazil,Android,18-24,Male,Ads,0
U08814,2025-03-03,USA,iOS,55+,Female,Referral,0
U08815,2025-04-05,USA,iOS,18-24,Female,Ads,1
U08816,2025-06-18,Brazil,Android,18-24,Female,Ads,0
U08817,2025-04-26,UK,Android,55+,Male,Organic,0
U08818,2025-04-14,UK,Android,55+,Female,Referral,0
U08819,2025-01-18,India,iOS,35-44,Female,Organic,0
U08820,2025-02-06,Germany,iOS,25-34,Female,Organic,1
U08821,2025-02-08,Brazil,Android,25-34,Female,Ads,1
U08822,2025-04-08,USA,iOS,18-24,Male,Ads,0
U08823,2025-03-30,USA,Android,18-24,Female,Organic,0
U08824,2025-04-19,Brazil,iOS,18-24,Male,Organic,0
U08825,2025-06-29,India,Android,18-24,Female,Organic,0
U08826,2025-05-19,Brazil,iOS,18-24,Female,Referral,0
U08827,2025-01-05,USA,Android,18-24,Male,Referral,0
U08828,2025-01-08,Australia,iOS,35-44,Female,Organic,0
U08829,2025-02-18,Germany,iOS,45-54,Male,Organic,0
U08830,2025-06-29,Canada,iOS,25-34,Male,Referral,0
U08831,2025-04-13,India,iOS,18-24,Male,Organic,0
U08832,2025-03-01,USA,Android,35-44,Male,Organic,0
U08833,2025-03-06,India,Android,45-54,Female,Organic,1
U08834,2025-04-06,Japan,Android,25-34,Male,Ads,0
U08835,2025-03-18,Japan,Android,18-24,Male,Referral,0
U08836,2025-05-25,Germany,Android,18-24,Female,Ads,0
U08837,2025-01-31,India,iOS,55+,Male,Organic,0
U08838,2025-01-04,UK,Android,35-44,Male,Ads,0
U08839,2025-03-09,USA,Android,18-24,Female,Organic,0
U08840,2025-05-13,Canada,iOS,18-24,Female,Organic,0
U08841,2025-03-10,USA,iOS,18-24,Female,Organic,0
U08842,2025-03-11,India,iOS,25-34,Male,Organic,0
U08843,2025-05-02,India,iOS,35-44,Male,Organic,0
U08844,2025-02-28,UK,iOS,35-44,Female,Referral,0
U08845,2025-02-15,India,Android,45-54,Female,Organic,0
U08846,2025-04-08,India,Android,35-44,Male,Organic,1
U08847,2025-02-23,USA,Android,55+,Male,Ads,0
U08848,2025-06-07,India,Android,18-24,Male,Referral,0
U08849,2025-01-13,Canada,Android,18-24,Female,Ads,0
U08850,2025-05-02,UK,Android,45-54,Male,Organic,0
U08851,2025-02-20,USA,Web,18-24,Male,Organic,0
U08852,2025-06-20,USA,iOS,35-44,Male,Organic,0
U08853,2025-03-17,Canada,iOS,25-34,Male,Organic,0
U08854,2025-06-22,Australia,Android,18-24,Other,Organic,0
U08855,2025-06-08,USA,Android,18-24,Male,Ads,1
U08856,2025-01-06,Canada,Web,45-54,Male,Organic,0
U08857,2025-04-18,Brazil,Android,25-34,Male,Organic,0
U08858,2025-02-24,USA,Android,25-34,Male,Organic,0
U08859,2025-02-13,Germany,Android,35-44,Male,Organic,0
U08860,2025-01-30,India,Android,45-54,Female,Organic,0
U08861,2025-03-08,USA,Android,45-54,Male,Referral,0
U08862,2025-06-24,Canada,Android,35-44,Male,Organic,0
U08863,2025-03-18,UK,Android,55+,Female,Organic,0
U08864,2025-05-08,Canada,iOS,55+,Female,Ads,0
U08865,2025-01-27,India,iOS,25-34,Male,Organic,0
U08866,2025-01-18,Australia,Android,25-34,Female,Ads,0
U08867,2025-05-22,USA,Android,25-34,Female,Organic,0
U08868,2025-03-16,USA,Android,35-44,Male,Organic,0
U08869,2025-04-12,Germany,iOS,25-34,Female,Organic,0
U08870,2025-05-12,India,Android,35-44,Female,Referral,0
U08871,2025-04-29,Australia,Android,55+,Male,Ads,0
U08872,2025-06-19,USA,Android,45-54,Female,Organic,0
U08873,2025-05-02,India,Android,45-54,Female,Organic,0
U08874,2025-05-14,Germany,Android,55+,Female,Organic,0
U08875,2025-02-14,USA,Android,18-24,Female,Ads,0
U08876,2025-03-23,Brazil,Android,55+,Male,Organic,0
U08877,2025-02-16,Brazil,Android,18-24,Female,Organic,0
U08878,2025-04-22,USA,iOS,18-24,Male,Organic,0
U08879,2025-01-30,India,Android,18-24,Female,Organic,0
U08880,2025-03-24,Japan,Android,18-24,Female,Organic,0
U08881,2025-03-02,USA,Android,25-34,Female,Organic,0
U08882,2025-06-26,USA,iOS,45-54,Male,Organic,0
U08883,2025-04-28,Australia,Android,45-54,Male,Organic,0
U08884,2025-03-05,Germany,iOS,18-24,Female,Ads,0
U08885,2025-03-29,India,Web,55+,Female,Ads,0
U08886,2025-04-16,USA,iOS,35-44,Female,Organic,1
U08887,2025-01-26,USA,Android,45-54,Male,Referral,0
U08888,2025-02-10,India,Web,55+,Male,Organic,0
U08889,2025-05-07,India,Android,25-34,Male,Organic,1
U08890,2025-01-27,Australia,Android,25-34,Male,Ads,0
U08891,2025-04-23,India,iOS,18-24,Male,Referral,0
U08892,2025-04-16,India,Android,18-24,Female,Organic,0
U08893,2025-05-13,India,Android,25-34,Female,Referral,1
U08894,2025-06-05,USA,Android,18-24,Male,Ads,0
U08895,2025-02-09,India,Android,45-54,Male,Ads,0
U08896,2025-06-17,Japan,Android,18-24,Male,Organic,0
U08897,2025-01-27,Australia,iOS,25-34,Female,Organic,0
U08898,2025-03-02,UK,Android,45-54,Male,Ads,0
U08899,2025-05-14,India,Android,25-34,Female,Referral,0
U08900,2025-05-17,India,iOS,25-34,Male,Ads,1
U08901,2025-06-24,USA,iOS,35-44,Female,Organic,0
U08902,2025-04-12,Canada,Android,18-24,Male,Referral,0
U08903,2025-06-26,USA,Android,35-44,Male,Organic,0
U08904,2025-01-27,USA,iOS,25-34,Male,Organic,0
U08905,2025-03-25,Canada,Android,18-24,Female,Organic,1
U08906,2025-06-26,UK,Android,25-34,Male,Ads,1
U08907,2025-05-30,Germany,iOS,18-24,Male,Organic,1
U08908,2025-01-29,Brazil,iOS,18-24,Male,Organic,0
U08909,2025-05-08,India,Android,45-54,Female,Organic,0
U08910,2025-04-20,USA,iOS,18-24,Male,Ads,0
U08911,2025-06-28,USA,Android,18-24,Female,Organic,0
U08912,2025-01-31,Germany,Android,18-24,Female,Organic,0
U08913,2025-03-03,Australia,iOS,35-44,Female,Organic,0
U08914,2025-01-14,USA,Web,45-54,Male,Organic,0
U08915,2025-04-19,Australia,Android,25-34,Female,Ads,0
U08916,2025-04-14,Brazil,iOS,25-34,Female,Referral,1
U08917,2025-05-20,Brazil,iOS,18-24,Male,Organic,0
U08918,2025-01-23,USA,Android,45-54,Male,Organic,0
U08919,2025-02-05,USA,Android,25-34,Male,Ads,0
U08920,2025-03-03,USA,iOS,25-34,Female,Referral,0
U08921,2025-06-13,India,iOS,18-24,Male,Organic,0
U08922,2025-06-20,Australia,iOS,18-24,Male,Organic,0
U08923,2025-01-29,USA,Android,45-54,Female,Organic,1
U08924,2025-05-22,UK,Android,18-24,Female,Organic,0
U08925,2025-01-06,USA,Android,18-24,Male,Referral,0
U08926,2025-05-29,USA,iOS,18-24,Male,Ads,0
U08927,2025-03-03,USA,Android,45-54,Male,Organic,0
U08928,2025-06-20,Germany,iOS,18-24,Female,Organic,0
U08929,2025-03-22,Canada,iOS,25-34,Male,Ads,0
U08930,2025-03-21,India,iOS,25-34,Female,Organic,0
U08931,2025-02-28,India,iOS,18-24,Female,Organic,0
U08932,2025-03-28,India,Android,18-24,Female,Organic,0
U08933,2025-05-25,India,iOS,18-24,Male,Ads,1
U08934,2025-06-09,India,iOS,45-54,Male,Organic,1
U08935,2025-06-23,USA,Android,18-24,Male,Ads,0
U08936,2025-05-04,Australia,iOS,25-34,Female,Ads,1
U08937,2025-05-24,USA,Android,18-24,Male,Referral,0
U08938,2025-02-23,Australia,Web,45-54,Male,Organic,0
U08939,2025-01-30,India,iOS,45-54,Other,Ads,0
U08940,2025-06-01,Brazil,iOS,25-34,Female,Organic,1
U08941,2025-02-06,Brazil,Android,25-34,Female,Ads,0
U08942,2025-01-21,Japan,iOS,55+,Male,Ads,0
U08943,2025-01-26,India,iOS,25-34,Female,Ads,0
U08944,2025-02-05,Japan,iOS,45-54,Female,Ads,0
U08945,2025-01-06,India,iOS,45-54,Female,Ads,0
U08946,2025-05-29,India,Android,18-24,Male,Organic,1
U08947,2025-04-29,Brazil,Android,35-44,Male,Organic,0
U08948,2025-04-30,USA,Android,25-34,Female,Organic,0
U08949,2025-02-21,Brazil,iOS,18-24,Female,Ads,1
U08950,2025-04-28,USA,Android,45-54,Female,Referral,0
U08951,2025-04-21,Australia,iOS,25-34,Female,Organic,0
U08952,2025-04-29,UK,Android,18-24,Male,Ads,0
U08953,2025-02-14,Germany,Android,35-44,Male,Ads,0
U08954,2025-04-26,USA,iOS,45-54,Female,Ads,0
U08955,2025-02-15,Germany,iOS,45-54,Female,Organic,0
U08956,2025-02-14,UK,iOS,18-24,Female,Organic,0
U08957,2025-05-14,India,Android,18-24,Male,Ads,1
U08958,2025-01-06,Brazil,Android,18-24,Other,Referral,0
U08959,2025-03-11,Canada,iOS,18-24,Male,Organic,0
U08960,2025-01-16,Japan,iOS,25-34,Female,Organic,1
U08961,2025-05-14,UK,iOS,25-34,Female,Organic,1
U08962,2025-06-01,UK,iOS,35-44,Female,Ads,0
U08963,2025-04-03,India,iOS,18-24,Male,Organic,0
U08964,2025-01-27,India,Android,25-34,Male,Organic,0
U08965,2025-04-08,Brazil,Android,45-54,Female,Organic,0
U08966,2025-06-14,USA,iOS,35-44,Female,Organic,1
U08967,2025-04-28,Brazil,Android,35-44,Male,Ads,0
U08968,2025-04-02,India,Android,25-34,Male,Organic,1
U08969,2025-05-19,USA,iOS,45-54,Female,Ads,0
U08970,2025-05-07,UK,iOS,45-54,Female,Ads,0
U08971,2025-03-14,Canada,Android,45-54,Female,Organic,0
U08972,2025-02-05,India,Android,18-24,Female,Referral,0
U08973,2025-06-15,USA,Android,18-24,Female,Referral,1
U08974,2025-03-17,USA,Android,35-44,Female,Organic,0
U08975,2025-04-06,India,iOS,35-44,Female,Organic,0
U08976,2025-04-03,UK,Android,45-54,Female,Referral,0
U08977,2025-01-27,India,iOS,18-24,Female,Organic,1
U08978,2025-02-01,UK,Android,18-24,Female,Referral,0
U08979,2025-02-07,USA,Android,55+,Male,Ads,0
U08980,2025-02-13,India,Web,55+,Male,Ads,0
U08981,2025-01-07,Japan,iOS,45-54,Male,Organic,0
U08982,2025-03-21,Germany,iOS,18-24,Male,Referral,0
U08983,2025-05-29,India,iOS,25-34,Male,Organic,0
U08984,2025-01-03,Brazil,Android,25-34,Male,Organic,0
U08985,2025-06-29,UK,Android,18-24,Male,Ads,0
U08986,2025-02-22,Brazil,iOS,55+,Female,Organic,0
U08987,2025-03-22,UK,Android,55+,Male,Referral,1
U08988,2025-02-13,USA,iOS,25-34,Male,Organic,0
U08989,2025-05-25,Germany,Android,18-24,Male,Organic,0
U08990,2025-05-11,India,Android,25-34,Male,Organic,0
U08991,2025-02-09,India,Android,25-34,Female,Organic,1
U08992,2025-05-28,Canada,Android,45-54,Female,Organic,0
U08993,2025-02-09,UK,Android,35-44,Female,Organic,0
U08994,2025-01-13,India,Android,25-34,Male,Organic,0
U08995,2025-02-04,Canada,Android,25-34,Female,Organic,0
U08996,2025-03-27,India,Android,35-44,Male,Organic,1
U08997,2025-06-18,USA,Android,35-44,Male,Organic,0
U08998,2025-04-30,India,Android,25-34,Other,Ads,1
U08999,2025-04-06,Brazil,iOS,18-24,Male,Referral,0
U09000,2025-05-14,USA,Android,25-34,Female,Referral,0
U09001,2025-03-05,UK,iOS,35-44,Female,Referral,0
U09002,2025-06-18,Germany,Android,18-24,Male,Referral,0
U09003,2025-03-30,Germany,Android,18-24,Female,Organic,0
U09004,2025-06-22,India,Android,18-24,Female,Organic,1
U09005,2025-02-17,Germany,Android,25-34,Male,Organic,0
U09006,2025-03-25,Australia,Android,35-44,Male,Organic,0
U09007,2025-03-20,UK,Android,45-54,Male,Organic,0
U09008,2025-05-31,Canada,Android,35-44,Female,Organic,1
U09009,2025-01-09,UK,iOS,18-24,Male,Organic,0
U09010,2025-04-29,Japan,iOS,25-34,Female,Ads,0
U09011,2025-05-23,USA,iOS,18-24,Male,Ads,0
U09012,2025-06-10,UK,iOS,18-24,Female,Organic,0
U09013,2025-03-15,Canada,Android,18-24,Male,Organic,0
U09014,2025-05-20,India,Android,45-54,Female,Referral,0
U09015,2025-03-02,UK,iOS,35-44,Female,Ads,0
U09016,2025-03-18,Australia,Android,35-44,Female,Organic,0
U09017,2025-04-29,USA,iOS,18-24,Male,Ads,0
U09018,2025-05-25,Canada,iOS,35-44,Female,Organic,0
U09019,2025-04-22,Germany,iOS,18-24,Male,Organic,1
U09020,2025-04-26,India,Android,25-34,Other,Ads,0
U09021,2025-04-15,India,iOS,35-44,Female,Ads,0
U09022,2025-04-12,India,Android,18-24,Male,Organic,0
U09023,2025-05-05,Brazil,Android,55+,Male,Organic,0
U09024,2025-06-20,Brazil,Android,18-24,Female,Referral,0
U09025,2025-05-17,Canada,Android,35-44,Female,Ads,0
U09026,2025-06-02,India,Android,35-44,Male,Ads,1
U09027,2025-01-08,USA,Android,25-34,Female,Organic,0
U09028,2025-04-12,USA,Android,35-44,Male,Organic,0
U09029,2025-01-22,USA,Android,45-54,Male,Ads,0
U09030,2025-03-29,USA,Android,45-54,Male,Organic,0
U09031,2025-03-30,India,iOS,18-24,Female,Organic,0
U09032,2025-06-10,Japan,iOS,18-24,Other,Organic,0
U09033,2025-06-20,Canada,Android,25-34,Female,Ads,1
U09034,2025-01-09,India,Android,18-24,Male,Organic,0
U09035,2025-06-20,USA,Android,18-24,Female,Organic,0
U09036,2025-02-17,India,iOS,25-34,Female,Organic,0
U09037,2025-04-11,Canada,Android,25-34,Male,Organic,1
U09038,2025-04-15,Germany,Android,18-24,Male,Organic,0
U09039,2025-03-18,Canada,Web,35-44,Female,Ads,0
U09040,2025-05-23,USA,Android,25-34,Male,Referral,0
U09041,2025-01-08,Japan,Android,25-34,Male,Organic,0
U09042,2025-04-19,Australia,iOS,25-34,Male,Ads,0
U09043,2025-03-17,Brazil,Android,18-24,Male,Organic,0
U09044,2025-04-11,Brazil,iOS,25-34,Male,Organic,0
U09045,2025-05-29,UK,Web,55+,Female,Ads,0
U09046,2025-05-03,Brazil,Android,25-34,Female,Ads,0
U09047,2025-01-10,India,Android,18-24,Female,Organic,0
U09048,2025-02-06,India,Android,18-24,Male,Organic,0
U09049,2025-02-26,India,Android,18-24,Male,Ads,0
U09050,2025-03-27,Japan,Android,35-44,Male,Ads,0
U09051,2025-03-19,Germany,iOS,18-24,Male,Organic,0
U09052,2025-06-21,USA,Android,25-34,Female,Organic,0
U09053,2025-03-01,Brazil,Android,25-34,Female,Ads,0
U09054,2025-05-31,Australia,iOS,18-24,Male,Organic,0
U09055,2025-06-10,Australia,iOS,35-44,Female,Ads,0
U09056,2025-02-25,India,Android,18-24,Male,Ads,0
U09057,2025-03-31,UK,iOS,18-24,Male,Organic,0
U09058,2025-02-02,Brazil,iOS,35-44,Female,Referral,1
U09059,2025-03-24,Australia,Android,18-24,Female,Referral,1
U09060,2025-02-27,USA,Android,18-24,Female,Organic,0
U09061,2025-04-30,India,Android,45-54,Female,Organic,1
U09062,2025-06-28,Canada,iOS,35-44,Male,Organic,0
U09063,2025-01-11,USA,Android,25-34,Female,Referral,0
U09064,2025-05-14,India,Android,45-54,Male,Ads,1
U09065,2025-04-11,USA,Android,45-54,Male,Ads,0
U09066,2025-06-25,USA,Android,18-24,Male,Referral,0
U09067,2025-01-28,UK,Android,55+,Female,Organic,0
U09068,2025-04-01,USA,iOS,35-44,Female,Referral,0
U09069,2025-06-11,UK,Web,18-24,Female,Organic,0
U09070,2025-05-06,USA,iOS,25-34,Female,Organic,1
U09071,2025-03-29,USA,Android,35-44,Female,Referral,0
U09072,2025-01-18,Germany,Android,35-44,Female,Ads,1
U09073,2025-05-21,Brazil,Android,18-24,Female,Organic,0
U09074,2025-04-08,Brazil,Android,18-24,Male,Organic,0
U09075,2025-01-22,India,iOS,25-34,Female,Organic,0
U09076,2025-02-04,USA,Android,25-34,Female,Organic,0
U09077,2025-06-01,India,iOS,25-34,Male,Organic,0
U09078,2025-04-24,Canada,iOS,35-44,Male,Referral,0
U09079,2025-06-23,Brazil,Android,35-44,Male,Referral,1
U09080,2025-05-16,USA,iOS,25-34,Male,Referral,0
U09081,2025-04-17,India,Android,18-24,Male,Organic,0
U09082,2025-01-27,India,Android,35-44,Female,Organic,0
U09083,2025-03-18,Brazil,iOS,25-34,Male,Referral,1
U09084,2025-03-22,Brazil,Android,35-44,Female,Ads,0
U09085,2025-03-04,USA,iOS,35-44,Female,Organic,0
U09086,2025-03-29,Canada,iOS,18-24,Female,Organic,1
U09087,2025-01-05,India,Android,25-34,Male,Ads,0
U09088,2025-02-04,India,Android,35-44,Female,Organic,1
U09089,2025-03-30,UK,Android,18-24,Male,Organic,1
U09090,2025-04-25,Germany,Android,25-34,Female,Organic,0
U09091,2025-06-24,India,iOS,45-54,Male,Organic,0
U09092,2025-05-19,USA,Android,25-34,Male,Organic,0
U09093,2025-06-23,Brazil,Android,18-24,Female,Organic,0
U09094,2025-02-09,USA,Android,18-24,Female,Organic,0
U09095,2025-06-21,Brazil,Android,25-34,Male,Organic,0
U09096,2025-03-30,USA,Android,18-24,Female,Referral,0
U09097,2025-01-18,India,iOS,35-44,Female,Organic,0
U09098,2025-02-18,Brazil,iOS,45-54,Female,Organic,0
U09099,2025-03-04,Brazil,Android,25-34,Male,Organic,0
U09100,2025-05-15,Germany,Android,45-54,Female,Ads,0
U09101,2025-05-06,USA,Android,18-24,Male,Ads,0
U09102,2025-06-26,UK,iOS,18-24,Male,Organic,1
U09103,2025-05-19,Brazil,Android,35-44,Female,Organic,0
U09104,2025-06-04,Canada,Android,25-34,Male,Organic,0
U09105,2025-02-01,India,iOS,25-34,Female,Ads,0
U09106,2025-05-20,Canada,Android,25-34,Female,Ads,0
U09107,2025-05-23,Germany,Android,18-24,Male,Organic,0
U09108,2025-01-24,UK,Android,25-34,Female,Referral,0
U09109,2025-01-18,Germany,Android,35-44,Female,Referral,1
U09110,2025-01-23,Canada,Android,25-34,Male,Organic,0
U09111,2025-05-18,UK,iOS,18-24,Female,Organic,0
U09112,2025-03-29,Japan,iOS,25-34,Male,Organic,0
U09113,2025-05-04,Brazil,Android,25-34,Female,Organic,0
U09114,2025-03-12,USA,Android,45-54,Female,Organic,1
U09115,2025-01-17,Germany,iOS,35-44,Female,Ads,1
U09116,2025-04-12,USA,iOS,35-44,Female,Referral,0
U09117,2025-05-18,USA,iOS,35-44,Male,Organic,0
U09118,2025-03-16,USA,iOS,45-54,Female,Referral,0
U09119,2025-05-22,USA,Web,18-24,Other,Ads,0
U09120,2025-06-03,Germany,iOS,18-24,Other,Referral,0
U09121,2025-04-10,USA,Android,25-34,Female,Ads,0
U09122,2025-04-29,USA,Android,18-24,Male,Organic,0
U09123,2025-02-01,Australia,Android,35-44,Female,Organic,0
U09124,2025-03-15,Japan,Android,18-24,Male,Organic,1
U09125,2025-04-17,Canada,iOS,35-44,Male,Organic,0
U09126,2025-03-15,UK,Android,45-54,Female,Organic,0
U09127,2025-01-09,USA,iOS,18-24,Male,Organic,0
U09128,2025-05-30,USA,iOS,25-34,Female,Ads,0
U09129,2025-02-03,UK,iOS,18-24,Male,Ads,0
U09130,2025-06-27,Germany,iOS,25-34,Female,Ads,0
U09131,2025-03-07,USA,iOS,18-24,Male,Ads,0
U09132,2025-04-20,India,Android,45-54,Female,Ads,0
U09133,2025-06-19,USA,Android,35-44,Female,Organic,0
U09134,2025-05-09,UK,Android,25-34,Male,Organic,0
U09135,2025-06-17,Germany,iOS,18-24,Male,Organic,0
U09136,2025-01-30,India,Android,25-34,Female,Organic,1
U09137,2025-02-01,India,Android,25-34,Female,Referral,0
U09138,2025-06-18,USA,Android,45-54,Female,Ads,0
U09139,2025-01-29,India,Android,35-44,Male,Organic,1
U09140,2025-02-04,UK,Android,45-54,Male,Referral,0
U09141,2025-05-30,Canada,Android,25-34,Female,Organic,0
U09142,2025-05-19,Germany,Android,25-34,Male,Organic,0
U09143,2025-01-10,USA,Android,35-44,Female,Organic,0
U09144,2025-03-23,Australia,iOS,25-34,Male,Organic,0
U09145,2025-03-01,USA,Android,18-24,Male,Organic,0
U09146,2025-03-02,USA,iOS,25-34,Female,Organic,0
U09147,2025-05-22,India,Android,18-24,Male,Referral,0
U09148,2025-05-30,Australia,Android,18-24,Male,Organic,0
U09149,2025-03-28,Canada,Android,18-24,Female,Organic,0
U09150,2025-02-26,Canada,iOS,25-34,Male,Ads,0
U09151,2025-05-02,Canada,Android,18-24,Male,Referral,0
U09152,2025-02-05,Brazil,iOS,45-54,Female,Ads,0
U09153,2025-01-23,USA,iOS,25-34,Female,Ads,0
U09154,2025-06-24,USA,Android,18-24,Male,Ads,0
U09155,2025-01-26,USA,iOS,18-24,Female,Ads,0
U09156,2025-02-09,USA,Android,45-54,Male,Referral,0
U09157,2025-01-01,Japan,iOS,55+,Male,Organic,0
U09158,2025-05-01,USA,iOS,25-34,Other,Organic,0
U09159,2025-05-29,India,Android,25-34,Female,Ads,1
U09160,2025-02-19,USA,iOS,45-54,Female,Organic,0
U09161,2025-01-03,India,Android,18-24,Female,Ads,0
U09162,2025-03-31,Japan,Android,25-34,Male,Organic,0
U09163,2025-04-07,Germany,Android,45-54,Male,Ads,0
U09164,2025-06-16,USA,Android,25-34,Male,Organic,0
U09165,2025-04-07,UK,Android,18-24,Male,Organic,0
U09166,2025-04-16,Canada,iOS,18-24,Male,Organic,0
U09167,2025-06-06,UK,iOS,25-34,Male,Ads,0
U09168,2025-01-02,India,Android,18-24,Male,Organic,0
U09169,2025-04-29,USA,Android,45-54,Female,Ads,0
U09170,2025-06-21,UK,iOS,35-44,Male,Referral,0
U09171,2025-04-06,Brazil,Android,25-34,Female,Referral,0
U09172,2025-02-16,UK,iOS,18-24,Male,Ads,0
U09173,2025-02-12,USA,iOS,25-34,Female,Organic,1
U09174,2025-04-25,Canada,iOS,25-34,Male,Organic,0
U09175,2025-05-09,USA,Android,25-34,Male,Organic,0
U09176,2025-04-03,USA,iOS,25-34,Female,Referral,0
U09177,2025-03-30,Canada,iOS,18-24,Male,Ads,1
U09178,2025-03-21,USA,Android,18-24,Female,Ads,0
U09179,2025-03-27,Germany,Android,18-24,Male,Organic,0
U09180,2025-01-16,Germany,Android,25-34,Female,Ads,0
U09181,2025-04-27,USA,Android,25-34,Female,Organic,0
U09182,2025-04-27,Germany,iOS,25-34,Male,Organic,0
U09183,2025-01-02,UK,Android,25-34,Female,Organic,0
U09184,2025-02-17,India,iOS,18-24,Male,Organic,0
U09185,2025-06-21,Canada,Android,18-24,Female,Organic,1
U09186,2025-04-17,Germany,iOS,25-34,Male,Organic,0
U09187,2025-02-24,India,Android,55+,Male,Organic,0
U09188,2025-05-01,USA,iOS,35-44,Female,Organic,0
U09189,2025-05-03,India,Web,45-54,Male,Referral,0
U09190,2025-04-19,Brazil,iOS,25-34,Male,Organic,0
U09191,2025-06-09,USA,Android,55+,Male,Ads,0
U09192,2025-06-10,Australia,Android,35-44,Male,Organic,0
U09193,2025-02-10,India,Android,25-34,Male,Ads,0
U09194,2025-01-10,USA,Android,25-34,Male,Organic,0
U09195,2025-02-05,Germany,Android,18-24,Male,Referral,0
U09196,2025-01-29,UK,Android,55+,Female,Organic,0
U09197,2025-01-11,India,iOS,25-34,Female,Ads,0
U09198,2025-05-07,USA,Android,25-34,Female,Organic,0
U09199,2025-03-09,Brazil,Android,18-24,Female,Organic,1
U09200,2025-01-08,Brazil,Android,18-24,Female,Organic,0
U09201,2025-01-29,India,Android,35-44,Male,Organic,0
U09202,2025-06-15,USA,Android,55+,Female,Organic,0
U09203,2025-01-07,Germany,Android,35-44,Male,Referral,0
U09204,2025-05-10,Canada,Android,25-34,Male,Ads,0
U09205,2025-04-23,USA,Android,18-24,Female,Organic,0
U09206,2025-06-12,USA,Android,45-54,Female,Referral,0
U09207,2025-04-28,UK,iOS,45-54,Male,Ads,0
U09208,2025-02-27,India,Android,25-34,Male,Ads,0
U09209,2025-03-06,India,Android,55+,Male,Organic,0
U09210,2025-06-28,India,Android,45-54,Male,Organic,0
U09211,2025-01-18,India,iOS,18-24,Female,Organic,1
U09212,2025-01-10,India,Android,25-34,Female,Organic,0
U09213,2025-01-22,USA,iOS,18-24,Female,Organic,1
U09214,2025-03-22,Canada,Android,18-24,Male,Organic,0
U09215,2025-02-04,USA,Android,18-24,Female,Organic,0
U09216,2025-02-01,USA,iOS,18-24,Male,Referral,0
U09217,2025-05-11,USA,Android,18-24,Male,Ads,0
U09218,2025-02-25,India,Android,18-24,Male,Organic,0
U09219,2025-04-29,UK,Android,18-24,Female,Organic,0
U09220,2025-05-09,UK,Android,18-24,Female,Ads,0
U09221,2025-05-15,Japan,Android,55+,Female,Organic,0
U09222,2025-05-16,USA,Android,18-24,Male,Organic,0
U09223,2025-04-26,Canada,Android,25-34,Female,Organic,0
U09224,2025-04-22,Canada,Web,25-34,Female,Ads,1
U09225,2025-06-02,Canada,Android,45-54,Male,Organic,0
U09226,2025-04-20,India,iOS,18-24,Male,Organic,0
U09227,2025-02-04,USA,Web,35-44,Female,Organic,0
U09228,2025-03-30,Brazil,Android,18-24,Female,Organic,0
U09229,2025-05-26,UK,Android,18-24,Female,Ads,0
U09230,2025-04-23,Australia,Android,45-54,Male,Ads,0
U09231,2025-03-11,USA,iOS,25-34,Female,Organic,0
U09232,2025-01-07,India,iOS,25-34,Male,Organic,0
U09233,2025-01-19,USA,Android,35-44,Female,Organic,0
U09234,2025-05-30,Germany,Android,35-44,Female,Referral,0
U09235,2025-02-28,USA,Android,18-24,Male,Organic,1
U09236,2025-03-04,USA,iOS,35-44,Female,Referral,0
U09237,2025-03-13,India,iOS,35-44,Female,Organic,0
U09238,2025-06-24,USA,Android,45-54,Female,Organic,0
U09239,2025-03-15,UK,Android,18-24,Female,Organic,0
U09240,2025-06-09,USA,iOS,18-24,Female,Organic,0
U09241,2025-01-14,Brazil,Android,18-24,Male,Organic,0
U09242,2025-05-28,USA,Web,35-44,Female,Referral,0
U09243,2025-03-24,USA,Android,35-44,Female,Organic,0
U09244,2025-06-13,India,Web,18-24,Male,Organic,0
U09245,2025-04-17,India,iOS,25-34,Male,Organic,0
U09246,2025-01-13,USA,Android,35-44,Female,Referral,0
U09247,2025-02-26,Germany,iOS,45-54,Female,Organic,0
U09248,2025-04-02,Canada,Android,25-34,Male,Organic,1
U09249,2025-01-27,USA,iOS,18-24,Female,Ads,1
U09250,2025-01-24,UK,Android,55+,Female,Ads,0
U09251,2025-05-15,India,Android,18-24,Male,Organic,0
U09252,2025-06-16,Germany,iOS,35-44,Other,Organic,0
U09253,2025-02-23,Canada,Android,35-44,Male,Referral,1
U09254,2025-03-05,Brazil,Android,25-34,Female,Ads,0
U09255,2025-04-13,India,Android,45-54,Female,Referral,0
U09256,2025-03-22,USA,iOS,55+,Female,Ads,0
U09257,2025-04-12,Brazil,iOS,18-24,Male,Organic,0
U09258,2025-02-10,Australia,Android,25-34,Male,Organic,0
U09259,2025-05-16,Australia,iOS,25-34,Female,Organic,1
U09260,2025-02-10,Japan,iOS,25-34,Female,Ads,0
U09261,2025-04-29,USA,Android,18-24,Female,Organic,0
U09262,2025-01-12,India,Android,35-44,Male,Referral,1
U09263,2025-01-22,Canada,Android,25-34,Female,Ads,0
U09264,2025-04-21,Japan,iOS,35-44,Female,Organic,1
U09265,2025-05-22,USA,iOS,25-34,Female,Referral,0
U09266,2025-05-03,USA,iOS,25-34,Female,Ads,0
U09267,2025-04-13,India,Android,25-34,Female,Organic,0
U09268,2025-01-18,Canada,Android,35-44,Male,Referral,0
U09269,2025-04-04,UK,Android,18-24,Female,Organic,0
U09270,2025-05-21,Canada,iOS,45-54,Male,Organic,0
U09271,2025-05-14,USA,Android,25-34,Female,Organic,0
U09272,2025-04-28,Canada,Android,25-34,Female,Organic,0
U09273,2025-06-03,Brazil,iOS,25-34,Male,Organic,0
U09274,2025-05-18,Brazil,Android,25-34,Female,Organic,0
U09275,2025-02-25,UK,Web,18-24,Female,Organic,0
U09276,2025-03-24,USA,Android,35-44,Male,Ads,0
U09277,2025-04-29,Brazil,Android,18-24,Female,Organic,0
U09278,2025-06-14,USA,Android,25-34,Male,Ads,1
U09279,2025-03-03,Germany,Android,18-24,Male,Referral,0
U09280,2025-02-20,Canada,iOS,18-24,Female,Ads,0
U09281,2025-04-13,USA,Android,45-54,Male,Organic,0
U09282,2025-04-22,USA,Android,18-24,Male,Ads,0
U09283,2025-05-02,USA,iOS,18-24,Male,Organic,0
U09284,2025-03-10,Japan,Web,45-54,Male,Ads,0
U09285,2025-01-26,India,Android,25-34,Male,Organic,1
U09286,2025-04-30,USA,iOS,25-34,Male,Referral,0
U09287,2025-04-20,India,Android,25-34,Female,Ads,0
U09288,2025-04-07,UK,Android,18-24,Other,Organic,0
U09289,2025-04-11,Australia,Android,45-54,Male,Referral,0
U09290,2025-05-22,UK,Android,25-34,Female,Ads,1
U09291,2025-05-03,India,Android,25-34,Female,Organic,0
U09292,2025-04-07,USA,iOS,18-24,Female,Organic,0
U09293,2025-04-06,Canada,Android,18-24,Female,Organic,0
U09294,2025-06-06,Germany,Android,25-34,Male,Organic,0
U09295,2025-02-04,USA,Android,25-34,Female,Ads,0
U09296,2025-06-21,UK,iOS,25-34,Female,Organic,0
U09297,2025-04-29,Brazil,Android,35-44,Female,Ads,0
U09298,2025-02-15,USA,iOS,45-54,Male,Organic,0
U09299,2025-05-18,USA,Android,25-34,Female,Organic,0
U09300,2025-02-26,Brazil,Android,25-34,Female,Ads,0
U09301,2025-02-07,USA,Android,45-54,Male,Organic,0
U09302,2025-01-01,Japan,iOS,25-34,Female,Organic,0
U09303,2025-01-23,Brazil,Android,45-54,Male,Organic,0
U09304,2025-01-05,India,Android,18-24,Male,Organic,0
U09305,2025-04-01,UK,Android,25-34,Male,Referral,1
U09306,2025-05-02,India,Android,45-54,Male,Organic,0
U09307,2025-06-04,India,Android,35-44,Female,Organic,0
U09308,2025-01-23,USA,Android,35-44,Female,Organic,0
U09309,2025-05-24,India,iOS,25-34,Male,Organic,0
U09310,2025-06-14,Germany,Android,35-44,Female,Organic,0
U09311,2025-02-10,Germany,Android,45-54,Female,Ads,0
U09312,2025-06-05,Japan,Android,35-44,Female,Organic,1
U09313,2025-04-30,USA,iOS,25-34,Female,Organic,0
U09314,2025-03-22,UK,Android,55+,Female,Organic,0
U09315,2025-03-22,Brazil,Android,25-34,Male,Organic,0
U09316,2025-01-09,USA,Android,45-54,Female,Organic,0
U09317,2025-03-06,USA,iOS,45-54,Female,Organic,1
U09318,2025-03-09,India,Android,25-34,Female,Organic,0
U09319,2025-04-19,UK,iOS,35-44,Female,Organic,0
U09320,2025-06-06,India,iOS,18-24,Male,Organic,1
U09321,2025-05-04,USA,Android,25-34,Female,Organic,0
U09322,2025-02-11,USA,iOS,25-34,Male,Organic,0
U09323,2025-01-03,UK,Android,18-24,Other,Organic,0
U09324,2025-05-05,UK,Android,35-44,Female,Organic,0
U09325,2025-02-09,USA,Android,18-24,Male,Ads,1
U09326,2025-05-14,Canada,Android,25-34,Female,Ads,0
U09327,2025-02-24,Canada,iOS,45-54,Male,Ads,1
U09328,2025-02-19,Germany,Android,35-44,Female,Ads,0
U09329,2025-06-03,Australia,iOS,35-44,Male,Organic,1
U09330,2025-01-14,India,Android,18-24,Female,Referral,0
U09331,2025-03-01,India,Android,25-34,Male,Referral,0
U09332,2025-02-28,USA,Android,25-34,Female,Organic,0
U09333,2025-04-09,USA,iOS,25-34,Female,Organic,0
U09334,2025-04-17,USA,iOS,25-34,Female,Referral,0
U09335,2025-03-04,Canada,iOS,35-44,Male,Organic,0
U09336,2025-05-29,Brazil,Android,18-24,Female,Ads,0
U09337,2025-01-02,Germany,iOS,18-24,Male,Organic,0
U09338,2025-01-23,India,iOS,35-44,Male,Organic,0
U09339,2025-05-14,USA,Android,18-24,Male,Referral,0
U09340,2025-03-06,Australia,Android,18-24,Male,Ads,0
U09341,2025-03-08,USA,Android,25-34,Female,Organic,0
U09342,2025-03-18,USA,Web,18-24,Male,Organic,0
U09343,2025-05-21,India,Android,35-44,Female,Organic,0
U09344,2025-04-21,UK,iOS,45-54,Female,Organic,0
U09345,2025-04-30,USA,Android,45-54,Female,Organic,0
U09346,2025-01-06,Australia,iOS,45-54,Female,Organic,1
U09347,2025-06-11,Canada,iOS,25-34,Female,Organic,0
U09348,2025-02-04,Germany,iOS,18-24,Male,Organic,0
U09349,2025-02-07,Canada,iOS,25-34,Male,Ads,0
U09350,2025-03-06,USA,Android,18-24,Female,Ads,0
U09351,2025-06-11,USA,iOS,25-34,Female,Organic,0
U09352,2025-03-07,Australia,iOS,35-44,Male,Organic,1
U09353,2025-06-29,UK,iOS,25-34,Female,Organic,1
U09354,2025-05-11,USA,iOS,18-24,Female,Organic,0
U09355,2025-04-04,USA,Android,25-34,Female,Organic,0
U09356,2025-06-27,India,iOS,25-34,Female,Organic,0
U09357,2025-04-03,Germany,Android,25-34,Female,Organic,0
U09358,2025-06-04,India,Web,25-34,Female,Ads,0
U09359,2025-01-07,India,Web,18-24,Female,Organic,0
U09360,2025-05-06,Brazil,iOS,35-44,Female,Organic,0
U09361,2025-01-27,India,Web,35-44,Male,Organic,0
U09362,2025-04-04,USA,Android,18-24,Male,Ads,0
U09363,2025-01-31,UK,iOS,25-34,Male,Ads,0
U09364,2025-05-02,Japan,iOS,45-54,Male,Organic,0
U09365,2025-03-31,India,Android,25-34,Male,Organic,0
U09366,2025-06-23,India,Android,25-34,Male,Organic,1
U09367,2025-06-18,India,Android,25-34,Male,Organic,0
U09368,2025-04-15,Japan,Android,25-34,Female,Organic,0
U09369,2025-06-23,USA,iOS,45-54,Male,Ads,0
U09370,2025-03-07,Australia,iOS,18-24,Female,Organic,0
U09371,2025-03-31,India,Android,18-24,Male,Ads,0
U09372,2025-06-02,Brazil,Android,45-54,Male,Organic,0
U09373,2025-06-08,UK,Android,25-34,Female,Organic,0
U09374,2025-03-22,USA,Android,35-44,Male,Ads,0
U09375,2025-05-25,India,iOS,45-54,Female,Organic,1
U09376,2025-01-11,USA,iOS,18-24,Female,Organic,0
U09377,2025-06-12,Brazil,Android,25-34,Female,Organic,0
U09378,2025-04-12,USA,iOS,18-24,Female,Organic,0
U09379,2025-02-28,India,iOS,55+,Female,Referral,0
U09380,2025-04-20,Germany,iOS,18-24,Male,Organic,1
U09381,2025-05-21,USA,Android,35-44,Female,Referral,0
U09382,2025-05-12,India,iOS,18-24,Female,Ads,1
U09383,2025-03-03,UK,Android,35-44,Male,Organic,0
U09384,2025-04-18,Australia,Android,55+,Female,Referral,1
U09385,2025-04-15,India,Android,18-24,Male,Referral,0
U09386,2025-01-04,India,iOS,45-54,Female,Ads,0
U09387,2025-02-10,Canada,iOS,25-34,Male,Organic,1
U09388,2025-04-23,UK,iOS,18-24,Female,Organic,0
U09389,2025-05-14,India,iOS,18-24,Male,Organic,0
U09390,2025-03-06,UK,Android,25-34,Male,Organic,0
U09391,2025-06-05,UK,Android,18-24,Other,Organic,0
U09392,2025-06-27,UK,Android,45-54,Female,Organic,0
U09393,2025-06-22,USA,iOS,18-24,Male,Organic,0
U09394,2025-06-04,Australia,Web,25-34,Male,Organic,1
U09395,2025-03-10,UK,iOS,35-44,Female,Ads,0
U09396,2025-01-13,Brazil,Android,18-24,Male,Organic,0
U09397,2025-01-29,Brazil,iOS,25-34,Male,Referral,1
U09398,2025-02-24,USA,Web,18-24,Female,Organic,0
U09399,2025-06-13,USA,Android,18-24,Female,Referral,0
U09400,2025-01-07,India,iOS,18-24,Male,Organic,0
U09401,2025-03-07,Australia,iOS,55+,Female,Organic,1
U09402,2025-03-14,UK,Android,45-54,Other,Ads,0
U09403,2025-05-02,USA,Android,35-44,Male,Ads,0
U09404,2025-04-14,Australia,Android,45-54,Female,Referral,0
U09405,2025-06-13,USA,Android,18-24,Female,Ads,0
U09406,2025-02-02,USA,Android,18-24,Male,Referral,0
U09407,2025-04-21,Germany,Android,25-34,Male,Organic,1
U09408,2025-04-28,USA,Android,18-24,Male,Organic,0
U09409,2025-03-17,Canada,Android,25-34,Female,Organic,0
U09410,2025-02-06,Brazil,Android,25-34,Male,Organic,0
U09411,2025-04-26,Australia,Android,18-24,Other,Organic,1
U09412,2025-01-23,Brazil,Web,25-34,Female,Organic,0
U09413,2025-06-17,India,Android,25-34,Female,Organic,0
U09414,2025-06-01,Germany,iOS,18-24,Male,Organic,0
U09415,2025-05-26,Canada,iOS,25-34,Female,Referral,0
U09416,2025-03-01,Brazil,Android,25-34,Female,Ads,0
U09417,2025-05-17,USA,iOS,35-44,Male,Organic,0
U09418,2025-06-16,India,iOS,18-24,Male,Organic,1
U09419,2025-03-03,USA,Android,18-24,Male,Organic,0
U09420,2025-05-18,USA,iOS,45-54,Male,Ads,0
U09421,2025-01-07,Germany,Android,35-44,Female,Ads,0
U09422,2025-02-22,Germany,Android,18-24,Male,Referral,0
U09423,2025-03-22,USA,Android,18-24,Male,Organic,0
U09424,2025-01-17,Canada,iOS,25-34,Female,Organic,0
U09425,2025-04-07,Japan,Android,18-24,Male,Organic,0
U09426,2025-06-20,Brazil,iOS,18-24,Female,Organic,0
U09427,2025-02-16,India,Android,18-24,Male,Organic,1
U09428,2025-03-14,Brazil,Android,25-34,Male,Ads,0
U09429,2025-03-29,UK,Android,45-54,Male,Organic,1
U09430,2025-06-11,USA,iOS,25-34,Male,Organic,0
U09431,2025-02-28,Germany,Android,25-34,Male,Referral,0
U09432,2025-02-11,USA,Android,18-24,Female,Ads,0
U09433,2025-04-12,Germany,iOS,18-24,Female,Organic,0
U09434,2025-02-28,India,Web,45-54,Female,Organic,0
U09435,2025-02-03,USA,iOS,25-34,Female,Ads,0
U09436,2025-01-22,UK,Android,18-24,Female,Ads,0
U09437,2025-03-14,India,Android,25-34,Female,Organic,0
U09438,2025-06-02,Japan,Android,25-34,Male,Organic,0
U09439,2025-01-08,USA,Android,35-44,Female,Organic,0
U09440,2025-06-01,Brazil,iOS,18-24,Female,Organic,0
U09441,2025-02-09,India,iOS,18-24,Female,Referral,1
U09442,2025-06-27,Canada,Android,55+,Female,Ads,0
U09443,2025-01-18,USA,Android,18-24,Female,Organic,0
U09444,2025-03-28,Brazil,Android,25-34,Male,Ads,0
U09445,2025-04-09,USA,Android,35-44,Male,Referral,0
U09446,2025-01-05,USA,Android,18-24,Female,Referral,0
U09447,2025-06-05,USA,Android,18-24,Male,Referral,0
U09448,2025-04-04,Canada,Android,35-44,Female,Ads,0
U09449,2025-06-25,India,Android,25-34,Female,Organic,0
U09450,2025-04-08,Canada,Android,18-24,Female,Referral,0
U09451,2025-01-30,UK,iOS,35-44,Male,Referral,0
U09452,2025-02-06,USA,Android,45-54,Female,Ads,0
U09453,2025-03-08,USA,Android,18-24,Male,Organic,0
U09454,2025-06-29,India,Android,25-34,Male,Referral,0
U09455,2025-04-04,India,iOS,35-44,Male,Referral,0
U09456,2025-05-23,Brazil,Android,25-34,Male,Organic,1
U09457,2025-06-19,India,iOS,18-24,Male,Organic,0
U09458,2025-04-12,Germany,iOS,18-24,Male,Referral,0
U09459,2025-03-02,India,iOS,25-34,Female,Ads,0
U09460,2025-05-31,India,Android,25-34,Female,Ads,1
U09461,2025-03-05,USA,Android,25-34,Male,Referral,0
U09462,2025-01-28,USA,Android,35-44,Female,Organic,0
U09463,2025-05-30,Canada,iOS,35-44,Female,Organic,1
U09464,2025-06-19,India,Android,25-34,Male,Ads,0
U09465,2025-01-20,Canada,iOS,25-34,Male,Organic,0
U09466,2025-06-09,Canada,iOS,18-24,Female,Ads,0
U09467,2025-04-11,Japan,iOS,35-44,Female,Ads,0
U09468,2025-05-12,Brazil,Android,55+,Female,Organic,0
U09469,2025-01-26,USA,iOS,45-54,Male,Organic,0
U09470,2025-02-09,Canada,Android,25-34,Female,Organic,0
U09471,2025-05-21,USA,Android,25-34,Female,Referral,0
U09472,2025-01-08,USA,Android,45-54,Female,Referral,0
U09473,2025-03-31,USA,Android,45-54,Female,Organic,0
U09474,2025-03-17,USA,iOS,18-24,Female,Referral,0
U09475,2025-05-19,USA,iOS,18-24,Male,Organic,0
U09476,2025-06-17,India,iOS,18-24,Male,Referral,0
U09477,2025-04-12,UK,iOS,25-34,Male,Referral,1
U09478,2025-01-23,USA,Android,45-54,Female,Organic,0
U09479,2025-01-01,India,Android,18-24,Female,Ads,0
U09480,2025-03-02,India,Android,18-24,Male,Organic,0
U09481,2025-01-09,India,Android,45-54,Male,Ads,0
U09482,2025-05-14,USA,iOS,35-44,Male,Organic,0
U09483,2025-06-14,India,iOS,45-54,Other,Referral,0
U09484,2025-04-26,Germany,iOS,25-34,Male,Organic,1
U09485,2025-06-19,Canada,Android,25-34,Female,Organic,0
U09486,2025-01-17,UK,Android,25-34,Male,Organic,0
U09487,2025-03-06,USA,Android,18-24,Female,Ads,0
U09488,2025-04-01,Australia,Android,25-34,Male,Organic,0
U09489,2025-06-22,India,iOS,25-34,Male,Organic,0
U09490,2025-01-09,Australia,Android,45-54,Male,Organic,0
U09491,2025-01-21,Germany,iOS,25-34,Female,Referral,1
U09492,2025-04-12,USA,Android,18-24,Female,Organic,0
U09493,2025-05-29,Canada,iOS,25-34,Female,Organic,0
U09494,2025-05-08,Canada,iOS,25-34,Male,Organic,0
U09495,2025-05-25,India,iOS,25-34,Male,Organic,0
U09496,2025-03-02,Canada,Android,25-34,Male,Referral,0
U09497,2025-01-05,USA,Android,18-24,Male,Ads,1
U09498,2025-04-23,UK,iOS,18-24,Male,Organic,0
U09499,2025-05-28,Canada,iOS,18-24,Male,Ads,0
U09500,2025-03-02,Germany,Android,18-24,Male,Organic,0
U09501,2025-05-05,USA,Web,55+,Female,Organic,0
U09502,2025-06-23,India,Android,18-24,Male,Ads,0
U09503,2025-02-10,USA,Android,35-44,Male,Organic,0
U09504,2025-03-04,India,Android,25-34,Male,Organic,0
U09505,2025-02-08,Canada,Android,45-54,Female,Referral,0
U09506,2025-02-07,Canada,iOS,35-44,Male,Ads,0
U09507,2025-02-25,USA,Android,55+,Male,Referral,0
U09508,2025-02-23,Canada,Android,18-24,Male,Organic,0
U09509,2025-04-14,Australia,iOS,25-34,Male,Organic,0
U09510,2025-03-03,India,Android,35-44,Female,Organic,0
U09511,2025-05-31,India,Android,35-44,Male,Organic,0
U09512,2025-03-27,USA,Web,55+,Female,Organic,0
U09513,2025-05-11,Canada,Android,18-24,Male,Ads,0
U09514,2025-01-23,UK,Android,45-54,Male,Organic,1
U09515,2025-02-22,Brazil,Android,25-34,Female,Organic,0
U09516,2025-01-29,Brazil,Android,18-24,Male,Organic,0
U09517,2025-01-31,USA,Android,18-24,Male,Organic,0
U09518,2025-02-23,UK,Android,18-24,Female,Organic,1
U09519,2025-01-23,UK,Android,18-24,Female,Organic,0
U09520,2025-01-03,USA,Android,18-24,Female,Organic,0
U09521,2025-05-01,Germany,iOS,18-24,Male,Organic,0
U09522,2025-04-19,UK,Android,25-34,Male,Organic,0
U09523,2025-04-10,India,Android,25-34,Male,Ads,0
U09524,2025-01-20,Japan,iOS,25-34,Male,Organic,0
U09525,2025-02-10,India,Android,18-24,Male,Referral,0
U09526,2025-04-16,USA,iOS,35-44,Female,Organic,1
U09527,2025-03-10,Japan,Android,25-34,Male,Referral,0
U09528,2025-04-17,Brazil,Android,18-24,Male,Organic,0
U09529,2025-03-03,UK,iOS,18-24,Female,Organic,0
U09530,2025-02-22,India,Android,45-54,Female,Referral,0
U09531,2025-01-28,Canada,iOS,35-44,Female,Organic,1
U09532,2025-05-17,Canada,Android,25-34,Female,Organic,0
U09533,2025-06-06,UK,Android,45-54,Male,Organic,0
U09534,2025-02-25,Canada,Android,55+,Female,Organic,0
U09535,2025-04-22,USA,iOS,18-24,Male,Organic,0
U09536,2025-02-17,Japan,iOS,18-24,Female,Organic,0
U09537,2025-02-03,Brazil,Android,25-34,Male,Organic,0
U09538,2025-01-14,Germany,Android,18-24,Female,Ads,0
U09539,2025-03-02,Canada,iOS,25-34,Female,Organic,0
U09540,2025-04-30,India,Android,25-34,Male,Ads,1
U09541,2025-06-23,Australia,iOS,45-54,Female,Referral,1
U09542,2025-03-07,USA,iOS,18-24,Male,Organic,0
U09543,2025-04-15,Australia,iOS,25-34,Female,Organic,0
U09544,2025-03-28,USA,iOS,25-34,Male,Organic,1
U09545,2025-01-10,Brazil,iOS,25-34,Female,Referral,0
U09546,2025-01-26,Brazil,Android,25-34,Female,Ads,1
U09547,2025-01-06,India,Android,18-24,Male,Organic,0
U09548,2025-04-02,India,Android,18-24,Male,Organic,0
U09549,2025-06-25,Germany,Android,25-34,Female,Organic,0
U09550,2025-05-12,Australia,iOS,18-24,Male,Referral,1
U09551,2025-01-10,USA,Android,35-44,Male,Organic,0
U09552,2025-01-21,India,Android,55+,Male,Organic,0
U09553,2025-03-16,USA,iOS,18-24,Male,Organic,0
U09554,2025-01-11,USA,iOS,18-24,Female,Ads,1
U09555,2025-01-17,Australia,Android,35-44,Female,Referral,0
U09556,2025-03-24,Australia,iOS,35-44,Male,Organic,0
U09557,2025-03-18,UK,Android,18-24,Female,Ads,0
U09558,2025-02-04,Brazil,Android,18-24,Male,Referral,0
U09559,2025-05-17,UK,Android,45-54,Male,Organic,0
U09560,2025-04-26,Germany,Android,25-34,Female,Organic,0
U09561,2025-06-23,UK,Android,18-24,Female,Organic,0
U09562,2025-04-26,Germany,iOS,25-34,Female,Organic,0
U09563,2025-05-03,India,iOS,18-24,Female,Referral,0
U09564,2025-06-12,USA,iOS,25-34,Male,Organic,0
U09565,2025-05-15,Canada,Android,18-24,Male,Ads,1
U09566,2025-05-16,USA,Android,45-54,Female,Organic,0
U09567,2025-03-28,India,Android,18-24,Male,Ads,0
U09568,2025-04-30,Canada,Android,25-34,Female,Organic,1
U09569,2025-03-11,Brazil,Android,18-24,Female,Ads,0
U09570,2025-03-02,Australia,Android,35-44,Male,Organic,1
U09571,2025-03-06,India,iOS,18-24,Female,Organic,0
U09572,2025-06-08,USA,Android,25-34,Female,Organic,0
U09573,2025-02-08,USA,Android,45-54,Male,Organic,0
U09574,2025-05-19,India,Android,45-54,Male,Ads,0
U09575,2025-05-28,India,iOS,35-44,Male,Organic,0
U09576,2025-05-11,Japan,iOS,25-34,Male,Organic,0
U09577,2025-06-07,India,Android,25-34,Female,Referral,0
U09578,2025-04-14,India,iOS,18-24,Male,Ads,0
U09579,2025-01-16,USA,iOS,25-34,Female,Organic,1
U09580,2025-06-29,Brazil,iOS,18-24,Female,Ads,1
U09581,2025-05-27,Japan,iOS,35-44,Male,Referral,0
U09582,2025-05-29,Australia,Android,25-34,Female,Referral,1
U09583,2025-04-01,UK,iOS,18-24,Male,Organic,0
U09584,2025-04-21,Canada,iOS,18-24,Female,Organic,0
U09585,2025-01-26,Germany,iOS,35-44,Male,Organic,0
U09586,2025-01-19,USA,iOS,25-34,Female,Organic,0
U09587,2025-06-07,Canada,Android,18-24,Female,Organic,0
U09588,2025-06-05,UK,Android,25-34,Male,Organic,0
U09589,2025-06-28,Canada,iOS,25-34,Male,Organic,0
U09590,2025-05-16,India,iOS,25-34,Male,Organic,0
U09591,2025-04-01,Canada,Android,25-34,Male,Organic,0
U09592,2025-01-19,Brazil,Android,35-44,Male,Ads,0
U09593,2025-03-30,USA,iOS,45-54,Male,Ads,0
U09594,2025-03-02,Brazil,Android,35-44,Female,Organic,0
U09595,2025-05-13,UK,Android,35-44,Female,Organic,0
U09596,2025-05-06,India,Android,55+,Female,Organic,0
U09597,2025-05-18,UK,Android,25-34,Male,Ads,0
U09598,2025-05-29,India,Android,18-24,Male,Referral,0
U09599,2025-04-01,Australia,Android,18-24,Male,Organic,0
U09600,2025-04-02,UK,Android,18-24,Male,Organic,0
U09601,2025-02-14,UK,iOS,25-34,Male,Organic,0
U09602,2025-02-13,India,iOS,18-24,Male,Ads,1
U09603,2025-01-28,USA,iOS,35-44,Female,Ads,0
U09604,2025-06-17,USA,Android,18-24,Male,Referral,1
U09605,2025-06-23,USA,Android,35-44,Male,Referral,1
U09606,2025-04-30,Canada,Android,18-24,Female,Ads,0
U09607,2025-02-20,USA,Android,18-24,Male,Organic,0
U09608,2025-06-27,USA,iOS,18-24,Female,Ads,1
U09609,2025-03-12,India,Android,18-24,Female,Organic,0
U09610,2025-03-18,India,Web,18-24,Male,Organic,0
U09611,2025-02-05,India,iOS,35-44,Male,Organic,0
U09612,2025-05-16,USA,iOS,25-34,Male,Organic,1
U09613,2025-06-28,India,iOS,18-24,Female,Organic,1
U09614,2025-05-10,USA,Android,25-34,Male,Organic,1
U09615,2025-03-06,Brazil,iOS,18-24,Female,Organic,0
U09616,2025-06-03,USA,iOS,25-34,Male,Ads,0
U09617,2025-06-17,Canada,iOS,55+,Female,Organic,0
U09618,2025-06-21,India,iOS,45-54,Male,Organic,1
U09619,2025-03-05,UK,iOS,18-24,Male,Organic,0
U09620,2025-03-30,USA,Web,25-34,Male,Organic,1
U09621,2025-04-05,USA,Android,35-44,Male,Organic,0
U09622,2025-01-06,Japan,Android,35-44,Female,Organic,1
U09623,2025-01-13,Canada,Android,35-44,Female,Organic,0
U09624,2025-04-03,USA,Android,18-24,Male,Organic,0
U09625,2025-01-22,Canada,Android,18-24,Male,Referral,0
U09626,2025-03-10,Germany,iOS,18-24,Female,Organic,0
U09627,2025-04-03,Canada,iOS,25-34,Other,Organic,0
U09628,2025-03-31,USA,Android,35-44,Male,Ads,0
U09629,2025-06-14,Brazil,Android,18-24,Female,Referral,0
U09630,2025-02-03,Germany,Android,25-34,Female,Organic,0
U09631,2025-02-24,Germany,iOS,25-34,Male,Organic,0
U09632,2025-05-30,Canada,iOS,45-54,Female,Organic,0
U09633,2025-03-09,Brazil,Android,18-24,Male,Ads,0
U09634,2025-04-28,USA,iOS,35-44,Other,Ads,1
U09635,2025-04-22,UK,Android,25-34,Female,Organic,0
U09636,2025-01-25,India,iOS,35-44,Male,Organic,0
U09637,2025-04-09,USA,Android,18-24,Male,Organic,0
U09638,2025-01-20,USA,Android,25-34,Male,Organic,0
U09639,2025-03-20,Australia,Web,18-24,Male,Organic,0
U09640,2025-06-08,India,Android,25-34,Male,Organic,0
U09641,2025-05-19,USA,Android,55+,Male,Ads,0
U09642,2025-06-04,UK,Android,45-54,Female,Organic,0
U09643,2025-01-21,India,Android,18-24,Male,Referral,0
U09644,2025-03-05,India,Android,18-24,Male,Organic,0
U09645,2025-04-18,USA,iOS,18-24,Female,Organic,1
U09646,2025-05-07,UK,iOS,45-54,Female,Ads,0
U09647,2025-01-14,Canada,iOS,18-24,Male,Organic,0
U09648,2025-06-03,Canada,Android,18-24,Female,Ads,1
U09649,2025-02-28,India,Android,45-54,Female,Organic,1
U09650,2025-04-14,USA,iOS,35-44,Female,Organic,0
U09651,2025-03-31,USA,Android,45-54,Female,Ads,0
U09652,2025-03-19,USA,Android,18-24,Male,Ads,0
U09653,2025-04-25,UK,Android,25-34,Male,Ads,1
U09654,2025-03-22,Canada,iOS,18-24,Female,Organic,0
U09655,2025-02-16,Brazil,Android,25-34,Female,Organic,0
U09656,2025-05-01,India,iOS,25-34,Male,Organic,0
U09657,2025-02-17,India,iOS,35-44,Female,Ads,0
U09658,2025-04-17,Australia,Android,45-54,Female,Ads,0
U09659,2025-01-31,Brazil,Android,18-24,Male,Organic,0
U09660,2025-04-04,USA,Android,35-44,Female,Organic,0
U09661,2025-03-16,UK,Android,18-24,Male,Organic,0
U09662,2025-01-13,USA,iOS,18-24,Male,Ads,1
U09663,2025-03-08,UK,Android,25-34,Male,Organic,0
U09664,2025-02-10,India,iOS,25-34,Male,Organic,0
U09665,2025-06-08,India,iOS,18-24,Male,Organic,0
U09666,2025-05-15,USA,Android,25-34,Male,Referral,0
U09667,2025-04-25,UK,Web,55+,Male,Referral,1
U09668,2025-03-25,Brazil,Web,18-24,Female,Ads,0
U09669,2025-06-02,Japan,Android,35-44,Female,Organic,0
U09670,2025-03-26,USA,Android,35-44,Male,Ads,0
U09671,2025-04-21,India,iOS,25-34,Female,Referral,0
U09672,2025-06-02,Germany,iOS,18-24,Female,Organic,0
U09673,2025-03-08,India,iOS,25-34,Male,Organic,1
U09674,2025-04-16,India,Android,18-24,Male,Organic,0
U09675,2025-05-15,USA,Android,18-24,Male,Referral,0
U09676,2025-02-15,UK,Android,18-24,Male,Organic,1
U09677,2025-02-03,Germany,Web,18-24,Male,Referral,0
U09678,2025-05-09,Brazil,Android,25-34,Male,Organic,0
U09679,2025-05-11,India,Android,25-34,Female,Ads,0
U09680,2025-01-16,USA,Android,18-24,Female,Organic,0
U09681,2025-05-24,USA,iOS,18-24,Male,Referral,0
U09682,2025-05-19,Japan,iOS,18-24,Male,Ads,0
U09683,2025-04-22,UK,Android,25-34,Female,Referral,0
U09684,2025-06-12,Japan,Android,18-24,Male,Referral,1
U09685,2025-04-05,India,Android,45-54,Male,Organic,1
U09686,2025-01-23,India,Web,18-24,Female,Organic,0
U09687,2025-04-25,USA,Android,45-54,Male,Organic,1
U09688,2025-04-26,USA,iOS,25-34,Male,Ads,0
U09689,2025-03-31,Brazil,Android,45-54,Male,Organic,0
U09690,2025-03-05,India,Android,25-34,Male,Referral,0
U09691,2025-04-18,Australia,Android,25-34,Female,Referral,0
U09692,2025-01-19,USA,Android,55+,Male,Organic,0
U09693,2025-06-09,Brazil,Android,35-44,Male,Ads,1
U09694,2025-03-28,Brazil,Android,55+,Female,Organic,0
U09695,2025-02-04,USA,Android,25-34,Male,Referral,0
U09696,2025-03-01,Australia,iOS,35-44,Male,Organic,0
U09697,2025-03-20,India,Android,18-24,Male,Organic,0
U09698,2025-01-14,Australia,iOS,35-44,Male,Ads,0
U09699,2025-04-27,USA,Android,18-24,Female,Ads,0
U09700,2025-01-22,Canada,Android,35-44,Female,Organic,0
U09701,2025-05-14,Germany,Android,18-24,Female,Organic,0
U09702,2025-06-08,India,Android,18-24,Male,Organic,0
U09703,2025-04-26,Japan,Android,45-54,Female,Organic,0
U09704,2025-05-30,Brazil,Android,18-24,Male,Organic,0
U09705,2025-06-09,Australia,Android,35-44,Female,Ads,0
U09706,2025-03-15,India,Android,18-24,Male,Organic,1
U09707,2025-03-05,UK,Android,25-34,Male,Ads,0
U09708,2025-04-06,UK,Android,35-44,Female,Organic,0
U09709,2025-05-06,Germany,iOS,35-44,Female,Ads,0
U09710,2025-05-09,Canada,iOS,25-34,Male,Organic,0
U09711,2025-01-12,India,Android,35-44,Male,Ads,0
U09712,2025-01-18,Japan,Android,45-54,Female,Organic,1
U09713,2025-02-12,Australia,Android,18-24,Female,Ads,0
U09714,2025-06-08,USA,iOS,25-34,Male,Organic,0
U09715,2025-01-27,USA,Android,55+,Female,Organic,0
U09716,2025-06-22,Germany,Android,35-44,Female,Referral,1
U09717,2025-04-23,Canada,Android,25-34,Male,Organic,0
U09718,2025-06-25,UK,Android,35-44,Female,Organic,0
U09719,2025-05-27,USA,iOS,45-54,Male,Organic,0
U09720,2025-05-04,Japan,iOS,45-54,Female,Organic,0
U09721,2025-06-07,UK,iOS,25-34,Male,Referral,0
U09722,2025-01-01,Germany,iOS,55+,Female,Ads,0
U09723,2025-05-28,USA,Android,35-44,Male,Organic,1
U09724,2025-01-29,USA,iOS,35-44,Female,Organic,1
U09725,2025-05-09,Germany,Android,35-44,Male,Referral,0
U09726,2025-01-29,Brazil,Android,18-24,Male,Ads,0
U09727,2025-03-29,UK,Web,25-34,Male,Ads,0
U09728,2025-04-14,Brazil,Web,25-34,Female,Organic,0
U09729,2025-02-26,India,Android,25-34,Male,Ads,0
U09730,2025-03-17,Germany,Android,35-44,Female,Organic,0
U09731,2025-04-30,Brazil,Android,18-24,Male,Organic,0
U09732,2025-04-23,USA,iOS,35-44,Male,Organic,0
U09733,2025-03-28,India,Android,18-24,Male,Organic,0
U09734,2025-02-07,Australia,Android,18-24,Female,Ads,1
U09735,2025-02-09,UK,iOS,45-54,Female,Organic,0
U09736,2025-05-13,India,iOS,18-24,Male,Ads,0
U09737,2025-06-20,USA,Android,25-34,Male,Ads,0
U09738,2025-03-03,India,Web,45-54,Male,Organic,1
U09739,2025-02-28,Brazil,iOS,18-24,Female,Organic,0
U09740,2025-04-21,UK,iOS,45-54,Male,Organic,0
U09741,2025-06-04,India,iOS,18-24,Female,Organic,0
U09742,2025-06-27,Japan,Android,35-44,Male,Organic,0
U09743,2025-05-12,Germany,iOS,18-24,Female,Referral,1
U09744,2025-03-01,USA,iOS,25-34,Female,Organic,0
U09745,2025-06-28,USA,Android,25-34,Female,Organic,0
U09746,2025-03-26,Brazil,Android,18-24,Male,Organic,0
U09747,2025-05-20,Canada,iOS,18-24,Female,Organic,0
U09748,2025-06-27,USA,Android,25-34,Female,Ads,0
U09749,2025-03-08,India,iOS,55+,Female,Organic,0
U09750,2025-01-18,UK,Android,35-44,Female,Ads,1
U09751,2025-04-24,USA,Android,35-44,Female,Organic,0
U09752,2025-01-02,Germany,iOS,18-24,Female,Ads,0
U09753,2025-04-29,Brazil,Android,35-44,Male,Organic,0
U09754,2025-04-10,USA,iOS,45-54,Female,Referral,0
U09755,2025-03-20,USA,Android,25-34,Female,Ads,0
U09756,2025-06-14,USA,iOS,18-24,Female,Referral,0
U09757,2025-01-25,Germany,Android,35-44,Female,Organic,0
U09758,2025-06-15,India,Android,35-44,Male,Referral,0
U09759,2025-02-27,India,Android,35-44,Female,Organic,0
U09760,2025-01-13,India,iOS,35-44,Male,Organic,1
U09761,2025-03-13,USA,Android,18-24,Female,Organic,0
U09762,2025-06-24,USA,Android,18-24,Male,Organic,0
U09763,2025-04-17,Canada,Android,35-44,Male,Organic,0
U09764,2025-01-11,Australia,iOS,25-34,Male,Ads,0
U09765,2025-01-01,USA,iOS,18-24,Female,Organic,0
U09766,2025-05-17,Germany,Android,25-34,Female,Organic,0
U09767,2025-04-19,India,iOS,18-24,Female,Organic,0
U09768,2025-06-09,Germany,iOS,55+,Male,Organic,0
U09769,2025-03-11,USA,iOS,55+,Other,Organic,0
U09770,2025-01-22,Canada,iOS,25-34,Female,Referral,0
U09771,2025-06-17,UK,Android,35-44,Male,Organic,0
U09772,2025-02-24,UK,Android,18-24,Male,Ads,0
U09773,2025-06-18,Japan,Android,18-24,Male,Ads,0
U09774,2025-01-07,India,iOS,18-24,Female,Ads,0
U09775,2025-02-15,USA,iOS,18-24,Female,Organic,0
U09776,2025-03-25,Germany,iOS,35-44,Female,Organic,0
U09777,2025-05-17,Brazil,Android,18-24,Male,Organic,0
U09778,2025-04-25,India,iOS,18-24,Female,Ads,0
U09779,2025-03-18,Australia,Android,35-44,Female,Organic,1
U09780,2025-05-02,USA,Android,18-24,Female,Organic,0
U09781,2025-03-03,USA,Android,45-54,Female,Ads,1
U09782,2025-05-19,India,Android,55+,Female,Organic,0
U09783,2025-03-16,India,Web,18-24,Female,Organic,0
U09784,2025-03-20,Germany,Android,45-54,Female,Referral,1
U09785,2025-03-16,India,Android,35-44,Male,Referral,1
U09786,2025-03-26,USA,Android,25-34,Female,Ads,0
U09787,2025-04-16,UK,Android,35-44,Male,Organic,0
U09788,2025-02-11,USA,Android,18-24,Female,Ads,0
U09789,2025-05-09,UK,Android,35-44,Female,Organic,0
U09790,2025-02-03,USA,Android,45-54,Male,Organic,0
U09791,2025-04-03,Brazil,iOS,25-34,Other,Ads,0
U09792,2025-01-28,Japan,Android,18-24,Male,Organic,0
U09793,2025-02-06,UK,Android,25-34,Female,Referral,0
U09794,2025-04-18,USA,iOS,18-24,Female,Organic,1
U09795,2025-03-16,USA,Android,35-44,Female,Referral,0
U09796,2025-06-13,Brazil,Android,25-34,Female,Ads,0
U09797,2025-06-29,Canada,Web,18-24,Female,Organic,0
U09798,2025-03-11,Australia,Android,25-34,Female,Ads,0
U09799,2025-06-13,Japan,Android,25-34,Male,Ads,0
U09800,2025-03-23,India,iOS,18-24,Male,Ads,0
U09801,2025-01-30,India,iOS,25-34,Female,Organic,0
U09802,2025-02-26,USA,Android,18-24,Female,Organic,1
U09803,2025-06-19,Canada,Android,55+,Female,Ads,0
U09804,2025-05-11,USA,Android,55+,Male,Referral,0
U09805,2025-01-25,Germany,iOS,18-24,Male,Referral,0
U09806,2025-01-27,Australia,Android,18-24,Male,Organic,1
U09807,2025-01-03,Germany,Android,25-34,Female,Organic,0
U09808,2025-01-14,USA,iOS,35-44,Female,Referral,0
U09809,2025-05-06,India,Android,25-34,Female,Organic,1
U09810,2025-01-04,UK,iOS,35-44,Male,Ads,0
U09811,2025-01-28,USA,Android,25-34,Other,Organic,0
U09812,2025-05-21,Germany,Android,45-54,Female,Organic,0
U09813,2025-06-21,USA,iOS,18-24,Female,Referral,0
U09814,2025-04-05,Brazil,Android,18-24,Male,Ads,0
U09815,2025-05-08,India,iOS,45-54,Male,Organic,0
U09816,2025-03-26,India,Android,55+,Female,Organic,1
U09817,2025-01-27,USA,iOS,25-34,Female,Organic,0
U09818,2025-01-17,UK,Android,35-44,Female,Organic,0
U09819,2025-01-27,USA,Android,25-34,Female,Ads,1
U09820,2025-05-05,Brazil,Android,25-34,Male,Organic,1
U09821,2025-06-06,India,Android,35-44,Female,Organic,0
U09822,2025-03-22,USA,iOS,25-34,Other,Organic,0
U09823,2025-06-17,USA,Android,45-54,Female,Ads,0
U09824,2025-03-30,USA,Android,18-24,Female,Ads,0
U09825,2025-06-23,USA,Android,18-24,Male,Organic,0
U09826,2025-06-03,Germany,Android,55+,Male,Organic,0
U09827,2025-05-16,Brazil,Android,18-24,Male,Organic,1
U09828,2025-04-28,Canada,Android,45-54,Female,Ads,1
U09829,2025-03-24,USA,Android,25-34,Female,Referral,0
U09830,2025-05-02,India,Android,18-24,Male,Organic,0
U09831,2025-02-04,India,Android,45-54,Male,Ads,0
U09832,2025-03-30,Japan,Android,25-34,Male,Organic,0
U09833,2025-04-09,Canada,iOS,18-24,Female,Ads,0
U09834,2025-03-24,USA,Android,35-44,Male,Organic,0
U09835,2025-04-18,USA,Android,18-24,Male,Organic,0
U09836,2025-06-09,USA,Web,45-54,Female,Organic,0
U09837,2025-03-29,Brazil,iOS,18-24,Female,Ads,0
U09838,2025-03-16,Canada,Android,55+,Other,Ads,0
U09839,2025-03-10,USA,Android,18-24,Male,Organic,1
U09840,2025-02-13,USA,Android,35-44,Male,Ads,0
U09841,2025-02-06,USA,Android,35-44,Female,Organic,1
U09842,2025-03-24,Brazil,Android,25-34,Male,Organic,0
U09843,2025-04-28,Australia,Android,18-24,Female,Ads,0
U09844,2025-01-02,Germany,Android,18-24,Male,Organic,0
U09845,2025-04-23,UK,iOS,35-44,Female,Ads,0
U09846,2025-04-07,India,Android,25-34,Female,Organic,0
U09847,2025-06-14,Australia,iOS,45-54,Female,Organic,0
U09848,2025-05-22,India,Android,25-34,Female,Organic,0
U09849,2025-02-15,Australia,Android,25-34,Female,Ads,0
U09850,2025-05-19,USA,Android,25-34,Female,Referral,0
U09851,2025-04-08,India,iOS,18-24,Male,Organic,0
U09852,2025-02-22,Australia,iOS,18-24,Male,Referral,1
U09853,2025-03-21,USA,Android,25-34,Male,Organic,0
U09854,2025-06-29,Germany,iOS,18-24,Female,Referral,0
U09855,2025-04-17,India,Android,45-54,Female,Organic,1
U09856,2025-04-22,UK,Android,18-24,Male,Referral,0
U09857,2025-03-13,India,iOS,18-24,Male,Referral,0
U09858,2025-01-07,Australia,Android,25-34,Female,Organic,0
U09859,2025-01-08,USA,Android,18-24,Female,Organic,0
U09860,2025-04-21,Canada,Android,18-24,Male,Organic,0
U09861,2025-04-04,USA,Android,25-34,Male,Ads,0
U09862,2025-05-17,Japan,Android,45-54,Male,Referral,0
U09863,2025-03-13,Canada,Android,25-34,Female,Ads,0
U09864,2025-01-22,Canada,Android,18-24,Male,Referral,0
U09865,2025-04-23,Brazil,Android,55+,Male,Referral,0
U09866,2025-04-04,Canada,Android,25-34,Other,Organic,0
U09867,2025-05-15,Germany,Android,18-24,Male,Organic,1
U09868,2025-01-16,USA,Android,18-24,Female,Ads,0
U09869,2025-01-28,Canada,Web,35-44,Male,Organic,0
U09870,2025-05-22,Brazil,Android,35-44,Male,Referral,0
U09871,2025-05-23,Germany,iOS,18-24,Male,Ads,0
U09872,2025-04-13,Brazil,Android,25-34,Male,Organic,0
U09873,2025-06-16,Canada,iOS,35-44,Female,Organic,0
U09874,2025-05-26,Australia,Android,25-34,Male,Organic,0
U09875,2025-06-01,Canada,iOS,18-24,Female,Ads,0
U09876,2025-02-24,USA,Android,18-24,Male,Organic,0
U09877,2025-04-01,Germany,iOS,18-24,Male,Organic,0
U09878,2025-04-11,India,Android,18-24,Female,Organic,0
U09879,2025-01-16,Canada,Android,18-24,Female,Organic,0
U09880,2025-04-12,India,iOS,45-54,Male,Ads,0
U09881,2025-06-22,Australia,Android,18-24,Male,Organic,0
U09882,2025-04-29,USA,Android,35-44,Female,Organic,0
U09883,2025-01-18,Canada,Android,45-54,Female,Referral,0
U09884,2025-02-17,Brazil,Android,35-44,Male,Organic,0
U09885,2025-04-02,USA,Android,35-44,Female,Ads,0
U09886,2025-05-03,UK,iOS,25-34,Female,Organic,0
U09887,2025-05-25,India,iOS,25-34,Female,Organic,0
U09888,2025-05-09,Germany,Android,35-44,Female,Referral,0
U09889,2025-05-10,India,iOS,18-24,Female,Organic,0
U09890,2025-01-16,UK,iOS,18-24,Male,Organic,0
U09891,2025-05-13,USA,Android,45-54,Female,Ads,1
U09892,2025-05-04,India,iOS,18-24,Female,Ads,0
U09893,2025-04-15,Germany,iOS,18-24,Female,Organic,1
U09894,2025-06-04,Australia,iOS,55+,Male,Organic,0
U09895,2025-04-23,UK,Android,55+,Male,Ads,1
U09896,2025-03-02,USA,iOS,35-44,Male,Organic,0
U09897,2025-04-30,India,iOS,25-34,Female,Organic,1
U09898,2025-01-11,India,Web,25-34,Female,Referral,0
U09899,2025-06-25,Canada,Android,25-34,Female,Organic,0
U09900,2025-03-08,USA,iOS,18-24,Male,Referral,0
U09901,2025-04-14,USA,Android,18-24,Male,Organic,1
U09902,2025-06-01,Canada,iOS,25-34,Male,Organic,1
U09903,2025-01-03,Canada,iOS,25-34,Female,Referral,0
U09904,2025-04-02,Brazil,iOS,35-44,Female,Organic,0
U09905,2025-03-30,Canada,Android,25-34,Male,Organic,0
U09906,2025-04-10,India,Android,35-44,Female,Ads,0
U09907,2025-06-25,UK,iOS,18-24,Male,Referral,0
U09908,2025-04-02,USA,Android,18-24,Female,Ads,0
U09909,2025-04-22,USA,iOS,25-34,Female,Organic,0
U09910,2025-05-23,Germany,Android,25-34,Male,Organic,0
U09911,2025-03-06,USA,Android,18-24,Male,Referral,0
U09912,2025-03-23,Germany,Android,25-34,Female,Organic,0
U09913,2025-03-10,USA,iOS,18-24,Female,Referral,0
U09914,2025-06-04,Brazil,Android,25-34,Male,Organic,0
U09915,2025-02-27,Brazil,Web,25-34,Male,Organic,0
U09916,2025-02-26,Australia,iOS,35-44,Female,Organic,1
U09917,2025-02-02,USA,iOS,55+,Female,Organic,0
U09918,2025-01-07,UK,Android,25-34,Female,Organic,0
U09919,2025-05-15,Australia,iOS,55+,Female,Organic,0
U09920,2025-06-29,Canada,Android,45-54,Female,Organic,0
U09921,2025-04-27,USA,iOS,45-54,Female,Organic,1
U09922,2025-05-26,Brazil,Android,35-44,Female,Organic,0
U09923,2025-03-01,USA,iOS,35-44,Female,Organic,0
U09924,2025-05-22,USA,Android,18-24,Female,Organic,0
U09925,2025-06-02,USA,Android,18-24,Female,Ads,1
U09926,2025-04-20,Japan,Android,35-44,Male,Referral,0
U09927,2025-02-20,India,iOS,35-44,Female,Organic,0
U09928,2025-01-12,Australia,Android,18-24,Male,Ads,0
U09929,2025-05-03,Germany,Android,45-54,Female,Ads,0
U09930,2025-04-02,Brazil,Android,18-24,Male,Organic,1
U09931,2025-04-23,Japan,iOS,18-24,Female,Organic,0
U09932,2025-02-02,Japan,Web,45-54,Female,Organic,0
U09933,2025-04-22,UK,Android,18-24,Female,Organic,0
U09934,2025-01-11,UK,iOS,25-34,Female,Ads,0
U09935,2025-05-08,Germany,Android,35-44,Male,Organic,0
U09936,2025-02-26,India,iOS,18-24,Female,Organic,0
U09937,2025-06-07,India,Android,45-54,Female,Ads,0
U09938,2025-05-24,USA,Android,18-24,Male,Organic,0
U09939,2025-05-02,USA,iOS,55+,Male,Ads,0
U09940,2025-01-06,USA,Android,45-54,Male,Organic,1
U09941,2025-02-25,UK,Android,55+,Female,Organic,0
U09942,2025-04-05,India,Android,25-34,Female,Organic,0
U09943,2025-01-17,Australia,Android,35-44,Female,Ads,0
U09944,2025-01-25,USA,iOS,35-44,Male,Organic,0
U09945,2025-04-09,USA,Android,18-24,Female,Organic,1
U09946,2025-01-15,USA,Android,35-44,Female,Organic,1
U09947,2025-06-15,Germany,Web,18-24,Male,Organic,1
U09948,2025-06-02,UK,iOS,35-44,Female,Organic,1
U09949,2025-02-23,USA,Android,35-44,Female,Ads,1
U09950,2025-02-18,Canada,iOS,18-24,Female,Organic,0
U09951,2025-01-26,Canada,Android,55+,Female,Organic,0
U09952,2025-04-30,USA,Android,45-54,Female,Organic,1
U09953,2025-02-24,UK,Android,35-44,Female,Organic,1
U09954,2025-02-23,USA,Android,25-34,Female,Referral,0
U09955,2025-06-16,Germany,iOS,35-44,Male,Organic,0
U09956,2025-02-19,USA,Android,18-24,Female,Ads,0
U09957,2025-01-03,USA,iOS,25-34,Female,Organic,1
U09958,2025-05-24,India,Android,18-24,Female,Ads,0
U09959,2025-01-22,USA,Android,35-44,Male,Organic,0
U09960,2025-04-28,India,Android,35-44,Male,Referral,0
U09961,2025-02-03,Japan,iOS,45-54,Female,Organic,1
U09962,2025-06-26,USA,Android,55+,Female,Organic,1
U09963,2025-04-25,Canada,iOS,35-44,Male,Ads,1
U09964,2025-05-24,UK,Android,18-24,Male,Organic,0
U09965,2025-01-30,Australia,Android,55+,Male,Organic,0
U09966,2025-05-08,India,iOS,45-54,Male,Referral,1
U09967,2025-03-28,Japan,Android,35-44,Female,Organic,0
U09968,2025-03-13,USA,Android,18-24,Female,Organic,0
U09969,2025-06-06,USA,iOS,18-24,Female,Organic,1
U09970,2025-02-04,UK,Android,25-34,Female,Organic,0
U09971,2025-02-20,Germany,iOS,25-34,Female,Ads,0
U09972,2025-06-01,Japan,Android,35-44,Female,Organic,1
U09973,2025-05-17,USA,Android,18-24,Female,Ads,0
U09974,2025-02-15,USA,iOS,18-24,Female,Ads,1
U09975,2025-04-05,India,Android,25-34,Female,Organic,1
U09976,2025-02-05,India,iOS,25-34,Male,Organic,1
U09977,2025-06-05,Brazil,Web,18-24,Female,Organic,0
U09978,2025-04-13,UK,iOS,18-24,Male,Organic,0
U09979,2025-06-17,India,Android,18-24,Other,Organic,0
U09980,2025-01-07,Germany,Android,25-34,Male,Organic,0
U09981,2025-03-08,USA,Android,55+,Male,Ads,1
U09982,2025-01-17,India,Android,25-34,Male,Organic,0
U09983,2025-01-29,Japan,Android,18-24,Female,Organic,0
U09984,2025-04-26,UK,Android,25-34,Male,Organic,0
U09985,2025-06-09,UK,Android,18-24,Other,Organic,0
U09986,2025-01-30,UK,iOS,45-54,Female,Ads,0
U09987,2025-06-12,Germany,iOS,18-24,Male,Organic,0
U09988,2025-04-07,UK,Android,25-34,Male,Organic,0
U09989,2025-05-27,UK,iOS,45-54,Female,Referral,0
U09990,2025-03-22,USA,Android,18-24,Female,Organic,0
U09991,2025-05-30,India,iOS,18-24,Female,Referral,0
U09992,2025-03-16,Germany,Android,18-24,Female,Ads,0
U09993,2025-02-16,UK,Android,55+,Female,Referral,0
U09994,2025-05-09,UK,iOS,18-24,Male,Organic,0
U09995,2025-03-27,Canada,iOS,18-24,Female,Organic,0
U09996,2025-05-21,Australia,Android,18-24,Male,Referral,0
U09997,2025-05-04,Brazil,Android,18-24,Male,Organic,0
U09998,2025-02-02,India,iOS,45-54,Male,Referral,0
U09999,2025-02-10,USA,Android,35-44,Female,Ads,0
U10000,2025-04-23,Canada,iOS,18-24,Male,Organic,0
