video_id,creator_id,category,language,upload_date,duration_sec,has_hashtags,is_verified_creator
V00001,C0918,Gaming,Portuguese,2025-05-23,94,0,0
V00002,C0870,Comedy,Japanese,2025-06-13,123,0,0
V00003,C0978,News,Spanish,2025-03-09,59,0,0
V00004,C0393,Technology,English,2025-01-11,131,0,0
V00005,C0104,Food,English,2025-05-05,118,0,0
V00006,C0704,Sports,English,2025-02-21,128,1,1
V00007,C0218,Music,English,2025-05-27,140,1,0
V00008,C0087,Comedy,Hindi,2025-06-09,114,1,0
V00009,C0231,Gaming,Japanese,2025-01-23,81,0,0
V00010,C0952,Music,English,2025-01-11,61,1,0
V00011,C0516,Fashion,English,2025-02-02,116,1,0
V00012,C0509,Gaming,English,2025-04-01,124,1,1
V00013,C0755,Music,Spanish,2025-03-19,116,0,1
V00014,C0055,News,Japanese,2025-04-03,118,1,0
V00015,C0047,Sports,English,2025-02-28,95,1,0
V00016,C0561,Technology,Spanish,2025-04-03,35,1,0
V00017,C0680,Food,Japanese,2025-05-25,166,0,0
V00018,C0933,Food,Hindi,2025-05-27,110,1,0
V00019,C0392,Music,Spanish,2025-06-29,136,1,0
V00020,C0685,News,Portuguese,2025-04-14,110,1,0
V00021,C0027,Music,English,2025-02-15,61,1,0
V00022,C0134,Gaming,English,2025-03-15,55,1,1
V00023,C0637,News,English,2025-05-13,126,1,0
V00024,C0971,Sports,English,2025-05-18,127,1,0
V00025,C0387,Fashion,Spanish,2025-03-17,21,0,0
V00026,C0510,Food,Spanish,2025-04-03,180,1,0
V00027,C0457,Sports,Japanese,2025-02-20,127,1,0
V00028,C0710,Technology,Japanese,2025-01-29,130,1,0
V00029,C0029,Fashion,English,2025-04-14,38,0,0
V00030,C0989,Comedy,English,2025-06-18,159,0,0
V00031,C0348,Travel,English,2025-03-26,77,1,1
V00032,C0441,Music,Spanish,2025-01-03,57,1,0
V00033,C0538,Food,English,2025-02-26,162,0,0
V00034,C0661,Education,Portuguese,2025-06-04,153,1,0
V00035,C0780,Comedy,Japanese,2025-03-29,66,1,0
V00036,C0360,Sports,English,2025-03-16,133,1,0
V00037,C0255,Food,Portuguese,2025-05-12,20,1,0
V00038,C0614,Gaming,Hindi,2025-03-03,108,1,0
V00039,C0707,Music,Japanese,2025-04-13,150,0,0
V00040,C0760,Gaming,English,2025-05-13,59,1,0
V00041,C0933,Gaming,Portuguese,2025-01-08,145,1,0
V00042,C0672,Travel,Japanese,2025-01-19,24,0,0
V00043,C0101,News,English,2025-06-28,113,1,0
V00044,C0101,Music,English,2025-04-14,61,1,0
V00045,C0199,Gaming,English,2025-05-04,171,0,0
V00046,C0956,Comedy,Spanish,2025-03-10,15,1,0
V00047,C0323,Technology,Hindi,2025-06-13,77,0,0
V00048,C0536,Food,Hindi,2025-03-25,145,0,0
V00049,C0739,Technology,English,2025-04-29,161,1,0
V00050,C0847,Music,Hindi,2025-06-28,46,1,0
V00051,C0347,Food,Spanish,2025-05-07,77,1,0
V00052,C0939,Gaming,Spanish,2025-06-16,168,1,0
V00053,C0449,Fashion,English,2025-02-22,25,0,0
V00054,C0615,Music,English,2025-03-07,80,0,0
V00055,C0456,Food,English,2025-02-22,85,1,0
V00056,C0435,Music,English,2025-02-21,101,1,0
V00057,C0086,Sports,Portuguese,2025-06-05,168,1,0
V00058,C0092,News,English,2025-01-20,60,0,0
V00059,C0361,Sports,Hindi,2025-02-19,110,1,0
V00060,C0459,Comedy,Spanish,2025-05-08,25,0,0
V00061,C0035,Technology,English,2025-04-24,62,1,0
V00062,C0158,Gaming,English,2025-03-17,92,1,0
V00063,C0245,Music,English,2025-03-31,104,0,1
V00064,C0816,Music,Portuguese,2025-05-31,92,1,0
V00065,C0840,Comedy,Hindi,2025-05-12,118,1,0
V00066,C0544,Gaming,Spanish,2025-05-26,180,1,0
V00067,C0146,News,English,2025-02-16,89,0,0
V00068,C0782,Music,English,2025-05-23,22,1,0
V00069,C0719,Comedy,English,2025-05-11,157,1,0
V00070,C0447,Education,English,2025-04-25,174,0,0
V00071,C0601,Travel,English,2025-05-30,177,0,0
V00072,C0417,Food,English,2025-02-07,102,0,0
V00073,C0436,Music,English,2025-04-11,114,1,1
V00074,C0769,Food,English,2025-03-07,72,1,0
V00075,C0185,Music,English,2025-05-12,112,1,0
V00076,C0290,Education,Japanese,2025-05-15,20,1,0
V00077,C0044,Music,English,2025-02-04,79,0,1
V00078,C0150,Education,Hindi,2025-03-02,144,0,0
V00079,C0299,Fashion,Hindi,2025-04-17,35,1,0
V00080,C0539,Travel,Spanish,2025-01-03,159,1,0
V00081,C0899,Music,English,2025-05-11,106,1,0
V00082,C0463,Music,Japanese,2025-01-02,77,1,0
V00083,C0995,Education,Japanese,2025-06-11,112,1,0
V00084,C0056,News,Spanish,2025-01-14,63,1,0
V00085,C0518,News,Spanish,2025-01-03,84,0,0
V00086,C0276,Music,Spanish,2025-03-21,14,1,0
V00087,C0381,Food,English,2025-01-19,78,0,0
V00088,C0800,Sports,English,2025-04-12,72,1,0
V00089,C0974,Education,English,2025-01-21,34,1,0
V00090,C0878,Gaming,English,2025-05-14,82,1,0
V00091,C0821,Gaming,Spanish,2025-03-28,140,1,0
V00092,C0899,Comedy,Spanish,2025-03-10,118,0,0
V00093,C0030,Travel,Hindi,2025-02-12,66,0,0
V00094,C0721,Travel,Hindi,2025-05-21,102,0,0
V00095,C0781,News,Spanish,2025-02-25,17,0,0
V00096,C0186,Education,Hindi,2025-02-18,71,1,0
V00097,C1000,Sports,Spanish,2025-02-07,144,0,0
V00098,C0949,Music,English,2025-01-07,65,0,0
V00099,C0009,Fashion,English,2025-01-05,115,1,0
V00100,C0938,Food,Japanese,2025-05-01,109,1,1
V00101,C0800,Technology,Japanese,2025-01-18,123,1,0
V00102,C0568,Comedy,Hindi,2025-01-12,89,1,0
V00103,C0600,Music,Hindi,2025-04-26,77,1,0
V00104,C0007,Gaming,English,2025-05-08,156,1,0
V00105,C0587,Music,Spanish,2025-06-23,20,1,0
V00106,C0399,Travel,English,2025-06-12,163,0,0
V00107,C0068,Gaming,English,2025-02-12,31,1,0
V00108,C0065,Music,Spanish,2025-04-27,151,1,0
V00109,C0989,News,Spanish,2025-05-04,40,1,0
V00110,C0199,Fashion,English,2025-01-24,55,0,0
V00111,C0955,News,English,2025-05-18,97,0,0
V00112,C0654,News,Hindi,2025-01-24,116,1,0
V00113,C0493,Gaming,English,2025-01-17,127,0,0
V00114,C0798,Comedy,Japanese,2025-06-16,34,1,0
V00115,C0171,Music,Hindi,2025-04-28,31,1,0
V00116,C0626,Gaming,Hindi,2025-01-26,86,0,0
V00117,C0104,Gaming,English,2025-03-15,163,1,0
V00118,C0708,Music,Spanish,2025-05-08,46,0,0
V00119,C0852,Gaming,Hindi,2025-05-29,140,1,0
V00120,C0113,Comedy,Hindi,2025-06-24,12,0,0
V00121,C0707,Gaming,English,2025-05-06,124,0,0
V00122,C0947,Education,Japanese,2025-04-20,42,1,0
V00123,C0774,Education,English,2025-06-05,148,0,0
V00124,C0106,Sports,English,2025-02-05,109,0,0
V00125,C0763,Technology,English,2025-06-23,26,1,1
V00126,C0275,Food,Japanese,2025-01-22,123,1,0
V00127,C0208,Comedy,English,2025-05-16,60,1,0
V00128,C0412,Comedy,Spanish,2025-02-05,128,1,0
V00129,C0800,Comedy,Hindi,2025-02-19,156,1,0
V00130,C0237,Food,English,2025-02-27,78,1,0
V00131,C0657,Travel,English,2025-04-01,141,0,0
V00132,C0678,Gaming,Spanish,2025-05-09,155,1,0
V00133,C0218,Sports,English,2025-01-15,140,0,0
V00134,C0562,Music,Portuguese,2025-05-05,86,1,0
V00135,C0258,News,English,2025-03-30,136,1,0
V00136,C0348,Education,English,2025-06-29,143,1,0
V00137,C0079,Music,English,2025-02-23,175,1,0
V00138,C0134,Food,Portuguese,2025-05-30,61,0,0
V00139,C0209,Music,English,2025-03-24,111,1,0
V00140,C0533,Comedy,Hindi,2025-05-15,89,1,0
V00141,C0062,Travel,English,2025-06-25,143,1,0
V00142,C0240,Sports,Hindi,2025-05-10,156,0,1
V00143,C0488,News,Hindi,2025-05-30,75,0,0
V00144,C0847,Travel,Hindi,2025-05-30,120,1,0
V00145,C0809,News,English,2025-03-04,140,1,1
V00146,C0589,Comedy,English,2025-02-19,83,1,0
V00147,C0156,Fashion,English,2025-02-01,180,0,0
V00148,C0362,Sports,English,2025-06-01,66,1,0
V00149,C0859,Gaming,English,2025-01-15,19,1,0
V00150,C0267,Sports,English,2025-02-23,174,0,0
V00151,C0508,Comedy,English,2025-05-31,22,1,1
V00152,C0053,Gaming,Japanese,2025-01-13,105,0,0
V00153,C0496,Travel,English,2025-03-16,139,0,0
V00154,C0133,News,Spanish,2025-03-17,125,1,0
V00155,C0470,Comedy,English,2025-03-06,175,0,0
V00156,C0706,Fashion,Hindi,2025-01-12,174,1,0
V00157,C0065,Travel,Hindi,2025-02-20,149,1,0
V00158,C0821,Music,Spanish,2025-06-07,32,1,0
V00159,C0123,Education,Japanese,2025-02-21,45,1,0
V00160,C0531,Music,Hindi,2025-02-04,128,1,0
V00161,C0081,Sports,English,2025-03-27,55,0,1
V00162,C0051,Technology,English,2025-01-14,134,0,1
V00163,C0585,Travel,English,2025-04-06,177,1,0
V00164,C0348,Technology,English,2025-02-08,24,1,0
V00165,C0005,Fashion,Japanese,2025-04-29,26,0,0
V00166,C0868,Music,English,2025-03-18,46,0,0
V00167,C0301,Music,Hindi,2025-02-04,139,1,0
V00168,C0434,Comedy,English,2025-05-06,80,1,0
V00169,C0995,Comedy,Spanish,2025-04-06,104,0,0
V00170,C0719,Fashion,English,2025-01-22,169,1,0
V00171,C0167,Fashion,English,2025-01-28,23,0,0
V00172,C0238,Music,Portuguese,2025-04-15,74,0,0
V00173,C0448,Music,English,2025-05-30,161,1,0
V00174,C0515,Comedy,Hindi,2025-03-25,61,1,0
V00175,C0534,Gaming,English,2025-02-12,161,1,0
V00176,C0949,Education,Spanish,2025-04-30,73,1,0
V00177,C0289,Education,Japanese,2025-05-05,145,0,0
V00178,C0702,Gaming,English,2025-01-21,143,1,0
V00179,C0222,Music,English,2025-06-27,135,1,0
V00180,C0567,Education,Hindi,2025-03-27,67,1,0
V00181,C0863,Education,English,2025-05-19,62,0,0
V00182,C0382,News,English,2025-02-20,82,1,0
V00183,C0706,Music,English,2025-01-21,59,1,0
V00184,C0944,Music,Japanese,2025-01-07,168,1,0
V00185,C0816,Technology,Spanish,2025-01-15,86,1,0
V00186,C0285,Food,English,2025-01-14,130,0,0
V00187,C0565,Education,Hindi,2025-04-21,136,0,0
V00188,C0705,Sports,English,2025-05-22,80,0,0
V00189,C0769,News,English,2025-02-18,165,1,0
V00190,C0379,Music,English,2025-05-31,63,1,0
V00191,C0932,Food,Portuguese,2025-03-28,61,1,0
V00192,C0281,Gaming,Hindi,2025-01-04,40,1,0
V00193,C0930,Gaming,Japanese,2025-06-24,84,1,0
V00194,C0248,Sports,English,2025-04-07,21,1,1
V00195,C0148,News,Spanish,2025-01-29,140,1,0
V00196,C0763,News,English,2025-05-07,134,0,0
V00197,C0590,Sports,Hindi,2025-05-05,165,1,0
V00198,C0680,Music,English,2025-01-01,136,1,0
V00199,C0854,Education,Portuguese,2025-01-08,119,0,0
V00200,C0390,Gaming,English,2025-05-10,27,1,0
V00201,C0586,Gaming,Hindi,2025-03-17,38,1,1
V00202,C0684,Music,Hindi,2025-02-21,82,0,0
V00203,C0817,Travel,Spanish,2025-01-30,36,1,0
V00204,C0014,Sports,English,2025-05-16,94,1,0
V00205,C0166,Education,English,2025-03-06,108,1,0
V00206,C0041,Comedy,Spanish,2025-06-25,35,1,0
V00207,C0959,Gaming,English,2025-03-17,122,1,0
V00208,C0473,Education,Spanish,2025-04-22,11,1,0
V00209,C0319,Education,English,2025-01-01,178,1,0
V00210,C0737,Comedy,Spanish,2025-04-11,84,1,0
V00211,C0066,Sports,English,2025-05-18,72,1,0
V00212,C0134,Education,English,2025-05-30,128,0,1
V00213,C0467,Music,English,2025-04-06,151,1,0
V00214,C0141,Travel,Spanish,2025-04-03,135,0,0
V00215,C0099,Gaming,Japanese,2025-03-26,149,1,0
V00216,C0793,Food,English,2025-03-20,122,1,0
V00217,C0850,Education,Hindi,2025-06-13,176,1,0
V00218,C0568,Music,Spanish,2025-05-22,60,0,1
V00219,C0868,Gaming,Japanese,2025-06-01,52,1,0
V00220,C0183,Comedy,Spanish,2025-06-07,134,1,0
V00221,C0247,Sports,English,2025-06-02,170,1,1
V00222,C0882,Comedy,Portuguese,2025-01-14,180,1,0
V00223,C0413,Music,Spanish,2025-04-15,11,1,0
V00224,C0611,Fashion,Spanish,2025-02-13,153,1,1
V00225,C0110,Gaming,English,2025-01-01,120,1,0
V00226,C0088,Food,English,2025-03-16,54,1,0
V00227,C0189,Sports,Hindi,2025-05-14,118,1,0
V00228,C0110,Comedy,English,2025-06-08,66,1,0
V00229,C0436,Comedy,English,2025-06-01,32,1,0
V00230,C0190,Fashion,English,2025-04-04,14,1,0
V00231,C0961,Technology,Hindi,2025-01-24,25,0,1
V00232,C0146,Music,English,2025-04-21,170,1,0
V00233,C0699,Technology,English,2025-04-14,42,0,1
V00234,C0080,Comedy,Portuguese,2025-03-11,79,1,0
V00235,C0049,Travel,Spanish,2025-03-06,18,1,0
V00236,C0069,Gaming,Spanish,2025-05-13,39,1,1
V00237,C0823,Sports,English,2025-02-28,26,0,0
V00238,C0899,Music,Spanish,2025-03-19,87,1,0
V00239,C0743,Technology,English,2025-01-11,29,1,0
V00240,C0516,Education,Spanish,2025-05-03,94,1,0
V00241,C0405,Education,English,2025-05-06,154,1,0
V00242,C0572,Comedy,Hindi,2025-01-18,34,1,0
V00243,C0505,Fashion,Japanese,2025-03-12,163,1,0
V00244,C0114,Music,English,2025-04-14,147,1,0
V00245,C0807,Education,Spanish,2025-06-15,26,1,0
V00246,C0233,Technology,English,2025-03-08,71,1,0
V00247,C0837,Music,English,2025-01-16,68,0,0
V00248,C0309,News,Hindi,2025-06-13,168,0,0
V00249,C0784,Music,English,2025-03-31,179,0,0
V00250,C0014,Technology,Spanish,2025-05-28,157,0,0
V00251,C0564,Music,Spanish,2025-05-29,59,0,0
V00252,C0862,Music,English,2025-02-26,171,0,0
V00253,C0541,News,Hindi,2025-05-06,28,1,0
V00254,C0462,Education,Hindi,2025-02-09,15,1,0
V00255,C0484,Sports,Portuguese,2025-02-04,43,0,0
V00256,C0060,Technology,Spanish,2025-04-18,36,0,0
V00257,C0797,Travel,English,2025-01-08,131,1,0
V00258,C0358,Music,English,2025-03-16,46,0,1
V00259,C0638,Technology,Hindi,2025-05-09,15,1,0
V00260,C0884,Food,Hindi,2025-02-07,39,0,0
V00261,C0001,Comedy,Hindi,2025-02-28,72,1,0
V00262,C0323,Comedy,English,2025-05-16,144,1,0
V00263,C0314,Music,Hindi,2025-03-17,81,1,0
V00264,C0410,Sports,English,2025-06-24,65,1,0
V00265,C0600,News,Hindi,2025-01-21,68,1,0
V00266,C0194,Music,Spanish,2025-05-03,167,1,0
V00267,C0327,Fashion,Japanese,2025-05-14,156,0,0
V00268,C0164,Education,Hindi,2025-03-11,126,1,0
V00269,C0633,Gaming,Portuguese,2025-04-05,115,1,0
V00270,C0024,Comedy,English,2025-01-17,39,1,0
V00271,C0934,Technology,Hindi,2025-06-21,138,1,0
V00272,C0554,Education,Hindi,2025-05-03,128,1,0
V00273,C0868,Gaming,Hindi,2025-03-27,71,1,1
V00274,C0798,Education,Hindi,2025-05-23,91,1,1
V00275,C0811,Comedy,Hindi,2025-02-06,116,0,0
V00276,C0027,Gaming,Spanish,2025-01-28,114,0,0
V00277,C0004,Sports,Japanese,2025-01-07,10,1,0
V00278,C0959,Technology,English,2025-02-07,103,0,0
V00279,C0883,Education,Spanish,2025-01-05,162,1,0
V00280,C0573,Music,English,2025-05-20,12,1,0
V00281,C0028,Music,English,2025-04-26,40,1,0
V00282,C0971,Comedy,English,2025-02-16,44,1,0
V00283,C0649,Education,English,2025-04-05,155,0,0
V00284,C0230,Technology,English,2025-03-17,24,1,0
V00285,C0338,Comedy,Portuguese,2025-01-13,119,1,1
V00286,C0541,Sports,Spanish,2025-06-03,21,1,1
V00287,C0799,Education,Japanese,2025-04-15,85,0,0
V00288,C0124,Technology,Japanese,2025-05-05,101,1,0
V00289,C0102,Music,Spanish,2025-03-01,17,1,0
V00290,C0528,Music,Hindi,2025-04-08,121,1,0
V00291,C0084,Comedy,English,2025-04-14,37,0,0
V00292,C0415,News,English,2025-06-11,133,1,0
V00293,C0436,Food,Hindi,2025-06-07,136,1,0
V00294,C0748,Travel,English,2025-03-29,163,0,0
V00295,C0377,Comedy,English,2025-01-04,162,1,0
V00296,C0961,Technology,English,2025-01-08,174,0,0
V00297,C0714,Comedy,Portuguese,2025-03-07,63,1,0
V00298,C0113,Comedy,Japanese,2025-01-11,172,1,0
V00299,C0525,Music,Japanese,2025-03-07,94,0,1
V00300,C0634,Comedy,Spanish,2025-06-02,114,1,0
V00301,C0420,Sports,Japanese,2025-05-21,31,1,0
V00302,C0817,Technology,Portuguese,2025-01-09,106,0,0
V00303,C0666,Food,English,2025-03-20,100,1,1
V00304,C0462,Sports,English,2025-01-23,60,1,0
V00305,C0491,News,English,2025-02-11,117,1,1
V00306,C0561,News,English,2025-06-06,179,1,0
V00307,C0063,Music,Hindi,2025-05-07,95,1,0
V00308,C0608,Gaming,English,2025-05-10,140,1,0
V00309,C0322,Technology,English,2025-04-12,73,1,0
V00310,C0863,Music,Spanish,2025-03-31,27,1,0
V00311,C0207,Music,English,2025-05-12,62,1,0
V00312,C0337,Fashion,English,2025-06-18,10,1,0
V00313,C0404,Technology,Hindi,2025-06-19,144,1,0
V00314,C0137,Music,Japanese,2025-04-15,114,1,0
V00315,C0696,Music,Portuguese,2025-01-29,136,1,0
V00316,C0045,Comedy,English,2025-05-24,169,1,0
V00317,C0268,Sports,English,2025-04-23,41,0,0
V00318,C0109,Gaming,English,2025-02-15,109,1,0
V00319,C0467,Comedy,English,2025-06-29,145,1,0
V00320,C0887,Fashion,English,2025-01-14,116,1,0
V00321,C0291,Music,Spanish,2025-01-08,158,1,1
V00322,C0846,Education,Hindi,2025-05-23,125,1,0
V00323,C0425,Education,English,2025-01-28,30,0,0
V00324,C0566,Travel,English,2025-04-05,173,0,1
V00325,C0361,Education,Portuguese,2025-05-07,44,1,0
V00326,C0946,News,Spanish,2025-01-04,169,1,0
V00327,C0388,Education,English,2025-04-02,161,0,0
V00328,C0173,Technology,Hindi,2025-06-26,157,1,0
V00329,C0181,Music,English,2025-06-28,31,0,0
V00330,C0221,News,English,2025-05-01,174,0,0
V00331,C0423,Education,Portuguese,2025-01-09,83,0,0
V00332,C0145,Education,English,2025-02-17,131,1,0
V00333,C0193,Music,English,2025-05-17,125,1,0
V00334,C0930,Sports,Portuguese,2025-05-06,79,1,0
V00335,C0554,Music,English,2025-01-26,126,1,1
V00336,C0071,Fashion,English,2025-01-03,149,1,0
V00337,C0498,Comedy,Japanese,2025-02-03,161,0,0
V00338,C0279,Music,Hindi,2025-05-03,153,1,0
V00339,C0963,Technology,English,2025-01-10,20,0,0
V00340,C0599,Food,Japanese,2025-06-25,92,0,0
V00341,C0278,News,Hindi,2025-03-01,39,1,1
V00342,C0238,News,English,2025-06-09,152,1,1
V00343,C0811,Gaming,English,2025-06-04,72,1,0
V00344,C0654,Education,Spanish,2025-01-19,91,1,0
V00345,C0582,Gaming,English,2025-03-30,35,1,0
V00346,C0349,Gaming,English,2025-04-29,138,1,0
V00347,C0598,Travel,Spanish,2025-02-03,89,1,0
V00348,C0846,Music,Japanese,2025-06-12,39,1,0
V00349,C0005,Technology,Spanish,2025-04-25,112,1,0
V00350,C0433,Comedy,English,2025-01-13,64,1,0
V00351,C0245,Education,English,2025-06-08,111,1,0
V00352,C0953,Food,English,2025-06-08,153,1,0
V00353,C0141,Sports,English,2025-01-21,88,1,0
V00354,C0293,Gaming,Japanese,2025-01-23,167,1,0
V00355,C0356,News,Portuguese,2025-04-07,25,1,1
V00356,C0466,Sports,English,2025-04-26,161,1,0
V00357,C0562,Comedy,English,2025-06-05,130,0,1
V00358,C0860,Technology,English,2025-04-30,59,0,0
V00359,C0612,News,Spanish,2025-02-12,71,0,0
V00360,C0128,Fashion,Portuguese,2025-01-13,138,1,0
V00361,C0083,Food,Japanese,2025-06-06,81,0,0
V00362,C0057,Technology,English,2025-02-09,46,1,0
V00363,C0745,Food,English,2025-03-24,67,1,0
V00364,C0981,Travel,Portuguese,2025-03-07,91,1,0
V00365,C0608,Music,Japanese,2025-06-07,83,0,0
V00366,C0142,Music,English,2025-06-12,132,1,0
V00367,C0658,Music,English,2025-05-24,70,1,0
V00368,C0792,Fashion,Spanish,2025-05-12,65,1,0
V00369,C0457,Sports,English,2025-03-20,176,0,0
V00370,C0363,Education,English,2025-03-04,79,1,1
V00371,C0468,Music,Hindi,2025-01-24,139,0,0
V00372,C0749,Technology,Spanish,2025-05-13,157,0,0
V00373,C0296,Travel,Portuguese,2025-04-22,46,1,0
V00374,C0175,Gaming,Japanese,2025-04-17,101,0,0
V00375,C0165,Comedy,Spanish,2025-01-27,68,1,0
V00376,C0226,Gaming,Spanish,2025-03-04,168,1,0
V00377,C0842,Technology,English,2025-06-12,69,1,0
V00378,C0377,Technology,English,2025-06-04,99,1,0
V00379,C0609,Music,English,2025-02-11,88,1,0
V00380,C0926,Food,Japanese,2025-05-29,135,1,0
V00381,C0168,Technology,English,2025-01-09,74,1,0
V00382,C0690,Sports,Japanese,2025-04-26,124,1,0
V00383,C0887,Music,Hindi,2025-02-03,33,1,0
V00384,C0923,Comedy,Portuguese,2025-03-07,109,1,0
V00385,C0881,Fashion,English,2025-01-13,107,1,0
V00386,C0456,Fashion,Portuguese,2025-01-24,18,1,0
V00387,C0889,Education,English,2025-02-23,175,1,0
V00388,C0931,Music,Japanese,2025-01-28,69,1,0
V00389,C0648,Food,English,2025-05-28,14,1,0
V00390,C0565,Music,Spanish,2025-03-22,24,0,0
V00391,C0267,Comedy,Portuguese,2025-02-02,122,1,0
V00392,C0025,News,Hindi,2025-05-16,42,1,1
V00393,C0966,Education,Japanese,2025-03-13,148,0,0
V00394,C0646,Education,Japanese,2025-04-18,111,1,0
V00395,C0893,News,Spanish,2025-02-02,174,1,0
V00396,C0769,Education,Hindi,2025-03-27,115,0,0
V00397,C0553,Sports,English,2025-02-17,162,0,0
V00398,C0464,Music,English,2025-06-29,35,1,0
V00399,C0780,Sports,Spanish,2025-04-24,30,1,1
V00400,C0634,News,English,2025-01-08,176,1,0
V00401,C0328,Comedy,Hindi,2025-01-26,47,0,0
V00402,C0132,Gaming,English,2025-01-20,84,0,0
V00403,C0196,Fashion,Spanish,2025-06-03,24,1,1
V00404,C0249,Travel,Spanish,2025-06-14,111,0,0
V00405,C0207,Music,Hindi,2025-05-03,110,0,0
V00406,C0073,Technology,Spanish,2025-04-29,106,1,0
V00407,C0783,Comedy,English,2025-03-15,33,0,0
V00408,C0849,Food,Spanish,2025-06-01,74,0,0
V00409,C0620,Fashion,English,2025-01-31,116,0,0
V00410,C0610,Education,English,2025-01-04,159,1,0
V00411,C0004,Music,English,2025-06-20,57,1,1
V00412,C0014,Technology,Hindi,2025-04-05,146,1,0
V00413,C0195,Fashion,English,2025-01-16,78,1,0
V00414,C0903,Fashion,English,2025-01-02,103,1,0
V00415,C0661,Food,English,2025-01-02,51,1,1
V00416,C0895,Fashion,English,2025-02-04,138,0,0
V00417,C0244,Travel,English,2025-06-29,18,0,1
V00418,C0993,Gaming,Hindi,2025-01-18,153,1,0
V00419,C0730,Gaming,English,2025-05-18,173,1,1
V00420,C0371,Travel,English,2025-05-07,116,0,0
V00421,C0614,Education,Hindi,2025-04-26,154,1,1
V00422,C0961,Food,English,2025-06-22,18,1,0
V00423,C0975,Education,Spanish,2025-02-25,119,1,0
V00424,C0996,Comedy,Hindi,2025-03-22,89,1,1
V00425,C0745,Technology,Japanese,2025-05-15,171,1,0
V00426,C0220,Sports,Spanish,2025-06-06,71,1,1
V00427,C0911,Fashion,Spanish,2025-06-03,55,1,0
V00428,C0494,News,Portuguese,2025-05-31,60,1,0
V00429,C0797,Education,Japanese,2025-04-03,20,1,0
V00430,C0317,Technology,Japanese,2025-05-15,141,1,0
V00431,C0945,Travel,Japanese,2025-01-25,83,0,0
V00432,C0220,News,English,2025-02-10,28,1,0
V00433,C0525,Education,Spanish,2025-01-28,108,1,1
V00434,C0497,Music,English,2025-05-05,178,1,0
V00435,C0268,Gaming,English,2025-02-22,163,1,0
V00436,C0105,Technology,Spanish,2025-04-12,167,1,0
V00437,C0148,Gaming,Portuguese,2025-03-29,152,1,0
V00438,C0689,Music,Japanese,2025-03-22,96,1,0
V00439,C0281,News,English,2025-02-16,43,1,0
V00440,C0780,Comedy,English,2025-02-03,29,1,0
V00441,C0282,News,English,2025-04-29,11,1,0
V00442,C0803,Sports,English,2025-05-15,117,1,0
V00443,C0111,Food,English,2025-01-08,41,1,0
V00444,C0177,Comedy,Hindi,2025-04-26,70,0,0
V00445,C0525,News,Portuguese,2025-02-04,155,1,0
V00446,C0446,Gaming,English,2025-05-20,120,0,1
V00447,C0976,Music,Portuguese,2025-04-08,180,0,0
V00448,C0299,Travel,English,2025-04-29,171,1,0
V00449,C0905,Sports,Japanese,2025-01-18,119,1,0
V00450,C0980,Technology,Spanish,2025-05-02,174,0,0
V00451,C0708,Gaming,English,2025-06-10,87,0,0
V00452,C0942,Education,Hindi,2025-06-01,173,0,0
V00453,C0977,Music,Portuguese,2025-02-28,126,1,0
V00454,C0999,Travel,Japanese,2025-03-09,149,1,0
V00455,C0823,Music,English,2025-03-23,85,1,0
V00456,C0572,News,English,2025-01-01,37,1,0
V00457,C0524,Music,Japanese,2025-04-19,50,0,0
V00458,C0535,Comedy,Hindi,2025-02-15,77,1,0
V00459,C0972,Music,Spanish,2025-02-07,68,0,0
V00460,C0069,Food,Hindi,2025-01-23,96,0,0
V00461,C0138,Sports,Hindi,2025-04-13,156,1,0
V00462,C0827,Technology,English,2025-01-19,22,1,0
V00463,C0206,Comedy,Spanish,2025-05-01,128,1,1
V00464,C0029,Food,English,2025-03-12,32,0,0
V00465,C0185,Music,Hindi,2025-06-17,25,0,0
V00466,C0380,Sports,Japanese,2025-05-28,119,0,0
V00467,C0571,Comedy,English,2025-04-15,28,1,0
V00468,C0283,Travel,English,2025-04-09,109,1,0
V00469,C0278,Food,English,2025-02-12,172,1,0
V00470,C0034,Food,Japanese,2025-04-01,117,1,0
V00471,C0088,Comedy,English,2025-05-30,74,0,0
V00472,C0495,Comedy,English,2025-05-02,176,1,0
V00473,C0373,Comedy,Hindi,2025-05-09,122,0,0
V00474,C0505,Technology,Spanish,2025-02-10,11,1,0
V00475,C0935,Sports,English,2025-02-23,162,1,0
V00476,C0487,Sports,Spanish,2025-01-11,141,0,0
V00477,C0199,Fashion,Portuguese,2025-02-07,175,0,0
V00478,C0669,Music,English,2025-01-22,110,1,0
V00479,C0423,Comedy,Hindi,2025-06-04,19,1,1
V00480,C0253,Education,Japanese,2025-01-29,117,0,1
V00481,C0093,Education,Hindi,2025-05-14,123,1,0
V00482,C0621,Comedy,Portuguese,2025-06-13,174,1,1
V00483,C0344,Gaming,English,2025-06-26,26,1,0
V00484,C0193,News,English,2025-04-03,165,1,0
V00485,C0088,Sports,English,2025-04-07,153,1,0
V00486,C0903,Music,Spanish,2025-02-04,45,0,0
V00487,C0342,Education,English,2025-02-01,37,1,0
V00488,C0354,News,Japanese,2025-05-11,21,1,0
V00489,C0040,Education,English,2025-06-29,116,1,1
V00490,C0661,Comedy,Spanish,2025-01-09,30,0,0
V00491,C0127,Music,Portuguese,2025-01-11,60,1,0
V00492,C0331,Technology,English,2025-05-06,17,1,0
V00493,C0183,Travel,English,2025-03-12,81,1,0
V00494,C0523,Comedy,English,2025-02-25,79,1,1
V00495,C0337,Fashion,Hindi,2025-02-10,114,1,0
V00496,C0957,Gaming,English,2025-03-26,129,1,0
V00497,C0646,Education,Portuguese,2025-02-18,74,1,0
V00498,C0711,Fashion,Japanese,2025-03-06,17,1,0
V00499,C0556,News,English,2025-04-30,98,1,1
V00500,C0032,Music,Hindi,2025-06-06,52,0,0
V00501,C0564,Gaming,Spanish,2025-06-22,27,1,1
V00502,C0420,Education,Hindi,2025-05-28,94,1,0
V00503,C0019,Travel,Spanish,2025-03-29,56,0,0
V00504,C0763,Education,English,2025-01-09,117,1,0
V00505,C0008,Food,Spanish,2025-01-21,114,1,1
V00506,C0350,Sports,English,2025-05-24,121,1,0
V00507,C0596,Sports,English,2025-01-11,105,1,0
V00508,C0886,Comedy,Spanish,2025-06-29,17,1,0
V00509,C0806,Technology,Portuguese,2025-04-15,55,0,0
V00510,C0944,News,English,2025-02-04,83,1,0
V00511,C0353,Fashion,English,2025-01-31,145,1,0
V00512,C0795,Gaming,Hindi,2025-06-02,78,0,0
V00513,C0345,Food,Japanese,2025-01-06,20,0,0
V00514,C0955,Technology,Japanese,2025-04-05,45,1,0
V00515,C0274,Comedy,English,2025-04-10,56,1,0
V00516,C0355,Education,Japanese,2025-01-23,138,1,0
V00517,C0201,News,Hindi,2025-01-14,53,1,0
V00518,C0714,Music,Spanish,2025-06-23,87,1,0
V00519,C0478,Education,Spanish,2025-02-15,50,1,0
V00520,C0952,Comedy,Japanese,2025-05-21,179,1,0
V00521,C0168,Comedy,Japanese,2025-03-28,65,1,1
V00522,C0958,Music,English,2025-04-26,30,1,0
V00523,C0495,Technology,Hindi,2025-04-23,125,1,0
V00524,C0009,Music,Hindi,2025-03-05,170,1,0
V00525,C0679,Education,Spanish,2025-03-23,68,1,0
V00526,C0956,Music,English,2025-02-08,19,1,0
V00527,C0351,Fashion,English,2025-05-26,52,0,0
V00528,C0862,Food,Japanese,2025-05-12,162,1,0
V00529,C0549,Education,Hindi,2025-06-24,140,1,1
V00530,C0449,Music,Portuguese,2025-03-05,77,0,0
V00531,C0425,Technology,English,2025-02-14,65,1,1
V00532,C0171,Comedy,Spanish,2025-06-01,146,1,0
V00533,C0904,Travel,Hindi,2025-01-22,163,0,0
V00534,C0152,Travel,English,2025-03-05,79,1,0
V00535,C0177,Technology,Japanese,2025-02-14,32,0,0
V00536,C0036,News,Hindi,2025-01-20,53,0,0
V00537,C0589,Education,English,2025-02-16,175,1,1
V00538,C0503,Music,Hindi,2025-05-24,152,1,1
V00539,C0430,Fashion,English,2025-03-22,24,1,0
V00540,C0906,Sports,English,2025-06-18,15,1,0
V00541,C0700,Fashion,English,2025-02-08,27,1,0
V00542,C0456,Music,Spanish,2025-03-14,154,0,0
V00543,C0216,Food,Spanish,2025-06-23,171,1,1
V00544,C0076,Gaming,Hindi,2025-02-12,38,0,0
V00545,C0923,Music,Portuguese,2025-01-15,139,1,0
V00546,C0952,Music,Japanese,2025-04-02,85,1,0
V00547,C0149,Music,Hindi,2025-04-24,115,0,0
V00548,C0480,Sports,English,2025-04-05,115,0,0
V00549,C0382,Education,Spanish,2025-01-11,33,0,0
V00550,C0161,Comedy,Portuguese,2025-06-22,131,1,0
V00551,C0716,Education,English,2025-03-26,131,0,0
V00552,C0976,Sports,English,2025-01-29,20,1,1
V00553,C0236,Gaming,Portuguese,2025-02-11,28,1,0
V00554,C0695,Fashion,Spanish,2025-04-29,174,0,0
V00555,C0236,Food,English,2025-03-30,134,1,0
V00556,C0818,Travel,English,2025-02-04,58,1,0
V00557,C0124,Music,English,2025-03-17,102,1,0
V00558,C0032,Gaming,Japanese,2025-03-14,37,1,0
V00559,C0540,Music,Spanish,2025-01-27,79,1,0
V00560,C0097,Music,English,2025-03-30,10,1,0
V00561,C0533,Comedy,Hindi,2025-05-20,31,1,0
V00562,C0171,Comedy,Spanish,2025-02-07,97,0,0
V00563,C0524,Education,English,2025-05-03,106,1,0
V00564,C0330,Music,Spanish,2025-03-11,110,1,0
V00565,C0428,Sports,Portuguese,2025-02-22,22,1,0
V00566,C0239,Sports,Hindi,2025-02-09,98,1,0
V00567,C0037,Education,English,2025-03-07,147,0,0
V00568,C0964,Travel,Hindi,2025-01-25,148,1,0
V00569,C0540,Music,English,2025-01-07,87,1,0
V00570,C0855,Sports,English,2025-05-15,99,0,1
V00571,C0912,Comedy,English,2025-04-21,115,0,0
V00572,C0624,Food,English,2025-01-12,56,1,0
V00573,C0073,Music,Hindi,2025-02-24,26,1,0
V00574,C0135,Gaming,Spanish,2025-01-27,98,1,0
V00575,C0508,Gaming,English,2025-01-22,74,1,0
V00576,C0738,Fashion,Hindi,2025-06-15,115,0,0
V00577,C0883,Technology,Japanese,2025-04-01,53,1,0
V00578,C0263,Sports,Spanish,2025-03-31,145,1,0
V00579,C0884,Technology,English,2025-03-23,45,1,0
V00580,C0753,Gaming,Japanese,2025-02-03,28,1,0
V00581,C0764,Gaming,English,2025-05-28,122,1,0
V00582,C0321,News,English,2025-03-08,48,0,0
V00583,C0586,Music,English,2025-02-12,43,1,0
V00584,C0064,Fashion,English,2025-06-22,41,1,0
V00585,C0745,Music,Hindi,2025-02-27,34,1,0
V00586,C0208,Comedy,Hindi,2025-04-28,34,1,0
V00587,C0437,Fashion,Portuguese,2025-01-31,125,1,0
V00588,C0909,Music,English,2025-06-03,116,1,0
V00589,C0814,Music,Hindi,2025-06-04,152,0,0
V00590,C0147,Gaming,Hindi,2025-05-04,109,1,0
V00591,C0003,Food,Hindi,2025-04-29,40,0,0
V00592,C0498,Technology,English,2025-06-25,175,1,0
V00593,C0140,Education,Spanish,2025-02-02,24,1,0
V00594,C0260,News,English,2025-04-23,55,1,0
V00595,C0309,Sports,English,2025-04-18,109,1,0
V00596,C0526,Technology,Hindi,2025-06-16,34,1,0
V00597,C0375,Music,Hindi,2025-02-14,90,1,0
V00598,C0328,Sports,Japanese,2025-01-17,84,1,0
V00599,C0211,Music,Hindi,2025-03-21,105,0,1
V00600,C0431,Education,English,2025-06-16,70,0,0
V00601,C0638,Travel,Spanish,2025-04-12,120,1,0
V00602,C0300,Sports,Japanese,2025-04-05,123,0,1
V00603,C0137,Music,Spanish,2025-06-17,21,0,0
V00604,C0490,Gaming,Hindi,2025-02-12,36,0,0
V00605,C0620,Fashion,Hindi,2025-04-25,75,1,0
V00606,C0716,News,Hindi,2025-04-02,37,1,0
V00607,C0167,Education,Spanish,2025-06-12,129,1,0
V00608,C0992,Travel,English,2025-03-31,71,1,0
V00609,C0820,Fashion,English,2025-02-24,73,0,0
V00610,C0199,Sports,Hindi,2025-01-03,34,1,0
V00611,C0961,Gaming,Portuguese,2025-05-22,154,1,0
V00612,C0819,Comedy,English,2025-03-25,16,1,0
V00613,C0397,Comedy,Spanish,2025-05-23,163,0,0
V00614,C0113,Gaming,Hindi,2025-06-19,120,0,0
V00615,C0537,Comedy,English,2025-02-17,107,1,0
V00616,C0066,Education,Hindi,2025-02-18,114,1,0
V00617,C0505,Comedy,English,2025-03-05,51,0,0
V00618,C0830,Comedy,English,2025-03-26,45,1,0
V00619,C0792,Gaming,English,2025-04-23,176,0,0
V00620,C0413,Travel,Hindi,2025-02-13,37,0,0
V00621,C0852,Music,Hindi,2025-06-23,48,1,0
V00622,C0442,Education,English,2025-04-25,33,0,0
V00623,C0287,Comedy,English,2025-01-29,99,0,0
V00624,C0132,Comedy,English,2025-06-27,106,1,0
V00625,C0255,Education,English,2025-04-22,78,1,0
V00626,C0857,Education,Hindi,2025-06-24,103,1,0
V00627,C0623,Travel,English,2025-01-01,136,1,1
V00628,C0747,Comedy,English,2025-03-23,139,1,0
V00629,C0577,Food,English,2025-01-09,135,0,0
V00630,C0220,Sports,English,2025-01-08,78,1,0
V00631,C0083,Fashion,English,2025-04-02,110,1,1
V00632,C0750,Comedy,English,2025-05-23,48,1,0
V00633,C0675,Fashion,English,2025-05-30,155,0,0
V00634,C1000,Education,Spanish,2025-04-08,170,1,0
V00635,C0161,Sports,Portuguese,2025-01-07,88,0,0
V00636,C0677,Sports,Hindi,2025-03-24,64,1,0
V00637,C0137,Technology,English,2025-04-14,45,1,0
V00638,C0275,Music,English,2025-03-18,127,1,0
V00639,C0766,Sports,Spanish,2025-04-04,134,1,0
V00640,C0542,Travel,Spanish,2025-06-07,143,1,0
V00641,C0394,Music,Japanese,2025-06-04,68,1,1
V00642,C0412,Sports,Spanish,2025-05-16,49,1,0
V00643,C0147,Gaming,English,2025-06-09,61,0,0
V00644,C0421,Comedy,Hindi,2025-01-20,29,1,0
V00645,C0015,Sports,English,2025-03-29,119,1,0
V00646,C0853,Travel,Spanish,2025-04-07,62,1,0
V00647,C0699,Technology,English,2025-02-16,68,1,1
V00648,C0756,Technology,English,2025-01-17,49,0,0
V00649,C0011,News,Hindi,2025-04-19,80,0,0
V00650,C0944,Music,Portuguese,2025-05-27,106,0,0
V00651,C0975,Education,English,2025-01-03,76,0,0
V00652,C0869,Food,Spanish,2025-05-15,64,0,0
V00653,C0812,Comedy,Spanish,2025-05-23,106,1,0
V00654,C0423,Education,English,2025-03-20,105,1,0
V00655,C0326,Food,English,2025-02-12,15,1,0
V00656,C0280,Technology,English,2025-01-26,177,0,0
V00657,C0917,Comedy,English,2025-03-11,116,1,0
V00658,C0642,Music,Spanish,2025-02-27,56,1,0
V00659,C0123,Gaming,English,2025-02-16,80,0,1
V00660,C0290,Travel,English,2025-05-06,84,0,1
V00661,C0077,Travel,Portuguese,2025-01-18,22,1,0
V00662,C0142,Music,Spanish,2025-01-04,94,0,0
V00663,C0898,Gaming,English,2025-04-04,106,1,0
V00664,C0285,Fashion,Spanish,2025-05-10,34,0,0
V00665,C0674,Comedy,English,2025-03-01,20,1,0
V00666,C0399,Sports,Spanish,2025-02-01,152,1,0
V00667,C0628,Music,Japanese,2025-05-17,39,1,0
V00668,C0228,Technology,English,2025-03-31,128,0,0
V00669,C0093,Music,English,2025-06-16,140,1,0
V00670,C0695,Music,English,2025-04-21,131,0,0
V00671,C0579,Music,English,2025-05-26,164,1,1
V00672,C0054,Education,English,2025-04-24,143,0,0
V00673,C0326,Travel,English,2025-01-05,133,1,0
V00674,C0033,Gaming,Japanese,2025-03-30,162,1,0
V00675,C0722,Comedy,English,2025-04-01,177,1,0
V00676,C0973,Sports,Hindi,2025-05-30,83,1,0
V00677,C0425,Sports,English,2025-01-27,178,1,0
V00678,C0335,Sports,Spanish,2025-06-19,21,0,0
V00679,C0004,Food,Hindi,2025-05-17,94,0,1
V00680,C0854,Comedy,English,2025-03-20,43,1,0
V00681,C0159,Technology,Portuguese,2025-02-05,95,1,0
V00682,C0738,Music,Japanese,2025-06-03,124,1,1
V00683,C0280,Comedy,English,2025-06-19,101,1,0
V00684,C0484,Sports,Spanish,2025-03-13,139,0,1
V00685,C0972,Fashion,English,2025-05-02,74,0,0
V00686,C0160,Sports,English,2025-04-01,37,0,0
V00687,C0982,Sports,English,2025-05-17,108,1,1
V00688,C0207,Education,Portuguese,2025-05-03,153,1,0
V00689,C0214,Comedy,English,2025-01-01,146,1,0
V00690,C0434,Education,English,2025-06-17,91,1,0
V00691,C0352,Travel,Japanese,2025-05-02,172,0,0
V00692,C0842,Technology,English,2025-01-14,115,1,0
V00693,C0501,Comedy,English,2025-03-16,115,1,0
V00694,C0291,Fashion,English,2025-06-23,47,1,1
V00695,C0954,Fashion,English,2025-05-15,33,1,0
V00696,C0610,News,English,2025-03-06,73,1,0
V00697,C0803,Fashion,Hindi,2025-04-14,33,1,1
V00698,C0812,Comedy,Japanese,2025-01-07,11,1,0
V00699,C0651,Technology,Spanish,2025-02-27,41,0,0
V00700,C0635,Sports,Hindi,2025-03-24,141,0,1
V00701,C0711,Travel,Hindi,2025-05-27,93,1,1
V00702,C0371,Technology,English,2025-02-22,45,0,0
V00703,C0701,Music,English,2025-05-16,114,0,0
V00704,C0065,Travel,Portuguese,2025-04-29,126,1,0
V00705,C0850,Food,Japanese,2025-04-16,11,1,0
V00706,C0744,Gaming,Portuguese,2025-04-22,160,1,0
V00707,C0063,Sports,English,2025-06-04,65,0,0
V00708,C0887,Technology,Spanish,2025-02-10,44,0,0
V00709,C0100,Comedy,English,2025-06-02,73,1,0
V00710,C0035,Music,English,2025-05-13,51,1,0
V00711,C0492,Sports,Hindi,2025-01-16,117,1,0
V00712,C0878,Education,English,2025-05-01,85,1,0
V00713,C0638,Food,English,2025-06-21,130,1,0
V00714,C0629,Travel,Hindi,2025-03-07,55,1,0
V00715,C0347,Sports,English,2025-05-23,171,1,0
V00716,C0265,Music,English,2025-01-11,156,1,0
V00717,C0079,Food,English,2025-04-10,177,1,0
V00718,C0505,News,English,2025-06-26,146,1,0
V00719,C0956,Food,English,2025-05-12,161,0,0
V00720,C0500,Music,English,2025-03-12,119,1,0
V00721,C0981,Sports,Hindi,2025-06-22,57,1,0
V00722,C0385,News,Spanish,2025-01-11,69,1,0
V00723,C0995,Comedy,English,2025-01-22,101,1,0
V00724,C0666,Sports,Japanese,2025-03-16,120,0,0
V00725,C0723,Music,Japanese,2025-03-12,98,1,0
V00726,C0414,Gaming,English,2025-04-01,80,1,0
V00727,C0893,Gaming,Hindi,2025-05-01,96,1,0
V00728,C0864,Music,Hindi,2025-01-08,19,1,0
V00729,C0152,Fashion,English,2025-03-12,28,1,0
V00730,C0377,Sports,English,2025-03-13,135,1,0
V00731,C0813,Music,English,2025-02-04,26,1,0
V00732,C0785,Food,Portuguese,2025-05-06,170,1,0
V00733,C0616,Fashion,English,2025-04-19,157,1,1
V00734,C0195,Fashion,Hindi,2025-05-17,103,1,1
V00735,C0817,Music,Portuguese,2025-01-14,147,1,0
V00736,C0961,Travel,English,2025-04-19,162,1,0
V00737,C0010,Food,Hindi,2025-05-18,101,1,0
V00738,C0321,Music,Japanese,2025-05-31,135,1,0
V00739,C0160,Comedy,English,2025-02-09,140,0,1
V00740,C0030,News,English,2025-01-27,26,0,0
V00741,C0308,Music,Spanish,2025-03-07,148,0,0
V00742,C0862,Music,English,2025-02-16,132,0,0
V00743,C0261,Education,English,2025-04-15,103,1,0
V00744,C0140,Education,Japanese,2025-01-23,56,0,1
V00745,C0310,Music,Spanish,2025-05-07,85,1,0
V00746,C0623,Technology,Spanish,2025-04-03,140,0,0
V00747,C0653,Education,English,2025-05-24,59,1,0
V00748,C0783,Gaming,English,2025-05-27,170,1,0
V00749,C0879,Music,English,2025-04-23,17,0,0
V00750,C0931,Music,English,2025-06-19,124,1,0
V00751,C0078,News,Spanish,2025-05-17,146,0,0
V00752,C0908,Fashion,Hindi,2025-02-10,82,1,1
V00753,C0062,Music,Spanish,2025-05-27,73,1,0
V00754,C0687,Music,English,2025-05-25,116,1,0
V00755,C0227,Music,English,2025-05-28,172,1,0
V00756,C0688,Sports,English,2025-02-13,66,1,0
V00757,C0312,Education,Spanish,2025-03-04,169,1,0
V00758,C0921,Music,Portuguese,2025-03-10,61,0,0
V00759,C0304,Travel,English,2025-06-24,115,0,1
V00760,C0295,Gaming,English,2025-02-21,98,1,0
V00761,C0294,Travel,English,2025-04-08,109,1,0
V00762,C0516,News,Portuguese,2025-05-13,99,1,0
V00763,C0586,Gaming,Spanish,2025-03-24,172,1,0
V00764,C0064,Music,English,2025-02-23,127,1,0
V00765,C0763,Gaming,English,2025-01-11,152,1,0
V00766,C0778,Travel,English,2025-01-13,27,1,1
V00767,C0546,Technology,English,2025-03-14,30,0,0
V00768,C0856,Travel,English,2025-03-09,175,0,0
V00769,C0366,News,Spanish,2025-03-29,157,1,0
V00770,C0103,Food,English,2025-04-05,173,1,0
V00771,C0835,Music,Japanese,2025-04-08,46,1,0
V00772,C0145,Food,English,2025-04-13,24,0,0
V00773,C0874,Travel,Hindi,2025-06-11,150,1,0
V00774,C0078,Fashion,English,2025-01-24,143,1,0
V00775,C0252,Fashion,Portuguese,2025-04-02,23,1,0
V00776,C0419,Sports,Hindi,2025-05-18,177,1,0
V00777,C0638,Music,Japanese,2025-04-14,49,1,0
V00778,C0790,Music,Hindi,2025-05-12,63,1,0
V00779,C0587,Sports,Hindi,2025-06-10,89,1,0
V00780,C0955,Fashion,Japanese,2025-04-14,46,1,0
V00781,C0571,Education,English,2025-06-24,64,1,0
V00782,C0090,Sports,Spanish,2025-02-26,168,1,0
V00783,C0922,Education,English,2025-03-29,42,1,0
V00784,C0133,Comedy,Hindi,2025-05-01,113,1,0
V00785,C0914,Fashion,English,2025-03-13,18,1,1
V00786,C0792,Comedy,Portuguese,2025-06-05,82,1,0
V00787,C0930,Education,English,2025-05-11,47,1,0
V00788,C0525,Music,Hindi,2025-05-15,26,1,0
V00789,C0518,Education,Portuguese,2025-06-07,133,1,1
V00790,C0360,Music,English,2025-06-21,132,0,0
V00791,C0467,Fashion,Spanish,2025-01-13,133,0,0
V00792,C0453,Gaming,English,2025-02-06,131,0,0
V00793,C0041,Music,English,2025-06-23,41,0,0
V00794,C0591,Gaming,Spanish,2025-06-21,104,0,1
V00795,C0198,News,Hindi,2025-03-30,47,0,0
V00796,C0631,Music,Portuguese,2025-01-17,128,0,0
V00797,C0226,Music,English,2025-01-16,106,1,0
V00798,C0238,Sports,English,2025-03-17,79,1,0
V00799,C0502,Education,Hindi,2025-06-24,96,1,0
V00800,C0125,Education,English,2025-02-04,141,0,1
V00801,C0595,Technology,Japanese,2025-02-25,144,0,0
V00802,C0601,Travel,English,2025-01-15,122,1,0
V00803,C0742,Education,Portuguese,2025-01-22,131,0,0
V00804,C0364,News,Portuguese,2025-02-01,68,1,1
V00805,C0187,Travel,Japanese,2025-02-23,92,1,0
V00806,C0923,Comedy,Portuguese,2025-01-22,23,1,0
V00807,C0478,News,Japanese,2025-05-16,131,0,1
V00808,C0179,Education,Hindi,2025-01-29,24,0,0
V00809,C0256,Comedy,Spanish,2025-04-07,174,1,0
V00810,C0792,Music,English,2025-01-30,20,1,0
V00811,C0129,Education,English,2025-06-19,119,1,0
V00812,C0983,Gaming,English,2025-02-09,138,1,0
V00813,C0241,Music,English,2025-04-12,150,1,0
V00814,C0450,Travel,English,2025-05-02,120,0,1
V00815,C0605,Music,Japanese,2025-01-05,26,1,0
V00816,C0014,Food,English,2025-02-26,169,1,0
V00817,C0867,News,English,2025-03-22,41,0,0
V00818,C0579,Sports,Japanese,2025-05-13,13,1,0
V00819,C0828,Gaming,English,2025-04-16,62,1,0
V00820,C0399,Technology,English,2025-01-26,126,1,0
V00821,C0176,Education,Portuguese,2025-04-03,75,1,0
V00822,C0334,Technology,English,2025-03-09,141,0,0
V00823,C0134,Music,Hindi,2025-03-23,114,0,0
V00824,C0301,Gaming,English,2025-03-28,174,1,0
V00825,C0823,Sports,Portuguese,2025-05-24,70,1,0
V00826,C0862,Fashion,English,2025-05-06,112,1,0
V00827,C0036,Music,English,2025-01-05,88,1,0
V00828,C0757,Food,Spanish,2025-02-26,40,0,0
V00829,C0997,Comedy,English,2025-02-06,86,1,0
V00830,C0614,Comedy,English,2025-01-13,99,1,0
V00831,C0021,News,Japanese,2025-01-05,175,0,1
V00832,C0567,Music,Spanish,2025-06-19,178,1,0
V00833,C0744,Comedy,Japanese,2025-06-05,23,1,0
V00834,C0240,Gaming,English,2025-02-15,174,1,0
V00835,C0745,Gaming,Spanish,2025-06-12,113,1,0
V00836,C0362,Food,Hindi,2025-04-11,147,1,0
V00837,C0712,Music,English,2025-05-06,40,1,0
V00838,C0846,Music,Hindi,2025-03-07,166,1,0
V00839,C0691,Sports,English,2025-03-21,30,0,0
V00840,C0023,Technology,Spanish,2025-04-23,99,1,1
V00841,C0522,Technology,Portuguese,2025-03-08,24,1,0
V00842,C0074,Education,Hindi,2025-05-08,35,1,0
V00843,C0526,Gaming,English,2025-05-06,66,1,0
V00844,C0141,Food,Spanish,2025-06-02,62,1,1
V00845,C0489,Food,Hindi,2025-03-05,109,1,0
V00846,C0281,News,Hindi,2025-04-05,102,1,0
V00847,C0852,Comedy,English,2025-04-26,27,1,0
V00848,C0419,Music,English,2025-05-10,45,1,0
V00849,C0929,Comedy,Spanish,2025-05-16,41,0,0
V00850,C0048,Travel,English,2025-04-13,82,1,0
V00851,C0191,Comedy,Spanish,2025-06-13,75,0,0
V00852,C0806,Music,English,2025-04-17,106,1,0
V00853,C0834,Sports,English,2025-03-28,128,1,0
V00854,C0764,Education,Hindi,2025-03-30,142,0,0
V00855,C0188,Gaming,English,2025-03-01,72,0,0
V00856,C0451,Technology,Hindi,2025-04-21,155,0,0
V00857,C0306,News,English,2025-01-26,26,1,0
V00858,C0830,Food,Hindi,2025-06-24,33,1,0
V00859,C0384,News,Japanese,2025-06-03,44,1,0
V00860,C0256,Fashion,Portuguese,2025-03-01,139,1,0
V00861,C0778,Comedy,English,2025-02-03,152,1,1
V00862,C0789,News,Portuguese,2025-06-03,36,0,0
V00863,C0887,Comedy,English,2025-02-20,41,1,0
V00864,C0655,Comedy,Spanish,2025-02-14,22,0,0
V00865,C0586,Travel,English,2025-04-05,78,0,0
V00866,C0609,Education,Hindi,2025-03-14,59,1,0
V00867,C0108,Education,English,2025-02-25,162,0,0
V00868,C0312,Gaming,English,2025-05-30,123,1,1
V00869,C0350,Education,Japanese,2025-06-14,134,1,0
V00870,C0328,Sports,English,2025-01-10,157,1,0
V00871,C0157,Music,English,2025-01-29,110,1,0
V00872,C0830,Gaming,Hindi,2025-03-10,93,0,0
V00873,C0431,Comedy,Hindi,2025-02-25,175,1,0
V00874,C0258,Music,Hindi,2025-03-30,120,1,0
V00875,C0525,Comedy,English,2025-02-02,98,1,0
V00876,C0213,Gaming,English,2025-05-01,178,1,0
V00877,C0456,Music,English,2025-06-29,170,1,0
V00878,C0101,Sports,English,2025-02-01,152,0,0
V00879,C0600,Gaming,Japanese,2025-05-19,112,0,0
V00880,C0240,Gaming,English,2025-04-14,109,1,0
V00881,C0860,Education,Japanese,2025-02-25,140,1,0
V00882,C0257,Comedy,English,2025-02-05,84,1,0
V00883,C0933,News,Spanish,2025-02-04,100,1,0
V00884,C0283,Sports,Japanese,2025-06-12,142,0,0
V00885,C0473,Sports,Hindi,2025-05-18,162,1,1
V00886,C0338,Travel,Spanish,2025-05-15,48,0,0
V00887,C0678,Gaming,English,2025-06-25,104,1,0
V00888,C0668,Technology,English,2025-05-10,22,0,0
V00889,C0425,Travel,Portuguese,2025-06-04,162,1,0
V00890,C0280,Music,Japanese,2025-01-30,72,0,0
V00891,C0105,Gaming,Hindi,2025-02-01,125,1,0
V00892,C0804,Gaming,Japanese,2025-02-16,74,0,0
V00893,C0380,Music,English,2025-01-23,167,1,0
V00894,C0743,Comedy,English,2025-01-08,108,1,1
V00895,C0990,Sports,Portuguese,2025-03-03,48,1,0
V00896,C0911,Music,Japanese,2025-04-22,155,1,0
V00897,C0440,Education,English,2025-01-25,126,1,0
V00898,C0606,Music,Portuguese,2025-03-27,44,1,0
V00899,C0827,Sports,Spanish,2025-02-20,123,0,0
V00900,C0418,Fashion,Hindi,2025-03-13,38,1,0
V00901,C0008,Comedy,English,2025-02-05,92,1,0
V00902,C0250,Comedy,Spanish,2025-02-09,15,1,0
V00903,C0204,Gaming,Hindi,2025-04-20,145,1,0
V00904,C0461,Technology,Hindi,2025-05-18,102,1,0
V00905,C0361,Gaming,Portuguese,2025-01-07,83,1,0
V00906,C0257,Gaming,Japanese,2025-05-10,73,1,0
V00907,C0013,Comedy,Hindi,2025-03-03,19,1,0
V00908,C0963,Comedy,Portuguese,2025-03-08,41,1,0
V00909,C0602,Technology,Hindi,2025-01-29,159,1,0
V00910,C0746,Sports,English,2025-03-14,80,1,0
V00911,C0512,Food,English,2025-03-29,153,1,0
V00912,C0777,Education,Spanish,2025-04-15,104,1,0
V00913,C0802,Comedy,Portuguese,2025-02-01,33,1,0
V00914,C0561,Food,English,2025-04-14,69,0,0
V00915,C0581,Fashion,English,2025-02-28,116,0,0
V00916,C0253,Music,English,2025-01-24,103,0,0
V00917,C0581,Travel,Spanish,2025-06-28,72,0,0
V00918,C0631,Gaming,English,2025-01-05,60,1,0
V00919,C0499,Music,Spanish,2025-03-20,93,0,1
V00920,C0853,Fashion,English,2025-04-07,171,0,0
V00921,C0544,Gaming,English,2025-05-30,138,1,0
V00922,C0550,Comedy,Japanese,2025-01-29,95,1,0
V00923,C0500,Music,English,2025-03-30,56,1,1
V00924,C0426,Music,English,2025-03-04,19,1,0
V00925,C0062,Music,English,2025-01-31,170,1,0
V00926,C0685,Gaming,Japanese,2025-01-01,37,1,0
V00927,C0926,Gaming,English,2025-05-24,64,1,0
V00928,C0501,Travel,Hindi,2025-04-17,71,1,0
V00929,C0799,Education,English,2025-04-09,72,0,0
V00930,C0465,Sports,English,2025-03-06,79,1,0
V00931,C0101,Travel,Hindi,2025-05-06,129,1,0
V00932,C0594,Fashion,Spanish,2025-05-17,65,1,0
V00933,C0750,Music,Spanish,2025-02-27,68,0,0
V00934,C0887,Music,English,2025-04-03,134,1,1
V00935,C0578,Comedy,English,2025-06-23,44,1,0
V00936,C0715,Education,English,2025-02-26,174,0,1
V00937,C0415,Education,English,2025-05-27,130,1,0
V00938,C0082,Food,Hindi,2025-04-22,136,1,0
V00939,C0947,Sports,English,2025-05-10,139,0,0
V00940,C0359,Food,English,2025-01-29,109,1,0
V00941,C0677,Comedy,English,2025-06-05,99,1,0
V00942,C0010,Sports,English,2025-04-20,83,1,0
V00943,C0656,Technology,Japanese,2025-05-22,20,1,1
V00944,C0052,Education,Hindi,2025-06-26,69,1,0
V00945,C0074,Fashion,Hindi,2025-06-29,16,0,0
V00946,C0173,Sports,Portuguese,2025-03-27,179,0,0
V00947,C0750,Music,English,2025-03-07,91,0,0
V00948,C0081,Education,Hindi,2025-05-14,17,1,0
V00949,C0493,Comedy,English,2025-01-22,45,1,0
V00950,C0880,Food,Spanish,2025-05-23,115,1,0
V00951,C0541,News,English,2025-04-04,129,1,0
V00952,C0198,Travel,Hindi,2025-06-24,58,1,0
V00953,C0505,Education,English,2025-01-08,101,1,0
V00954,C0329,Comedy,English,2025-01-28,174,1,0
V00955,C0183,Comedy,English,2025-05-12,61,0,0
V00956,C0646,Sports,Hindi,2025-04-17,111,1,0
V00957,C0304,Comedy,English,2025-01-23,159,1,0
V00958,C0311,Music,Portuguese,2025-03-01,53,1,0
V00959,C0637,Comedy,English,2025-01-05,129,1,0
V00960,C0960,Comedy,English,2025-03-19,70,1,0
V00961,C0888,Comedy,English,2025-04-30,113,0,0
V00962,C0194,Music,English,2025-06-13,15,1,0
V00963,C0907,Music,Japanese,2025-02-12,12,1,0
V00964,C0304,Education,English,2025-03-28,29,1,0
V00965,C0303,Sports,Hindi,2025-03-11,70,1,1
V00966,C0023,Education,Portuguese,2025-01-18,150,1,0
V00967,C0331,Comedy,Portuguese,2025-03-05,67,1,0
V00968,C0284,Food,English,2025-01-11,35,1,0
V00969,C0757,Fashion,English,2025-04-29,154,1,0
V00970,C0941,Education,Hindi,2025-05-05,136,1,0
V00971,C0988,Fashion,Portuguese,2025-02-07,118,1,0
V00972,C0610,Music,Hindi,2025-04-24,136,1,0
V00973,C0219,Music,English,2025-04-13,14,1,0
V00974,C0515,Gaming,English,2025-02-13,100,1,0
V00975,C0357,Music,Portuguese,2025-06-01,18,1,1
V00976,C0429,Fashion,Portuguese,2025-05-29,141,1,0
V00977,C0438,Sports,Spanish,2025-02-23,165,0,0
V00978,C0119,Music,English,2025-02-08,154,1,0
V00979,C0667,News,Spanish,2025-01-05,127,0,0
V00980,C0454,Sports,Japanese,2025-01-17,95,1,0
V00981,C0917,Comedy,Hindi,2025-04-15,138,1,1
V00982,C0822,Education,English,2025-06-14,156,1,0
V00983,C0095,Gaming,English,2025-03-28,177,1,0
V00984,C0789,Sports,Spanish,2025-05-12,82,1,1
V00985,C0801,Gaming,English,2025-05-11,150,1,0
V00986,C0103,Sports,English,2025-01-17,85,0,0
V00987,C0903,Travel,English,2025-04-10,138,1,0
V00988,C0843,Music,English,2025-03-18,82,1,0
V00989,C0721,Music,Hindi,2025-02-07,163,1,0
V00990,C0459,Sports,English,2025-04-06,145,1,1
V00991,C0933,Sports,Japanese,2025-03-03,28,1,0
V00992,C0031,News,Hindi,2025-04-28,80,0,0
V00993,C0585,Education,English,2025-04-28,10,1,0
V00994,C0141,News,English,2025-04-10,46,1,0
V00995,C0915,Food,Spanish,2025-01-11,49,1,0
V00996,C0142,Education,Japanese,2025-06-26,165,0,0
V00997,C0695,Music,Spanish,2025-05-10,121,1,0
V00998,C0143,Comedy,Portuguese,2025-03-12,39,1,0
V00999,C0295,Comedy,English,2025-03-19,108,0,0
V01000,C0708,Education,Spanish,2025-01-29,128,1,0
V01001,C0249,Gaming,English,2025-05-20,173,1,0
V01002,C0413,Travel,English,2025-06-15,123,1,0
V01003,C0895,Technology,Hindi,2025-03-25,53,1,0
V01004,C0020,Technology,English,2025-03-13,67,1,1
V01005,C0990,Travel,Japanese,2025-03-16,57,0,0
V01006,C0055,Travel,Hindi,2025-03-14,121,1,1
V01007,C0085,Education,Hindi,2025-01-03,147,1,0
V01008,C0327,Music,English,2025-02-25,125,0,0
V01009,C0508,Fashion,Portuguese,2025-03-08,74,0,0
V01010,C0178,Travel,English,2025-03-10,108,0,0
V01011,C0294,News,English,2025-03-01,164,1,0
V01012,C0051,Music,Hindi,2025-03-28,69,1,1
V01013,C0230,News,Spanish,2025-06-19,119,1,0
V01014,C0825,Music,Spanish,2025-04-19,125,1,0
V01015,C0612,Education,Hindi,2025-01-18,66,1,1
V01016,C0040,Fashion,Hindi,2025-02-11,100,1,0
V01017,C0497,Travel,English,2025-05-22,134,0,0
V01018,C0918,Gaming,Spanish,2025-06-22,137,1,0
V01019,C0496,Music,Portuguese,2025-03-28,15,0,0
V01020,C0628,Music,English,2025-05-24,104,1,0
V01021,C0255,Sports,English,2025-03-22,94,0,0
V01022,C0949,News,Spanish,2025-06-06,128,1,0
V01023,C0839,Fashion,English,2025-03-27,146,0,0
V01024,C0793,Sports,Japanese,2025-02-26,176,1,0
V01025,C0146,Sports,Hindi,2025-02-01,109,1,0
V01026,C0696,Gaming,English,2025-06-06,44,1,0
V01027,C0600,Comedy,Portuguese,2025-05-22,61,0,0
V01028,C0774,Travel,Spanish,2025-06-24,114,1,0
V01029,C0261,Music,English,2025-03-24,74,1,1
V01030,C0380,News,English,2025-05-22,145,1,1
V01031,C0610,Music,Hindi,2025-06-24,53,1,0
V01032,C0325,Food,English,2025-03-22,147,0,0
V01033,C0200,Music,Spanish,2025-01-28,127,0,1
V01034,C0108,Education,English,2025-06-12,100,1,1
V01035,C0438,Music,English,2025-04-25,61,1,0
V01036,C0698,Music,English,2025-04-27,48,1,0
V01037,C0367,News,Hindi,2025-01-17,111,0,0
V01038,C0083,Food,English,2025-01-28,85,1,0
V01039,C0878,Education,Spanish,2025-02-10,53,1,0
V01040,C0583,Sports,Spanish,2025-02-28,124,1,0
V01041,C0123,Music,Japanese,2025-04-03,76,0,0
V01042,C0506,Education,English,2025-06-18,174,0,0
V01043,C0259,Gaming,Japanese,2025-04-13,17,1,0
V01044,C0659,Gaming,English,2025-03-07,31,0,0
V01045,C0683,News,English,2025-01-13,179,1,0
V01046,C0815,Technology,English,2025-04-25,46,1,0
V01047,C0646,Music,English,2025-05-27,150,1,0
V01048,C0444,Education,Japanese,2025-03-14,66,0,0
V01049,C0598,Sports,Spanish,2025-01-18,48,1,0
V01050,C0396,News,Japanese,2025-01-02,108,1,0
V01051,C0111,Music,English,2025-03-21,91,0,1
V01052,C0706,Technology,Hindi,2025-05-05,90,1,0
V01053,C0181,Comedy,Japanese,2025-06-27,28,0,1
V01054,C0506,News,English,2025-02-23,116,1,0
V01055,C0242,Education,Spanish,2025-03-22,89,0,0
V01056,C0125,Comedy,English,2025-02-03,82,1,0
V01057,C0490,Travel,Hindi,2025-04-18,87,1,0
V01058,C0077,Technology,English,2025-03-31,46,1,0
V01059,C0683,Fashion,English,2025-05-18,115,1,0
V01060,C0807,Comedy,Hindi,2025-04-21,107,1,0
V01061,C0530,Music,English,2025-05-27,41,1,0
V01062,C0645,Technology,English,2025-06-27,16,0,1
V01063,C0481,Education,English,2025-01-27,104,1,0
V01064,C0271,Comedy,Japanese,2025-02-08,33,1,0
V01065,C0379,Education,Portuguese,2025-02-06,147,1,0
V01066,C0772,Comedy,Hindi,2025-06-11,60,1,0
V01067,C0074,Music,Japanese,2025-03-16,145,1,0
V01068,C0349,Music,Spanish,2025-02-26,137,0,1
V01069,C0294,Education,Spanish,2025-04-18,127,1,0
V01070,C0136,Technology,Hindi,2025-04-06,153,1,0
V01071,C0103,News,Portuguese,2025-01-09,110,1,0
V01072,C0037,Comedy,Hindi,2025-06-09,23,1,0
V01073,C0771,News,Hindi,2025-06-10,124,0,1
V01074,C0826,Travel,English,2025-02-28,19,1,0
V01075,C0806,Gaming,Spanish,2025-06-12,83,1,0
V01076,C0144,Fashion,English,2025-04-24,37,0,0
V01077,C0450,Music,Hindi,2025-03-01,102,1,0
V01078,C0173,Food,English,2025-04-06,148,1,0
V01079,C0426,Food,Portuguese,2025-04-19,98,1,0
V01080,C0195,Music,English,2025-05-24,78,1,0
V01081,C0478,Fashion,Hindi,2025-03-31,70,1,0
V01082,C0945,Music,Hindi,2025-02-13,168,0,0
V01083,C0423,Education,Spanish,2025-01-06,155,1,0
V01084,C0719,Music,Spanish,2025-06-03,166,1,0
V01085,C0828,Comedy,Japanese,2025-01-01,92,0,0
V01086,C0418,Education,English,2025-01-30,107,0,0
V01087,C0705,Food,English,2025-02-21,131,1,0
V01088,C0767,Music,Portuguese,2025-02-28,143,1,1
V01089,C0950,Comedy,English,2025-05-05,82,0,0
V01090,C0763,Technology,Japanese,2025-06-11,41,0,0
V01091,C0831,Fashion,English,2025-05-04,71,1,0
V01092,C0331,Food,Spanish,2025-04-02,143,1,0
V01093,C0355,Comedy,Portuguese,2025-01-25,124,1,0
V01094,C0937,Gaming,English,2025-05-07,14,1,0
V01095,C0037,Sports,English,2025-05-10,11,0,1
V01096,C0687,Education,Spanish,2025-06-23,52,0,0
V01097,C0097,Gaming,Spanish,2025-02-25,25,1,0
V01098,C0448,Food,Spanish,2025-03-23,175,1,0
V01099,C0186,Music,Spanish,2025-02-04,120,1,0
V01100,C0410,Food,Spanish,2025-04-06,22,1,0
V01101,C0750,Education,English,2025-06-26,32,0,1
V01102,C0750,Comedy,Hindi,2025-05-14,55,1,0
V01103,C0069,Education,Spanish,2025-05-06,170,1,0
V01104,C0229,News,Hindi,2025-02-17,179,1,0
V01105,C0286,Fashion,English,2025-01-06,95,1,0
V01106,C0298,Education,English,2025-01-24,45,1,0
V01107,C0440,Comedy,English,2025-05-29,161,0,0
V01108,C0913,News,Portuguese,2025-02-23,161,1,0
V01109,C0284,Comedy,English,2025-04-06,62,1,0
V01110,C0640,Comedy,English,2025-01-13,16,1,0
V01111,C0658,Education,Hindi,2025-04-27,114,1,0
V01112,C0908,Travel,English,2025-05-25,83,1,0
V01113,C0707,Fashion,English,2025-03-12,50,1,0
V01114,C0561,Comedy,Hindi,2025-04-23,97,0,0
V01115,C0670,Fashion,Japanese,2025-04-04,99,0,0
V01116,C0698,Fashion,English,2025-04-20,145,1,0
V01117,C0450,Music,English,2025-03-26,107,1,1
V01118,C0146,Comedy,Spanish,2025-06-18,66,1,0
V01119,C0761,News,Hindi,2025-02-20,70,1,0
V01120,C0401,Music,Japanese,2025-05-02,164,1,1
V01121,C0693,Technology,English,2025-05-14,95,1,0
V01122,C0958,Music,English,2025-04-03,180,1,1
V01123,C0629,Comedy,English,2025-05-15,145,1,0
V01124,C0806,Gaming,English,2025-06-08,109,1,0
V01125,C0828,Comedy,Portuguese,2025-01-24,23,0,0
V01126,C0952,Fashion,Spanish,2025-03-14,161,1,0
V01127,C0208,Music,Hindi,2025-04-10,20,1,0
V01128,C0394,Sports,English,2025-05-23,38,1,0
V01129,C0319,Education,Japanese,2025-04-22,134,1,0
V01130,C0040,News,Hindi,2025-01-04,122,1,0
V01131,C0898,Sports,Japanese,2025-06-14,60,1,0
V01132,C0610,Food,Spanish,2025-02-20,123,1,0
V01133,C0663,News,English,2025-02-01,14,0,0
V01134,C0696,Fashion,English,2025-04-23,164,1,0
V01135,C0876,Technology,Spanish,2025-01-12,157,0,0
V01136,C0381,Music,Spanish,2025-01-29,44,1,0
V01137,C0338,Sports,Hindi,2025-03-04,126,1,0
V01138,C0847,Music,Hindi,2025-03-31,109,1,0
V01139,C0923,News,Spanish,2025-06-20,148,0,0
V01140,C0666,News,English,2025-05-15,59,1,1
V01141,C0017,Fashion,Hindi,2025-01-27,171,0,0
V01142,C0341,Comedy,Japanese,2025-03-11,34,0,0
V01143,C0350,Comedy,Hindi,2025-02-01,152,0,0
V01144,C0278,Fashion,English,2025-01-11,36,1,0
V01145,C0820,Comedy,English,2025-02-22,156,1,0
V01146,C0749,Technology,English,2025-03-12,77,1,0
V01147,C0749,Music,Hindi,2025-03-23,76,1,0
V01148,C0290,Comedy,English,2025-05-04,160,1,0
V01149,C0725,Music,Portuguese,2025-06-27,135,0,0
V01150,C0334,Comedy,Hindi,2025-03-11,118,1,0
V01151,C0217,Fashion,English,2025-01-10,111,1,0
V01152,C0659,Gaming,Hindi,2025-02-26,160,0,0
V01153,C0983,Gaming,Hindi,2025-02-26,166,1,0
V01154,C0936,Education,English,2025-04-13,67,1,0
V01155,C0532,Gaming,Portuguese,2025-05-05,138,1,0
V01156,C0165,Fashion,English,2025-01-15,59,0,0
V01157,C0040,Food,English,2025-04-10,48,1,0
V01158,C0795,News,Spanish,2025-02-07,142,1,0
V01159,C0687,Sports,Spanish,2025-05-29,21,1,0
V01160,C0907,Music,English,2025-05-02,136,1,0
V01161,C0978,Education,Spanish,2025-02-05,94,1,0
V01162,C0073,Sports,English,2025-05-29,176,1,0
V01163,C0949,Education,Spanish,2025-01-19,146,0,0
V01164,C0642,Comedy,Hindi,2025-04-27,110,1,0
V01165,C0521,Education,Spanish,2025-05-27,45,1,0
V01166,C0943,Technology,Japanese,2025-02-02,145,0,0
V01167,C0312,News,English,2025-04-16,33,1,0
V01168,C0982,Music,Hindi,2025-03-04,104,0,0
V01169,C0069,Food,Portuguese,2025-06-19,122,0,0
V01170,C0971,Music,Spanish,2025-03-03,176,1,0
V01171,C0198,Sports,English,2025-06-10,95,0,0
V01172,C0658,Fashion,Portuguese,2025-06-14,65,1,0
V01173,C0155,Comedy,Spanish,2025-05-14,38,1,0
V01174,C0828,Comedy,Portuguese,2025-06-05,36,0,0
V01175,C0112,Comedy,English,2025-02-28,134,1,1
V01176,C0963,Sports,Spanish,2025-02-22,100,1,0
V01177,C0299,News,Portuguese,2025-05-14,24,1,0
V01178,C0035,News,English,2025-05-16,151,0,0
V01179,C0732,Music,English,2025-05-14,36,0,0
V01180,C0898,Music,Hindi,2025-03-12,45,1,0
V01181,C0916,Gaming,Hindi,2025-01-19,38,0,0
V01182,C0443,Technology,English,2025-04-14,162,1,0
V01183,C0538,Travel,Spanish,2025-04-23,90,0,0
V01184,C0308,Food,English,2025-03-10,37,0,0
V01185,C0212,Fashion,English,2025-06-09,158,0,0
V01186,C0376,Technology,English,2025-01-28,63,1,1
V01187,C0501,Comedy,Hindi,2025-01-03,108,0,0
V01188,C0443,Gaming,Spanish,2025-01-27,180,0,0
V01189,C0644,Technology,English,2025-04-11,126,1,1
V01190,C0140,Music,Spanish,2025-02-24,123,1,0
V01191,C0195,Comedy,Spanish,2025-03-14,117,1,0
V01192,C0433,News,English,2025-06-01,121,0,0
V01193,C0631,Music,Spanish,2025-04-05,80,0,0
V01194,C0974,Music,Hindi,2025-03-22,89,1,0
V01195,C0400,Gaming,Hindi,2025-03-08,137,1,0
V01196,C0293,Education,Portuguese,2025-06-28,61,0,0
V01197,C0910,Fashion,Hindi,2025-06-26,120,0,0
V01198,C0320,News,Hindi,2025-02-01,103,0,0
V01199,C0588,Food,Hindi,2025-01-20,29,1,0
V01200,C0280,Music,English,2025-02-12,167,1,0
V01201,C0898,Gaming,Portuguese,2025-01-31,126,0,1
V01202,C0521,Music,Portuguese,2025-04-08,46,0,0
V01203,C0030,Music,Portuguese,2025-02-12,102,1,0
V01204,C0863,Music,Japanese,2025-06-11,113,1,0
V01205,C0713,Food,English,2025-02-06,126,1,0
V01206,C0286,Sports,Japanese,2025-06-04,66,1,0
V01207,C0847,Sports,English,2025-06-24,75,1,0
V01208,C0726,Gaming,English,2025-04-19,51,1,0
V01209,C0608,Technology,Hindi,2025-04-30,12,1,0
V01210,C0879,Education,English,2025-05-14,116,0,0
V01211,C0573,Education,Japanese,2025-06-11,11,1,0
V01212,C0428,Food,English,2025-04-13,98,0,0
V01213,C0239,Fashion,Portuguese,2025-06-14,22,0,0
V01214,C0151,Travel,Portuguese,2025-04-14,123,1,0
V01215,C0765,Technology,Hindi,2025-05-19,115,1,1
V01216,C0582,Sports,Hindi,2025-04-18,54,1,0
V01217,C0048,Education,Spanish,2025-05-17,74,1,0
V01218,C0543,Travel,Portuguese,2025-05-27,116,0,0
V01219,C0011,Music,English,2025-06-05,142,1,0
V01220,C0497,Music,Spanish,2025-01-23,128,1,0
V01221,C0828,Fashion,Spanish,2025-03-23,147,1,0
V01222,C0272,Music,Hindi,2025-03-31,152,1,0
V01223,C0473,Sports,Spanish,2025-06-27,79,1,0
V01224,C0853,Comedy,English,2025-01-15,12,0,0
V01225,C0654,Sports,English,2025-01-23,86,1,0
V01226,C0919,Food,Hindi,2025-06-09,152,0,0
V01227,C0196,Food,English,2025-01-26,175,1,0
V01228,C0185,Gaming,English,2025-06-29,106,0,0
V01229,C0588,Music,English,2025-01-04,144,1,0
V01230,C0090,Technology,Japanese,2025-04-04,150,1,0
V01231,C0855,Gaming,Hindi,2025-03-09,24,1,0
V01232,C0716,Education,English,2025-03-02,173,1,0
V01233,C0254,Music,English,2025-05-15,148,1,0
V01234,C0871,Music,English,2025-03-12,18,1,0
V01235,C0649,Fashion,English,2025-01-27,138,1,0
V01236,C0769,Music,Spanish,2025-06-08,35,1,0
V01237,C0512,Travel,English,2025-03-27,81,1,0
V01238,C0759,Technology,English,2025-06-22,72,1,0
V01239,C0531,Education,Portuguese,2025-04-27,52,0,0
V01240,C0458,Comedy,English,2025-04-12,171,1,0
V01241,C0467,Education,English,2025-05-29,89,0,0
V01242,C0518,Music,English,2025-03-08,122,1,0
V01243,C0443,Gaming,Spanish,2025-02-03,180,1,0
V01244,C0237,Sports,English,2025-05-18,14,1,0
V01245,C0834,Music,English,2025-03-01,28,1,0
V01246,C0880,Fashion,Spanish,2025-01-06,173,1,0
V01247,C0651,Sports,English,2025-05-25,36,1,0
V01248,C0124,Technology,Spanish,2025-06-08,75,0,0
V01249,C0661,Sports,Spanish,2025-01-24,91,1,0
V01250,C0340,Food,Japanese,2025-02-13,24,0,1
V01251,C0665,Music,English,2025-01-25,175,1,0
V01252,C0760,Food,English,2025-06-16,115,1,0
V01253,C0627,Music,Japanese,2025-05-15,150,0,0
V01254,C0762,Music,Spanish,2025-01-28,162,1,0
V01255,C0791,Gaming,English,2025-05-14,91,1,0
V01256,C0194,Education,English,2025-02-13,96,1,0
V01257,C0429,Music,Spanish,2025-03-01,98,1,1
V01258,C0369,Music,English,2025-01-25,93,1,0
V01259,C0329,Music,English,2025-02-10,163,1,0
V01260,C0701,Music,Hindi,2025-01-26,130,1,0
V01261,C0448,Comedy,English,2025-01-16,57,1,0
V01262,C0765,Technology,Hindi,2025-03-24,148,1,0
V01263,C0674,Education,English,2025-05-15,86,1,0
V01264,C0404,Travel,Hindi,2025-05-29,108,1,0
V01265,C0646,Comedy,English,2025-06-02,172,1,0
V01266,C0308,Education,Spanish,2025-01-22,175,1,0
V01267,C0613,Technology,English,2025-01-16,98,1,1
V01268,C0984,Comedy,English,2025-01-04,23,1,0
V01269,C0487,Sports,Spanish,2025-05-31,17,0,0
V01270,C0179,Music,English,2025-04-05,126,1,1
V01271,C0995,Food,Spanish,2025-05-28,145,0,0
V01272,C0861,Music,Portuguese,2025-03-25,126,1,0
V01273,C0735,Fashion,Hindi,2025-01-09,57,1,0
V01274,C0763,Comedy,Japanese,2025-02-08,126,1,0
V01275,C0794,Gaming,English,2025-01-21,47,1,1
V01276,C0519,Comedy,English,2025-01-07,123,0,0
V01277,C0072,Education,Japanese,2025-06-03,12,0,1
V01278,C0208,Food,Japanese,2025-05-09,120,1,0
V01279,C0129,Fashion,Japanese,2025-04-10,71,0,0
V01280,C0561,Technology,English,2025-04-26,70,1,0
V01281,C0916,Travel,English,2025-01-12,127,1,0
V01282,C0505,Technology,English,2025-04-02,139,0,0
V01283,C0118,Travel,Portuguese,2025-01-24,107,1,0
V01284,C0243,Education,English,2025-06-26,135,1,0
V01285,C0297,Sports,Hindi,2025-02-19,128,1,1
V01286,C0761,Sports,Spanish,2025-01-09,28,1,0
V01287,C0431,Comedy,Portuguese,2025-01-13,157,1,0
V01288,C0677,Fashion,English,2025-02-28,61,0,0
V01289,C0031,Fashion,Spanish,2025-05-10,165,1,0
V01290,C0005,Technology,Portuguese,2025-01-02,64,0,0
V01291,C0766,Technology,Japanese,2025-05-27,121,1,0
V01292,C0744,News,English,2025-01-19,98,1,0
V01293,C0215,Education,English,2025-06-01,127,0,0
V01294,C0640,Fashion,Japanese,2025-01-25,133,1,0
V01295,C0088,Music,Japanese,2025-06-28,70,1,0
V01296,C0327,Technology,English,2025-04-27,66,1,0
V01297,C0197,Music,English,2025-02-09,19,0,0
V01298,C0856,Technology,Japanese,2025-04-25,99,1,0
V01299,C0553,Food,Hindi,2025-06-24,57,0,1
V01300,C0164,Travel,English,2025-02-08,139,1,0
V01301,C0040,Music,English,2025-02-05,78,1,0
V01302,C0405,Education,Japanese,2025-05-11,73,1,0
V01303,C0549,Comedy,Japanese,2025-03-10,137,1,0
V01304,C0867,Music,Hindi,2025-01-06,50,1,0
V01305,C0311,Fashion,Hindi,2025-01-18,57,0,0
V01306,C0906,Technology,English,2025-01-29,161,1,0
V01307,C0475,Sports,English,2025-06-14,167,1,0
V01308,C0486,Comedy,Japanese,2025-05-25,28,1,0
V01309,C0889,Education,Japanese,2025-02-23,126,0,0
V01310,C0055,Education,Japanese,2025-04-23,129,1,0
V01311,C0450,Sports,English,2025-03-09,51,1,0
V01312,C0106,Sports,Portuguese,2025-03-10,94,1,0
V01313,C0557,Music,English,2025-02-01,51,1,0
V01314,C0476,Comedy,English,2025-06-16,122,1,0
V01315,C0635,Technology,Hindi,2025-04-08,171,1,0
V01316,C0137,Food,English,2025-06-01,142,1,0
V01317,C0172,Music,Hindi,2025-05-22,56,1,0
V01318,C0897,Food,English,2025-04-30,115,0,0
V01319,C0389,Sports,English,2025-02-16,31,1,0
V01320,C0958,News,English,2025-04-09,30,1,0
V01321,C0244,Music,English,2025-04-21,36,0,0
V01322,C0058,Food,Spanish,2025-01-14,23,1,0
V01323,C0365,Sports,Spanish,2025-01-20,133,1,0
V01324,C0655,Comedy,Japanese,2025-06-09,14,1,0
V01325,C0751,Travel,English,2025-04-23,18,0,0
V01326,C0436,News,Spanish,2025-05-29,164,0,0
V01327,C0142,Travel,Portuguese,2025-01-03,118,1,0
V01328,C0014,Gaming,Hindi,2025-04-13,137,1,0
V01329,C0849,Fashion,Hindi,2025-02-12,108,1,1
V01330,C0677,Travel,Portuguese,2025-05-19,120,1,0
V01331,C0043,Comedy,Portuguese,2025-02-07,57,1,0
V01332,C0484,Fashion,English,2025-02-24,166,1,0
V01333,C0898,Comedy,Japanese,2025-02-03,57,1,0
V01334,C0360,News,Japanese,2025-06-25,103,1,0
V01335,C0768,Gaming,Japanese,2025-05-27,158,1,0
V01336,C0669,Music,English,2025-04-15,165,0,0
V01337,C0135,Sports,Spanish,2025-01-01,61,1,0
V01338,C0176,Food,English,2025-05-21,175,0,0
V01339,C0694,Music,Spanish,2025-01-20,46,1,0
V01340,C0936,Music,Spanish,2025-06-29,65,1,1
V01341,C0139,Comedy,Hindi,2025-02-11,118,0,1
V01342,C0262,Technology,Spanish,2025-06-28,133,0,0
V01343,C0509,Fashion,Portuguese,2025-04-08,13,1,0
V01344,C0105,Comedy,English,2025-06-15,123,0,0
V01345,C0014,Technology,Portuguese,2025-05-18,134,1,0
V01346,C0541,Music,English,2025-04-03,60,1,0
V01347,C0747,Music,Spanish,2025-03-13,127,1,0
V01348,C0041,Technology,Spanish,2025-05-16,139,0,0
V01349,C0204,Music,Japanese,2025-04-25,31,1,0
V01350,C0723,News,English,2025-02-05,15,1,0
V01351,C0981,Travel,English,2025-03-27,38,1,0
V01352,C0745,Food,Hindi,2025-05-11,83,0,0
V01353,C0942,Education,Japanese,2025-01-21,115,0,0
V01354,C0910,Technology,English,2025-02-05,78,1,0
V01355,C0444,Technology,English,2025-06-12,122,0,0
V01356,C0132,Sports,Hindi,2025-03-10,43,0,0
V01357,C0652,Education,English,2025-03-15,57,1,0
V01358,C0017,Gaming,Hindi,2025-03-24,30,0,1
V01359,C0798,Music,English,2025-02-11,171,0,0
V01360,C0012,Gaming,Spanish,2025-04-10,115,1,0
V01361,C0860,Gaming,Japanese,2025-02-14,171,1,0
V01362,C0364,Gaming,Spanish,2025-03-21,144,1,0
V01363,C0453,Comedy,Portuguese,2025-01-22,19,1,0
V01364,C0149,Technology,English,2025-05-28,54,0,0
V01365,C0558,Music,English,2025-03-03,42,1,0
V01366,C0849,Music,English,2025-01-25,25,1,0
V01367,C0942,Music,English,2025-04-01,10,1,0
V01368,C0611,Music,English,2025-01-22,96,0,0
V01369,C0188,Comedy,English,2025-04-11,125,1,1
V01370,C0859,Food,English,2025-01-27,110,1,1
V01371,C0443,Comedy,Spanish,2025-04-07,67,0,0
V01372,C0273,Music,Hindi,2025-05-29,87,1,0
V01373,C0008,Sports,Japanese,2025-03-12,167,1,0
V01374,C0424,Music,English,2025-05-17,160,0,0
V01375,C0783,Music,Spanish,2025-02-25,57,1,0
V01376,C0251,Gaming,Japanese,2025-04-19,134,0,0
V01377,C0562,Comedy,Japanese,2025-05-21,34,1,0
V01378,C0237,News,English,2025-01-08,110,1,0
V01379,C0815,Music,English,2025-01-16,86,1,0
V01380,C0541,Gaming,Spanish,2025-03-05,89,1,0
V01381,C0247,Travel,English,2025-04-06,128,1,0
V01382,C0262,Fashion,Spanish,2025-01-23,147,0,1
V01383,C0550,Food,Hindi,2025-03-16,139,1,0
V01384,C0514,Comedy,Spanish,2025-02-25,95,1,0
V01385,C0053,Comedy,English,2025-03-30,33,1,0
V01386,C0911,Technology,English,2025-04-27,33,0,0
V01387,C0582,Technology,English,2025-05-23,132,0,0
V01388,C0856,Comedy,English,2025-03-02,128,1,0
V01389,C0746,Comedy,Spanish,2025-05-14,150,1,0
V01390,C0809,Music,Portuguese,2025-06-13,168,1,0
V01391,C0820,Comedy,Hindi,2025-03-28,21,0,0
V01392,C0233,Sports,English,2025-02-13,108,0,0
V01393,C0702,Music,Spanish,2025-04-18,119,1,0
V01394,C0374,Food,Spanish,2025-03-21,42,0,0
V01395,C0347,Food,Portuguese,2025-02-26,132,1,0
V01396,C0706,Gaming,Hindi,2025-06-16,162,1,0
V01397,C0911,Sports,Hindi,2025-03-25,81,1,0
V01398,C0323,Music,English,2025-02-06,138,1,0
V01399,C0752,Food,English,2025-06-16,135,1,0
V01400,C0065,Food,English,2025-01-14,49,1,0
V01401,C0654,Comedy,Spanish,2025-06-23,124,0,0
V01402,C0440,News,Hindi,2025-06-13,47,0,0
V01403,C0366,Food,Hindi,2025-06-05,154,1,0
V01404,C0523,News,English,2025-04-03,148,1,0
V01405,C0102,Music,English,2025-05-12,172,1,0
V01406,C0962,Technology,English,2025-03-13,27,1,0
V01407,C0179,News,Hindi,2025-02-04,25,1,0
V01408,C0256,Technology,English,2025-01-03,40,1,0
V01409,C0792,Gaming,Portuguese,2025-05-11,29,1,0
V01410,C0530,Technology,English,2025-04-06,178,1,0
V01411,C0441,Travel,English,2025-05-11,104,1,0
V01412,C0570,Sports,English,2025-01-21,130,0,0
V01413,C0358,Sports,Spanish,2025-03-18,38,0,0
V01414,C0789,Education,Japanese,2025-03-27,43,1,0
V01415,C0117,Gaming,English,2025-04-12,120,1,0
V01416,C0551,Technology,English,2025-05-08,123,1,0
V01417,C0794,Education,English,2025-05-12,108,0,0
V01418,C0427,Comedy,Japanese,2025-01-17,167,1,0
V01419,C0495,Food,English,2025-01-24,171,0,0
V01420,C0552,Music,Portuguese,2025-01-28,17,1,0
V01421,C0602,News,English,2025-03-18,167,1,0
V01422,C0286,Comedy,English,2025-03-19,46,1,0
V01423,C0751,Comedy,English,2025-05-15,28,1,0
V01424,C0277,Music,Portuguese,2025-04-25,143,1,0
V01425,C0262,News,English,2025-01-20,40,1,0
V01426,C0555,News,English,2025-05-24,24,1,0
V01427,C0970,Food,Portuguese,2025-06-29,160,1,1
V01428,C0071,Comedy,English,2025-06-23,29,1,0
V01429,C0636,Technology,Spanish,2025-02-02,45,0,0
V01430,C0290,Gaming,English,2025-01-13,73,1,0
V01431,C0906,News,English,2025-03-12,117,1,0
V01432,C0745,Food,English,2025-02-08,132,1,0
V01433,C0406,News,English,2025-03-07,174,1,0
V01434,C0135,Music,English,2025-02-08,82,1,0
V01435,C0670,Education,Japanese,2025-04-26,48,0,0
V01436,C0982,Food,Hindi,2025-06-13,19,1,0
V01437,C0881,Gaming,English,2025-03-20,16,1,0
V01438,C0871,Comedy,English,2025-01-24,19,1,0
V01439,C0929,Comedy,English,2025-02-15,18,1,0
V01440,C0202,News,English,2025-06-12,39,1,0
V01441,C0836,Travel,Portuguese,2025-03-24,41,1,0
V01442,C0427,Travel,English,2025-05-21,177,0,0
V01443,C0093,Sports,English,2025-04-07,152,1,0
V01444,C0686,Sports,Spanish,2025-02-24,175,1,0
V01445,C0385,Gaming,English,2025-05-29,116,0,0
V01446,C0359,Music,Japanese,2025-05-19,171,1,0
V01447,C0317,Gaming,Hindi,2025-05-29,27,1,0
V01448,C0482,News,Portuguese,2025-04-23,28,0,0
V01449,C0725,Sports,English,2025-04-26,83,1,0
V01450,C0250,News,English,2025-02-23,46,1,0
V01451,C0054,Education,Spanish,2025-05-27,91,1,0
V01452,C0542,Technology,English,2025-06-03,156,0,0
V01453,C0021,Music,Hindi,2025-06-05,165,0,1
V01454,C0041,Travel,English,2025-05-06,131,1,0
V01455,C0073,News,English,2025-03-19,10,1,0
V01456,C0450,Comedy,English,2025-03-11,82,0,0
V01457,C0778,Comedy,Spanish,2025-04-03,133,1,0
V01458,C0665,Comedy,Japanese,2025-05-10,108,1,0
V01459,C0023,Comedy,English,2025-04-28,152,1,0
V01460,C0501,Music,Portuguese,2025-03-20,138,0,0
V01461,C0454,Music,English,2025-04-05,29,1,0
V01462,C0953,Gaming,English,2025-04-10,148,1,0
V01463,C0795,Food,English,2025-02-24,110,1,0
V01464,C0549,Travel,Japanese,2025-01-29,108,0,0
V01465,C0633,Gaming,Hindi,2025-05-30,82,0,0
V01466,C0711,Comedy,English,2025-03-30,111,1,1
V01467,C0966,Gaming,Spanish,2025-01-21,100,1,0
V01468,C0128,Music,Spanish,2025-01-24,141,1,0
V01469,C0883,Food,Hindi,2025-02-18,133,0,0
V01470,C0878,Music,English,2025-04-06,37,1,0
V01471,C0048,Gaming,English,2025-04-07,164,0,0
V01472,C0120,Food,Hindi,2025-02-14,15,1,0
V01473,C0524,Technology,English,2025-05-03,169,1,0
V01474,C0657,Music,English,2025-01-27,75,0,0
V01475,C0644,News,Hindi,2025-01-06,13,1,1
V01476,C0918,Music,Spanish,2025-01-20,47,1,0
V01477,C0647,Food,English,2025-05-24,105,1,0
V01478,C0696,Education,English,2025-01-11,19,1,0
V01479,C0654,Music,Spanish,2025-06-11,149,0,0
V01480,C0549,Education,English,2025-01-14,167,1,0
V01481,C0848,Technology,Hindi,2025-04-07,134,0,0
V01482,C0477,Gaming,Spanish,2025-05-12,130,1,0
V01483,C0525,Gaming,Portuguese,2025-01-06,138,1,0
V01484,C0002,Fashion,English,2025-02-04,118,1,0
V01485,C0438,Education,Hindi,2025-03-16,106,1,0
V01486,C0965,Travel,Spanish,2025-04-28,72,1,0
V01487,C0655,Comedy,Spanish,2025-05-12,155,0,0
V01488,C0940,Sports,English,2025-03-05,144,1,0
V01489,C0306,Food,English,2025-01-30,152,1,1
V01490,C0871,Music,English,2025-02-28,11,1,0
V01491,C0546,Music,Spanish,2025-05-01,87,1,0
V01492,C0914,Gaming,Spanish,2025-05-02,94,1,1
V01493,C0938,Fashion,English,2025-01-19,123,0,0
V01494,C0905,News,Spanish,2025-05-28,109,1,0
V01495,C0763,News,English,2025-01-15,101,1,0
V01496,C0993,Comedy,Spanish,2025-05-09,162,1,0
V01497,C0237,Food,English,2025-05-26,76,1,0
V01498,C0847,Gaming,Spanish,2025-04-11,119,1,0
V01499,C0189,Music,Japanese,2025-05-30,15,1,0
V01500,C0692,Travel,English,2025-04-06,71,0,0
V01501,C0745,Technology,Hindi,2025-06-03,30,0,0
V01502,C0298,Music,English,2025-04-01,88,0,0
V01503,C0729,Music,English,2025-02-09,176,1,0
V01504,C0646,Comedy,Japanese,2025-02-27,152,1,0
V01505,C0146,Gaming,Spanish,2025-05-09,171,1,0
V01506,C0051,Education,Hindi,2025-04-07,151,0,0
V01507,C0700,Comedy,Spanish,2025-04-06,67,1,1
V01508,C0208,Music,Portuguese,2025-04-09,100,0,0
V01509,C0662,Travel,English,2025-02-20,31,0,0
V01510,C0153,Music,English,2025-04-16,14,1,0
V01511,C0333,Education,Hindi,2025-03-08,93,0,0
V01512,C0867,Music,Hindi,2025-06-07,53,1,0
V01513,C0557,Sports,English,2025-06-16,179,1,0
V01514,C0384,Technology,Hindi,2025-04-15,38,1,0
V01515,C0784,Technology,Portuguese,2025-04-17,91,1,0
V01516,C0370,News,Portuguese,2025-01-04,114,1,0
V01517,C0166,News,Hindi,2025-05-29,73,1,0
V01518,C0571,Technology,Hindi,2025-01-07,62,1,0
V01519,C0921,Technology,English,2025-03-25,176,1,0
V01520,C0206,Education,Spanish,2025-06-20,33,1,0
V01521,C0560,Education,Hindi,2025-06-27,14,1,0
V01522,C0556,Technology,English,2025-01-24,155,1,0
V01523,C0172,Sports,English,2025-03-16,142,1,0
V01524,C0888,Education,Japanese,2025-03-29,64,1,0
V01525,C0830,Comedy,English,2025-03-03,72,0,0
V01526,C0044,Technology,English,2025-06-15,69,1,0
V01527,C0797,Technology,Portuguese,2025-03-15,34,1,0
V01528,C0858,News,Hindi,2025-03-27,102,1,0
V01529,C0427,News,Hindi,2025-03-31,68,1,1
V01530,C0550,Sports,Hindi,2025-01-07,91,1,0
V01531,C0905,Food,Japanese,2025-01-07,27,0,0
V01532,C0331,Music,Portuguese,2025-02-04,154,0,0
V01533,C0178,News,English,2025-04-19,15,0,0
V01534,C0978,Comedy,English,2025-05-09,91,0,1
V01535,C0831,Comedy,Hindi,2025-06-17,140,0,0
V01536,C0022,Technology,English,2025-06-01,173,0,1
V01537,C0410,Music,English,2025-02-28,21,1,0
V01538,C0506,Sports,English,2025-06-21,82,0,0
V01539,C0039,News,Japanese,2025-05-18,60,0,0
V01540,C0227,Sports,English,2025-02-01,88,1,0
V01541,C0476,News,Spanish,2025-04-06,14,1,1
V01542,C0368,Education,English,2025-03-25,92,1,0
V01543,C0867,Technology,Portuguese,2025-01-27,152,1,1
V01544,C0098,Music,Portuguese,2025-03-02,161,1,0
V01545,C0938,Technology,Hindi,2025-05-19,163,1,0
V01546,C0113,Education,English,2025-03-17,84,1,0
V01547,C0073,Sports,Japanese,2025-04-05,31,1,1
V01548,C0268,Comedy,Hindi,2025-05-29,82,1,0
V01549,C0231,Comedy,Spanish,2025-01-22,45,0,0
V01550,C0652,Music,Hindi,2025-04-21,165,0,0
V01551,C0577,Comedy,Spanish,2025-05-12,100,1,0
V01552,C0940,Gaming,English,2025-04-06,24,1,0
V01553,C0135,Travel,Hindi,2025-05-09,95,1,0
V01554,C0405,Comedy,English,2025-04-18,25,0,0
V01555,C0195,Music,Japanese,2025-05-14,66,0,1
V01556,C0052,Technology,Spanish,2025-04-15,57,0,1
V01557,C0220,Technology,Japanese,2025-04-22,82,1,0
V01558,C0115,Music,Hindi,2025-04-02,141,1,0
V01559,C0952,Music,English,2025-04-03,67,1,0
V01560,C1000,Comedy,Hindi,2025-04-20,38,1,0
V01561,C0008,Travel,Spanish,2025-06-15,21,1,0
V01562,C0877,Music,English,2025-01-31,154,0,0
V01563,C0402,Technology,Hindi,2025-04-09,56,0,0
V01564,C0418,Music,Hindi,2025-01-11,135,1,1
V01565,C0299,Sports,English,2025-03-17,101,1,0
V01566,C0919,Music,Japanese,2025-02-21,38,1,0
V01567,C0599,Fashion,Spanish,2025-04-07,100,0,0
V01568,C0312,Comedy,Hindi,2025-04-25,13,1,0
V01569,C0589,Comedy,English,2025-03-15,137,1,0
V01570,C0624,Comedy,English,2025-04-30,167,1,0
V01571,C0438,Sports,Japanese,2025-05-12,178,1,0
V01572,C0873,Education,English,2025-03-10,13,1,0
V01573,C0780,Gaming,Portuguese,2025-05-29,13,1,0
V01574,C0157,Fashion,Japanese,2025-02-25,39,1,0
V01575,C0476,Education,Spanish,2025-03-04,57,1,0
V01576,C0201,Sports,Portuguese,2025-01-12,50,1,0
V01577,C0309,News,English,2025-01-06,17,1,0
V01578,C0314,Education,Japanese,2025-04-25,141,1,0
V01579,C0813,Sports,English,2025-01-09,147,1,0
V01580,C0372,News,Spanish,2025-01-25,180,1,0
V01581,C0327,News,Hindi,2025-06-12,137,0,0
V01582,C0117,Music,Spanish,2025-03-13,130,0,0
V01583,C0013,Comedy,English,2025-03-09,57,0,0
V01584,C0135,Travel,English,2025-06-07,83,1,0
V01585,C0271,Travel,Hindi,2025-05-25,64,0,0
V01586,C0524,Music,English,2025-04-24,133,1,0
V01587,C0421,Education,Hindi,2025-01-06,72,0,0
V01588,C0276,Gaming,Spanish,2025-05-29,65,0,0
V01589,C0254,Gaming,Portuguese,2025-06-23,19,0,0
V01590,C0485,Comedy,Spanish,2025-05-02,125,1,1
V01591,C0858,Food,Spanish,2025-03-08,135,0,0
V01592,C0180,News,Hindi,2025-03-15,119,1,0
V01593,C0240,News,Spanish,2025-01-19,106,0,0
V01594,C0194,Comedy,Spanish,2025-03-25,65,1,0
V01595,C0780,Travel,English,2025-03-09,64,1,0
V01596,C0750,Sports,Spanish,2025-03-11,101,1,0
V01597,C0776,Food,Hindi,2025-03-21,67,0,0
V01598,C0624,Technology,English,2025-03-10,150,0,0
V01599,C0897,Gaming,Hindi,2025-01-11,27,0,0
V01600,C0087,Education,Spanish,2025-05-09,30,1,0
V01601,C0192,Technology,Hindi,2025-02-17,39,1,0
V01602,C0509,Education,Japanese,2025-02-18,153,1,0
V01603,C0126,Music,Spanish,2025-02-15,135,0,0
V01604,C0745,Music,English,2025-05-06,106,1,0
V01605,C0971,Fashion,Spanish,2025-03-02,133,0,0
V01606,C0992,Fashion,Hindi,2025-04-26,85,0,1
V01607,C0149,News,Spanish,2025-01-17,39,1,1
V01608,C0098,News,Hindi,2025-06-26,103,1,0
V01609,C0282,Music,Japanese,2025-05-14,93,1,0
V01610,C0822,Education,Spanish,2025-01-13,87,0,0
V01611,C0086,Music,English,2025-06-18,120,0,0
V01612,C0511,Music,Japanese,2025-03-01,77,1,0
V01613,C0287,Technology,English,2025-01-23,55,1,0
V01614,C0834,Music,English,2025-03-07,49,0,0
V01615,C0190,Gaming,English,2025-02-02,67,1,1
V01616,C0671,News,English,2025-01-04,99,1,0
V01617,C0700,Gaming,Portuguese,2025-04-15,31,1,0
V01618,C0150,Music,Spanish,2025-03-05,120,1,0
V01619,C0798,Music,Spanish,2025-01-08,32,0,0
V01620,C0892,Education,English,2025-03-31,56,1,0
V01621,C0337,Education,Japanese,2025-05-08,65,1,0
V01622,C0503,Comedy,English,2025-06-17,17,1,0
V01623,C0747,News,Hindi,2025-03-24,78,0,0
V01624,C0235,News,English,2025-04-21,122,0,0
V01625,C0865,News,English,2025-04-10,128,1,0
V01626,C0567,Fashion,English,2025-06-25,161,1,0
V01627,C0836,News,English,2025-03-23,109,1,0
V01628,C0157,Sports,Hindi,2025-02-21,180,0,0
V01629,C0834,Technology,Portuguese,2025-01-04,48,1,0
V01630,C0165,Food,English,2025-05-16,174,1,0
V01631,C0123,Sports,English,2025-04-02,141,1,0
V01632,C0969,Comedy,English,2025-04-25,15,1,0
V01633,C0558,Food,Japanese,2025-01-05,130,1,0
V01634,C0051,Sports,English,2025-03-03,128,0,0
V01635,C0512,Fashion,Hindi,2025-03-15,133,0,1
V01636,C0082,Sports,English,2025-04-21,41,1,0
V01637,C0527,News,Japanese,2025-03-17,125,1,0
V01638,C0673,Fashion,English,2025-03-04,75,1,0
V01639,C0849,Comedy,English,2025-04-22,96,0,0
V01640,C0840,Travel,Hindi,2025-01-19,177,1,0
V01641,C0320,Music,English,2025-06-06,97,1,0
V01642,C0632,Travel,Hindi,2025-04-05,84,0,0
V01643,C0434,Gaming,Japanese,2025-01-20,84,1,0
V01644,C0338,Fashion,Hindi,2025-05-15,116,1,0
V01645,C0964,News,Japanese,2025-05-12,97,1,0
V01646,C0277,Comedy,Hindi,2025-02-09,148,0,0
V01647,C0091,Comedy,English,2025-03-07,147,0,0
V01648,C0530,Sports,Portuguese,2025-04-07,110,1,0
V01649,C0984,Education,English,2025-04-08,161,1,0
V01650,C0002,Music,Spanish,2025-06-07,106,1,0
V01651,C0904,Gaming,English,2025-05-29,70,1,0
V01652,C0188,Music,Hindi,2025-05-10,145,0,0
V01653,C0012,Fashion,English,2025-03-07,99,1,0
V01654,C0187,Education,Japanese,2025-02-02,55,1,0
V01655,C0413,Comedy,English,2025-04-30,26,1,1
V01656,C0562,Music,Japanese,2025-02-28,138,1,0
V01657,C0117,Sports,Spanish,2025-03-12,129,1,0
V01658,C0787,Travel,Japanese,2025-03-26,130,1,0
V01659,C0247,Fashion,English,2025-02-09,18,1,1
V01660,C0887,Food,Hindi,2025-04-07,67,1,0
V01661,C0957,Music,Spanish,2025-05-04,130,0,0
V01662,C0798,Gaming,English,2025-06-14,59,1,0
V01663,C0164,Music,Portuguese,2025-06-02,171,1,0
V01664,C0444,Music,Hindi,2025-01-15,180,1,0
V01665,C0064,Education,Hindi,2025-06-13,28,1,0
V01666,C0535,Technology,English,2025-06-15,92,1,0
V01667,C0624,Sports,Spanish,2025-04-15,89,1,0
V01668,C0784,Comedy,Hindi,2025-02-11,84,1,0
V01669,C0329,News,English,2025-02-25,105,1,0
V01670,C0215,Music,Spanish,2025-02-21,96,1,0
V01671,C0444,Gaming,Spanish,2025-01-10,59,1,0
V01672,C0278,Gaming,Spanish,2025-02-27,15,1,0
V01673,C0759,Education,Japanese,2025-04-22,130,1,0
V01674,C0524,Comedy,Portuguese,2025-03-20,137,0,0
V01675,C0076,Music,Japanese,2025-06-06,82,0,0
V01676,C0054,Education,Hindi,2025-02-13,35,0,0
V01677,C0113,Education,Japanese,2025-05-02,96,1,0
V01678,C0278,Fashion,English,2025-05-25,39,1,0
V01679,C0665,Comedy,Japanese,2025-01-18,33,1,0
V01680,C0538,Music,Spanish,2025-05-20,177,1,0
V01681,C0576,News,English,2025-06-13,31,0,0
V01682,C0667,Comedy,Japanese,2025-04-23,103,1,0
V01683,C0433,Music,English,2025-01-19,37,0,0
V01684,C0992,Gaming,Hindi,2025-04-25,47,1,0
V01685,C0608,Fashion,English,2025-03-07,129,1,0
V01686,C0659,Comedy,Spanish,2025-02-23,68,0,0
V01687,C0702,Comedy,Hindi,2025-01-14,107,1,0
V01688,C0625,Education,Spanish,2025-04-20,114,0,0
V01689,C0914,Music,Japanese,2025-06-05,65,1,0
V01690,C0583,Sports,Spanish,2025-04-14,24,1,0
V01691,C0185,Comedy,English,2025-04-03,159,1,0
V01692,C0192,News,Hindi,2025-03-24,80,1,0
V01693,C0425,Technology,Hindi,2025-02-10,178,1,0
V01694,C0449,Music,Japanese,2025-03-09,117,1,0
V01695,C0596,Education,English,2025-06-04,172,0,0
V01696,C0837,Education,English,2025-01-15,107,1,0
V01697,C0609,Food,English,2025-05-07,96,0,0
V01698,C0260,Gaming,Hindi,2025-06-09,155,1,0
V01699,C0062,Comedy,English,2025-02-28,13,1,0
V01700,C0282,Sports,English,2025-04-08,137,0,0
V01701,C0911,Gaming,Hindi,2025-06-06,44,1,0
V01702,C0271,Comedy,English,2025-02-28,86,0,0
V01703,C0864,Music,Spanish,2025-03-26,83,0,0
V01704,C0891,Education,English,2025-05-09,97,1,0
V01705,C0829,Sports,English,2025-04-15,101,1,0
V01706,C0392,Food,English,2025-03-02,169,1,0
V01707,C0624,Music,English,2025-02-08,110,1,0
V01708,C0386,News,Hindi,2025-03-22,81,1,0
V01709,C0470,Music,Spanish,2025-03-20,96,1,0
V01710,C0493,Music,English,2025-02-18,99,0,0
V01711,C0444,Food,Hindi,2025-05-02,68,1,0
V01712,C0537,Comedy,English,2025-04-11,79,1,0
V01713,C0003,Gaming,Hindi,2025-03-30,73,1,0
V01714,C0405,Comedy,Spanish,2025-05-11,150,1,0
V01715,C0786,Travel,English,2025-05-29,11,1,0
V01716,C0465,Music,English,2025-04-17,140,1,0
V01717,C0075,Comedy,English,2025-02-05,120,1,0
V01718,C0429,Food,Hindi,2025-06-21,13,1,1
V01719,C0168,Music,English,2025-01-04,66,1,0
V01720,C0327,Gaming,Portuguese,2025-05-02,92,0,0
V01721,C0962,Comedy,English,2025-05-17,114,1,1
V01722,C0005,Fashion,English,2025-04-11,86,1,0
V01723,C0889,Music,English,2025-06-17,105,1,0
V01724,C0861,Music,Portuguese,2025-02-06,115,1,0
V01725,C0271,Comedy,Japanese,2025-04-23,30,0,1
V01726,C0358,Education,English,2025-04-07,105,1,0
V01727,C0579,Comedy,English,2025-02-11,66,0,0
V01728,C0122,Sports,English,2025-05-09,158,1,0
V01729,C0928,Food,English,2025-06-09,129,0,0
V01730,C0995,Comedy,English,2025-05-25,43,1,0
V01731,C0353,Technology,Japanese,2025-04-01,180,1,0
V01732,C0145,Music,Hindi,2025-02-22,53,1,0
V01733,C0870,Technology,Spanish,2025-05-04,88,0,0
V01734,C0540,News,Hindi,2025-04-14,155,1,0
V01735,C0565,Sports,Spanish,2025-06-07,68,1,0
V01736,C0360,Travel,Spanish,2025-04-30,125,0,0
V01737,C0888,Technology,Japanese,2025-06-15,14,1,0
V01738,C0900,Music,Hindi,2025-05-30,117,0,0
V01739,C0666,Technology,Hindi,2025-06-26,65,1,0
V01740,C0309,Travel,Portuguese,2025-03-26,160,1,0
V01741,C0190,Comedy,English,2025-04-20,91,1,1
V01742,C0554,News,English,2025-05-22,76,0,0
V01743,C0092,Music,Hindi,2025-05-02,160,0,0
V01744,C0076,Music,English,2025-01-12,178,0,0
V01745,C0221,Technology,Spanish,2025-04-12,44,0,0
V01746,C0500,Travel,English,2025-02-08,81,1,0
V01747,C0826,Fashion,Japanese,2025-03-12,36,0,0
V01748,C0007,News,Portuguese,2025-03-31,28,1,0
V01749,C0757,Music,English,2025-01-29,167,1,0
V01750,C0674,Sports,English,2025-02-16,145,0,1
V01751,C0628,Comedy,English,2025-01-30,138,1,0
V01752,C0663,Education,English,2025-05-25,157,0,0
V01753,C0385,Comedy,Japanese,2025-05-14,83,1,0
V01754,C0022,Comedy,Japanese,2025-05-29,117,0,0
V01755,C0081,Sports,Japanese,2025-02-28,164,1,0
V01756,C0760,Technology,English,2025-06-13,144,0,1
V01757,C0235,Music,English,2025-03-26,67,0,0
V01758,C0864,Comedy,Hindi,2025-03-21,164,1,0
V01759,C0662,Music,English,2025-03-03,103,0,0
V01760,C0249,Music,Spanish,2025-06-17,52,0,0
V01761,C0748,Music,English,2025-06-11,162,0,0
V01762,C0097,Sports,Portuguese,2025-06-26,52,1,0
V01763,C0453,Technology,Japanese,2025-01-13,11,1,0
V01764,C0692,Music,English,2025-05-04,111,1,0
V01765,C0042,Comedy,Spanish,2025-02-09,180,0,0
V01766,C0678,Music,English,2025-06-14,78,0,0
V01767,C0644,News,English,2025-03-22,126,1,0
V01768,C0504,Comedy,Spanish,2025-02-21,90,0,0
V01769,C0116,News,English,2025-06-09,108,1,0
V01770,C0300,Music,English,2025-02-25,60,1,1
V01771,C0841,Sports,English,2025-05-06,153,1,0
V01772,C0244,Comedy,English,2025-02-01,139,1,0
V01773,C0396,Music,English,2025-02-19,108,1,1
V01774,C0813,Technology,Spanish,2025-05-14,106,1,0
V01775,C0055,News,English,2025-04-27,166,1,0
V01776,C0986,Sports,Japanese,2025-02-15,89,1,0
V01777,C0340,Education,Hindi,2025-03-20,157,1,0
V01778,C0052,Comedy,English,2025-02-16,138,1,0
V01779,C0592,News,English,2025-01-23,147,1,0
V01780,C0336,Travel,Portuguese,2025-01-30,131,1,0
V01781,C0176,Technology,Spanish,2025-02-07,46,0,1
V01782,C0729,Education,Hindi,2025-01-06,80,1,0
V01783,C0011,Comedy,Portuguese,2025-02-17,94,1,0
V01784,C0591,News,Hindi,2025-06-04,22,1,0
V01785,C0443,Technology,Japanese,2025-06-10,165,1,0
V01786,C0998,Food,Portuguese,2025-03-02,39,0,0
V01787,C0851,Food,Hindi,2025-04-01,53,1,0
V01788,C0499,Gaming,Hindi,2025-04-05,158,1,0
V01789,C0891,News,Hindi,2025-04-19,58,0,0
V01790,C0132,Technology,Spanish,2025-03-26,31,1,0
V01791,C0689,Sports,English,2025-03-23,127,1,0
V01792,C0321,Education,Hindi,2025-05-06,16,1,0
V01793,C0315,Music,English,2025-06-25,55,1,0
V01794,C0241,Education,Hindi,2025-01-08,148,1,0
V01795,C0721,Comedy,Portuguese,2025-02-09,67,1,0
V01796,C0507,Technology,Spanish,2025-01-31,123,0,0
V01797,C0879,Sports,English,2025-02-22,144,0,0
V01798,C0817,Comedy,Portuguese,2025-01-27,44,1,1
V01799,C0722,Comedy,English,2025-01-06,102,1,0
V01800,C0965,Comedy,English,2025-02-20,44,1,1
V01801,C0465,Fashion,English,2025-06-03,110,1,0
V01802,C0544,Education,Japanese,2025-06-06,52,1,0
V01803,C0589,Technology,English,2025-02-23,79,1,0
V01804,C0193,Food,Hindi,2025-05-08,19,0,1
V01805,C0530,Music,English,2025-04-17,133,1,0
V01806,C0492,Music,English,2025-02-04,63,1,0
V01807,C0298,Gaming,Hindi,2025-05-06,123,1,0
V01808,C0240,Music,Hindi,2025-06-15,22,1,0
V01809,C0766,Education,English,2025-01-09,64,0,0
V01810,C0012,Fashion,Portuguese,2025-05-21,39,1,0
V01811,C0885,Travel,Spanish,2025-04-05,71,1,0
V01812,C0113,News,Spanish,2025-06-01,171,1,0
V01813,C0692,Travel,Japanese,2025-01-04,105,0,0
V01814,C0063,Comedy,Hindi,2025-01-11,76,0,0
V01815,C0143,Comedy,English,2025-06-16,103,1,0
V01816,C0991,Music,English,2025-06-24,151,1,1
V01817,C0359,Music,English,2025-01-17,67,0,0
V01818,C0368,Music,English,2025-03-02,161,1,0
V01819,C0612,Education,English,2025-04-27,93,0,1
V01820,C0652,Sports,Spanish,2025-02-27,85,0,1
V01821,C0178,Technology,Portuguese,2025-06-18,155,1,0
V01822,C0836,Sports,Portuguese,2025-01-13,124,0,0
V01823,C0089,Comedy,Spanish,2025-06-24,15,0,0
V01824,C0088,Food,Hindi,2025-03-21,11,1,0
V01825,C0683,Music,English,2025-06-24,88,1,0
V01826,C0739,Fashion,English,2025-03-12,120,0,0
V01827,C0039,Technology,English,2025-05-11,89,0,0
V01828,C0083,Technology,English,2025-05-08,140,1,0
V01829,C0930,Sports,English,2025-06-21,68,0,0
V01830,C0147,Music,Japanese,2025-01-18,77,1,0
V01831,C0755,Food,English,2025-03-19,160,1,1
V01832,C0470,Gaming,Hindi,2025-06-13,30,1,0
V01833,C0362,Gaming,Spanish,2025-05-21,27,1,1
V01834,C0989,Gaming,English,2025-06-13,104,1,0
V01835,C0589,Food,Hindi,2025-01-28,179,1,0
V01836,C0962,Music,Portuguese,2025-02-15,25,0,0
V01837,C0234,Food,English,2025-01-22,48,1,0
V01838,C0340,Comedy,English,2025-04-21,53,0,0
V01839,C0985,Comedy,Spanish,2025-05-23,116,1,0
V01840,C0419,Comedy,Hindi,2025-04-08,124,1,0
V01841,C0596,Music,Portuguese,2025-01-24,57,1,0
V01842,C0668,Sports,English,2025-04-12,53,0,0
V01843,C0444,Music,Hindi,2025-05-09,176,1,0
V01844,C0012,Comedy,Spanish,2025-06-10,106,1,0
V01845,C0852,Comedy,English,2025-04-23,124,1,0
V01846,C0810,Music,English,2025-05-31,79,1,0
V01847,C0183,Technology,English,2025-04-12,141,0,0
V01848,C0373,Comedy,English,2025-02-18,111,0,0
V01849,C0609,Comedy,Hindi,2025-04-07,56,0,0
V01850,C0470,Fashion,English,2025-06-21,121,1,1
V01851,C0404,Sports,English,2025-01-18,43,1,0
V01852,C0421,Sports,English,2025-02-16,56,1,1
V01853,C0681,Comedy,Spanish,2025-04-27,89,0,1
V01854,C0492,Sports,Spanish,2025-01-24,167,1,0
V01855,C0512,Education,Portuguese,2025-05-31,65,1,0
V01856,C0269,Education,English,2025-06-06,48,1,0
V01857,C0871,Sports,English,2025-03-02,86,1,0
V01858,C0194,Sports,Hindi,2025-03-05,78,1,0
V01859,C0078,Technology,English,2025-06-11,164,1,0
V01860,C0674,Music,Portuguese,2025-04-24,41,1,0
V01861,C0014,Food,Hindi,2025-05-24,20,1,0
V01862,C0928,Comedy,Spanish,2025-03-17,45,0,0
V01863,C0887,Music,Portuguese,2025-06-06,80,1,0
V01864,C0838,Fashion,Portuguese,2025-05-26,85,1,0
V01865,C0510,Music,English,2025-05-25,72,1,1
V01866,C0144,Fashion,Portuguese,2025-02-15,47,1,0
V01867,C0523,Education,English,2025-03-24,16,1,0
V01868,C0202,Music,English,2025-02-12,118,0,0
V01869,C0601,News,Spanish,2025-01-29,154,1,0
V01870,C0421,Technology,Hindi,2025-01-21,19,1,0
V01871,C0928,Gaming,English,2025-02-04,94,0,0
V01872,C0596,Education,English,2025-02-11,70,0,0
V01873,C0031,Music,Japanese,2025-02-23,12,1,0
V01874,C0030,Technology,English,2025-03-27,106,1,0
V01875,C0510,Education,Japanese,2025-03-21,37,1,0
V01876,C0910,Gaming,Portuguese,2025-02-19,127,1,0
V01877,C0610,Food,English,2025-06-17,21,1,0
V01878,C0323,News,Spanish,2025-04-25,177,1,0
V01879,C0198,Fashion,Hindi,2025-01-11,170,0,0
V01880,C0202,Technology,English,2025-04-06,14,1,0
V01881,C0792,Music,English,2025-04-14,65,0,0
V01882,C0165,Music,English,2025-03-14,32,1,0
V01883,C0999,Gaming,Portuguese,2025-05-16,110,1,0
V01884,C0566,Sports,Hindi,2025-01-22,114,0,0
V01885,C0707,Fashion,Hindi,2025-03-03,53,1,0
V01886,C0366,Travel,English,2025-04-16,132,0,1
V01887,C0098,Comedy,Spanish,2025-03-24,117,1,0
V01888,C0988,Music,Japanese,2025-04-03,137,1,0
V01889,C0948,Travel,English,2025-05-13,101,1,0
V01890,C0343,Music,English,2025-02-17,81,1,0
V01891,C0990,Gaming,English,2025-02-23,88,1,0
V01892,C0128,Music,Spanish,2025-06-20,53,1,0
V01893,C0528,Comedy,Spanish,2025-06-02,31,1,0
V01894,C0688,Comedy,English,2025-01-29,18,1,0
V01895,C0751,Music,Hindi,2025-03-12,117,1,0
V01896,C0705,Travel,English,2025-04-03,145,1,0
V01897,C0407,Food,Japanese,2025-05-19,101,1,0
V01898,C0147,Sports,English,2025-03-13,79,1,0
V01899,C0860,Gaming,English,2025-06-09,116,1,0
V01900,C0864,Music,Hindi,2025-03-01,74,1,0
V01901,C0153,Comedy,English,2025-01-05,31,1,1
V01902,C0144,Sports,English,2025-05-06,159,1,0
V01903,C0507,Education,English,2025-06-25,55,1,0
V01904,C0478,Sports,English,2025-04-28,97,1,0
V01905,C0798,Education,Portuguese,2025-01-07,69,1,0
V01906,C0194,Technology,Japanese,2025-06-13,123,0,1
V01907,C0169,Technology,English,2025-05-24,55,1,0
V01908,C0233,News,Hindi,2025-05-09,52,0,0
V01909,C0084,Gaming,Hindi,2025-06-05,61,0,0
V01910,C0702,Technology,English,2025-01-11,73,0,0
V01911,C0135,Education,Japanese,2025-05-15,65,1,0
V01912,C0335,Education,English,2025-06-28,15,1,0
V01913,C0875,Education,Japanese,2025-06-03,131,1,0
V01914,C0568,Sports,Hindi,2025-05-11,23,1,0
V01915,C0354,Music,English,2025-02-16,31,1,0
V01916,C0901,Sports,Portuguese,2025-02-19,56,1,0
V01917,C0051,Sports,English,2025-04-18,49,0,1
V01918,C0979,Travel,English,2025-03-16,88,1,0
V01919,C0726,Comedy,Hindi,2025-03-02,13,1,0
V01920,C0420,Comedy,English,2025-05-05,21,1,0
V01921,C0877,Education,English,2025-05-17,43,1,0
V01922,C0181,Gaming,Spanish,2025-03-12,102,1,0
V01923,C0532,Sports,English,2025-06-25,169,1,0
V01924,C0805,Gaming,Hindi,2025-06-07,161,1,0
V01925,C0483,Comedy,Spanish,2025-05-14,74,0,1
V01926,C0539,Sports,English,2025-01-24,81,1,0
V01927,C0122,Food,Japanese,2025-04-14,36,1,0
V01928,C0018,Gaming,English,2025-06-18,62,1,0
V01929,C0884,Sports,Japanese,2025-02-15,37,1,0
V01930,C0860,Education,Spanish,2025-06-16,124,1,1
V01931,C0925,Travel,English,2025-03-27,103,1,1
V01932,C0829,Food,Hindi,2025-03-17,81,1,0
V01933,C0283,Travel,English,2025-01-02,31,0,0
V01934,C0252,Music,English,2025-06-26,85,1,0
V01935,C0057,Comedy,Hindi,2025-03-18,24,1,0
V01936,C0724,Sports,English,2025-06-28,86,1,0
V01937,C0743,Sports,English,2025-02-19,51,0,0
V01938,C0895,Travel,English,2025-02-28,141,1,0
V01939,C0584,Food,Japanese,2025-01-18,43,0,0
V01940,C0885,Technology,Hindi,2025-06-09,126,1,0
V01941,C0950,Comedy,English,2025-05-27,153,1,0
V01942,C0797,Travel,English,2025-02-15,91,1,1
V01943,C0194,Technology,English,2025-02-27,144,1,1
V01944,C0977,Sports,English,2025-02-10,39,1,0
V01945,C0065,Gaming,Spanish,2025-06-16,114,1,0
V01946,C0016,Travel,Portuguese,2025-06-22,87,1,0
V01947,C0039,Education,Portuguese,2025-02-01,29,1,0
V01948,C0860,Food,English,2025-06-27,76,1,0
V01949,C0473,Sports,Hindi,2025-03-27,147,1,0
V01950,C0801,Travel,Portuguese,2025-05-03,127,1,1
V01951,C0994,Gaming,English,2025-03-03,175,0,0
V01952,C0899,Sports,Hindi,2025-06-20,126,1,0
V01953,C0112,Food,Hindi,2025-06-07,40,1,0
V01954,C0142,Technology,English,2025-05-29,31,1,0
V01955,C0190,Sports,English,2025-05-06,99,1,0
V01956,C0337,Comedy,Hindi,2025-03-20,159,1,0
V01957,C0627,Comedy,Japanese,2025-06-03,24,1,0
V01958,C0984,Gaming,English,2025-01-07,180,0,0
V01959,C0597,Comedy,Spanish,2025-02-23,155,0,0
V01960,C0571,Music,English,2025-06-18,64,1,0
V01961,C0001,Education,Hindi,2025-01-16,26,0,0
V01962,C0473,Music,Portuguese,2025-06-09,134,1,0
V01963,C0057,Food,Hindi,2025-06-01,171,1,0
V01964,C0045,Music,English,2025-04-06,112,1,0
V01965,C0644,Technology,English,2025-04-02,171,0,0
V01966,C0298,Music,English,2025-05-24,135,1,0
V01967,C0227,Comedy,Portuguese,2025-03-22,43,1,0
V01968,C0521,Music,Portuguese,2025-06-29,71,1,0
V01969,C0906,Comedy,Portuguese,2025-06-13,65,1,0
V01970,C0997,Food,Spanish,2025-03-06,44,1,0
V01971,C0253,Sports,English,2025-05-20,162,0,0
V01972,C0101,Music,Portuguese,2025-03-24,109,1,0
V01973,C0557,Comedy,English,2025-06-20,63,0,0
V01974,C0958,Technology,Spanish,2025-06-28,75,1,0
V01975,C0809,Sports,English,2025-06-09,141,1,0
V01976,C0205,News,Hindi,2025-01-20,120,1,0
V01977,C0109,Technology,Hindi,2025-06-10,32,1,0
V01978,C0443,News,English,2025-02-01,76,1,0
V01979,C0028,Comedy,English,2025-05-16,113,0,0
V01980,C0306,Travel,Hindi,2025-02-20,38,0,0
V01981,C0084,Travel,English,2025-04-09,88,1,0
V01982,C0836,Comedy,English,2025-01-13,139,1,0
V01983,C0934,Technology,Hindi,2025-03-10,158,1,0
V01984,C0626,Comedy,Spanish,2025-03-23,149,0,0
V01985,C0555,Fashion,Portuguese,2025-04-27,139,0,0
V01986,C0625,Technology,Hindi,2025-05-22,31,1,0
V01987,C0604,Food,English,2025-06-07,128,1,0
V01988,C0602,Technology,Spanish,2025-04-17,68,0,0
V01989,C0268,Education,Portuguese,2025-05-24,120,1,0
V01990,C0805,Comedy,English,2025-03-05,94,1,1
V01991,C0545,Sports,English,2025-03-30,70,1,1
V01992,C0838,Fashion,Spanish,2025-05-15,13,0,0
V01993,C0795,Sports,Japanese,2025-01-06,34,1,0
V01994,C0023,Food,English,2025-05-28,15,1,0
V01995,C0476,Comedy,Hindi,2025-01-11,111,0,0
V01996,C0308,Food,Spanish,2025-05-05,106,1,0
V01997,C0356,Comedy,English,2025-05-05,127,1,1
V01998,C0561,Technology,Spanish,2025-02-05,149,0,0
V01999,C0327,Gaming,English,2025-05-03,110,1,0
V02000,C0454,Comedy,English,2025-03-28,160,1,0
V02001,C0123,Comedy,English,2025-06-03,85,0,1
V02002,C0197,Music,Hindi,2025-05-05,126,1,0
V02003,C0453,Music,Spanish,2025-01-27,37,0,0
V02004,C0394,Sports,Japanese,2025-01-01,56,1,1
V02005,C0136,News,English,2025-03-19,80,1,0
V02006,C0938,Fashion,English,2025-02-08,164,0,1
V02007,C0605,Fashion,English,2025-05-03,41,1,0
V02008,C0320,Food,English,2025-03-01,156,1,0
V02009,C0318,Travel,English,2025-03-02,120,1,0
V02010,C0099,Comedy,Spanish,2025-04-22,132,0,0
V02011,C0774,Comedy,English,2025-01-16,123,1,0
V02012,C0614,Sports,Portuguese,2025-01-22,123,1,0
V02013,C0061,Sports,English,2025-01-31,107,1,0
V02014,C0535,Comedy,Portuguese,2025-02-18,172,0,0
V02015,C0505,Comedy,English,2025-04-11,93,0,0
V02016,C0336,Comedy,English,2025-05-19,64,1,0
V02017,C0883,Travel,Japanese,2025-05-30,34,1,0
V02018,C0750,Music,Hindi,2025-06-11,53,1,0
V02019,C0319,Fashion,Hindi,2025-05-07,175,1,0
V02020,C0290,Fashion,English,2025-05-29,33,1,0
V02021,C0368,Food,Portuguese,2025-01-26,59,1,0
V02022,C0300,Food,Spanish,2025-06-14,56,1,0
V02023,C0527,News,Hindi,2025-04-26,16,1,0
V02024,C0859,Gaming,Hindi,2025-05-14,179,1,0
V02025,C0754,Comedy,Hindi,2025-03-21,31,1,0
V02026,C0165,Music,Spanish,2025-06-03,64,1,0
V02027,C0103,Travel,English,2025-03-04,65,1,1
V02028,C0830,News,English,2025-03-29,64,1,0
V02029,C0806,Gaming,English,2025-04-03,83,0,1
V02030,C0631,Music,English,2025-06-19,80,1,0
V02031,C0813,Education,Spanish,2025-05-23,40,1,0
V02032,C0736,Music,English,2025-01-26,12,1,0
V02033,C0037,Gaming,Spanish,2025-02-20,34,1,0
V02034,C0602,News,English,2025-02-03,48,1,0
V02035,C0783,News,English,2025-05-14,38,1,0
V02036,C0454,Sports,English,2025-04-26,43,1,0
V02037,C0514,Music,Hindi,2025-06-10,154,0,0
V02038,C0949,Music,English,2025-03-05,50,1,0
V02039,C0800,Music,English,2025-06-05,90,1,1
V02040,C0183,Music,Hindi,2025-02-24,22,0,0
V02041,C0723,Music,English,2025-02-08,70,1,0
V02042,C0364,Food,Japanese,2025-01-17,48,1,0
V02043,C0885,Comedy,Japanese,2025-03-22,29,1,0
V02044,C0912,Technology,Spanish,2025-03-13,148,1,0
V02045,C0398,Sports,English,2025-02-05,67,1,0
V02046,C0728,Music,English,2025-03-18,150,0,0
V02047,C0359,Comedy,Hindi,2025-06-20,151,1,0
V02048,C0607,Music,English,2025-03-15,88,1,0
V02049,C0949,Education,Hindi,2025-06-12,95,1,0
V02050,C0956,Gaming,Spanish,2025-06-21,175,1,0
V02051,C0912,Music,English,2025-04-21,17,1,0
V02052,C0296,Comedy,English,2025-02-13,152,1,0
V02053,C0075,Sports,Japanese,2025-01-05,99,1,0
V02054,C0251,Travel,English,2025-01-05,38,1,0
V02055,C0846,Travel,English,2025-06-29,144,0,0
V02056,C0027,Music,English,2025-04-19,129,0,0
V02057,C0354,Food,Hindi,2025-05-06,26,1,0
V02058,C0414,Music,English,2025-04-29,86,0,0
V02059,C0204,Music,Japanese,2025-05-02,177,0,1
V02060,C0118,Comedy,Hindi,2025-02-14,141,0,0
V02061,C0393,Comedy,Spanish,2025-06-26,169,1,0
V02062,C0955,Comedy,English,2025-01-18,115,1,0
V02063,C0578,Gaming,Spanish,2025-03-31,47,0,0
V02064,C0591,Education,English,2025-02-08,105,0,0
V02065,C0647,Gaming,English,2025-02-20,163,1,0
V02066,C0455,Food,English,2025-05-17,169,1,0
V02067,C0812,Gaming,English,2025-06-15,154,0,0
V02068,C0120,Comedy,Hindi,2025-02-02,149,1,0
V02069,C0180,News,Hindi,2025-01-10,69,0,0
V02070,C0742,Comedy,Spanish,2025-03-19,73,1,1
V02071,C0324,Education,Japanese,2025-05-01,152,1,0
V02072,C0887,Comedy,English,2025-03-25,173,1,0
V02073,C0055,Education,English,2025-04-27,143,0,1
V02074,C0363,Travel,Portuguese,2025-02-20,131,0,0
V02075,C0092,Technology,Spanish,2025-01-29,109,0,1
V02076,C0623,Education,Portuguese,2025-01-18,72,1,0
V02077,C0382,Technology,Hindi,2025-03-13,128,1,0
V02078,C0570,News,Spanish,2025-02-03,10,1,0
V02079,C0842,Music,English,2025-04-21,163,1,0
V02080,C0419,Technology,Portuguese,2025-01-23,106,1,0
V02081,C0164,Travel,Hindi,2025-01-03,163,0,0
V02082,C0536,Music,Portuguese,2025-05-20,36,0,0
V02083,C0716,News,Hindi,2025-04-13,138,0,0
V02084,C0945,Comedy,English,2025-03-26,147,1,0
V02085,C0166,Music,Hindi,2025-05-31,111,0,0
V02086,C0711,Music,Japanese,2025-06-28,101,1,0
V02087,C0373,Education,Hindi,2025-03-30,53,1,0
V02088,C0859,Music,Hindi,2025-06-10,154,1,0
V02089,C0811,Travel,English,2025-05-11,96,0,0
V02090,C0935,Sports,Hindi,2025-04-06,68,1,0
V02091,C0059,Gaming,Hindi,2025-01-24,98,1,0
V02092,C0591,Fashion,English,2025-02-13,175,0,0
V02093,C0255,Comedy,Spanish,2025-05-19,107,0,0
V02094,C0557,Music,English,2025-02-09,138,1,0
V02095,C0112,Gaming,Hindi,2025-02-07,54,1,1
V02096,C0879,Food,Hindi,2025-06-17,94,1,0
V02097,C0937,Fashion,English,2025-06-07,125,1,0
V02098,C0129,Music,Portuguese,2025-06-01,21,1,0
V02099,C0530,Sports,Japanese,2025-02-21,73,1,0
V02100,C0936,Gaming,English,2025-02-25,130,1,0
V02101,C0373,Technology,English,2025-05-25,22,1,0
V02102,C0553,Technology,Hindi,2025-04-06,12,0,0
V02103,C0199,Comedy,Hindi,2025-03-16,177,0,0
V02104,C0245,Travel,English,2025-01-26,80,1,1
V02105,C0738,Sports,Hindi,2025-03-25,131,1,0
V02106,C0300,Technology,Japanese,2025-06-16,75,1,0
V02107,C0756,Music,Spanish,2025-02-10,28,1,0
V02108,C0017,Education,Hindi,2025-04-27,68,0,0
V02109,C0053,Travel,English,2025-02-11,26,1,0
V02110,C0397,Food,English,2025-06-10,21,0,0
V02111,C0952,Travel,English,2025-02-24,168,1,0
V02112,C0854,News,English,2025-05-22,15,0,0
V02113,C0510,Technology,Japanese,2025-05-12,10,1,0
V02114,C0546,Comedy,English,2025-02-06,19,1,0
V02115,C0429,News,Spanish,2025-03-23,57,1,0
V02116,C0630,Gaming,Spanish,2025-02-05,147,1,0
V02117,C0768,Travel,English,2025-03-21,23,0,0
V02118,C0154,News,Spanish,2025-06-03,115,1,0
V02119,C0411,Music,English,2025-01-29,170,1,1
V02120,C0491,Gaming,English,2025-01-06,47,1,0
V02121,C0145,Comedy,English,2025-02-26,68,1,0
V02122,C0803,Comedy,Hindi,2025-02-20,115,0,0
V02123,C0894,Music,Hindi,2025-02-15,48,1,0
V02124,C0946,Food,Spanish,2025-04-30,61,1,0
V02125,C0128,Technology,Hindi,2025-03-29,132,1,1
V02126,C0432,Fashion,English,2025-06-26,39,1,0
V02127,C0578,Education,Spanish,2025-02-18,142,0,0
V02128,C0919,Music,Hindi,2025-03-13,119,1,0
V02129,C0709,Music,Japanese,2025-04-24,35,1,0
V02130,C0567,News,Spanish,2025-05-13,172,1,0
V02131,C0066,Fashion,English,2025-05-06,39,0,0
V02132,C0031,Fashion,Hindi,2025-03-30,95,0,1
V02133,C0289,Food,Portuguese,2025-01-17,134,0,0
V02134,C0469,Sports,Japanese,2025-01-03,36,1,0
V02135,C0431,Food,English,2025-04-02,143,1,0
V02136,C0338,Education,English,2025-01-26,17,1,1
V02137,C0625,Gaming,Spanish,2025-06-19,104,0,0
V02138,C0174,Sports,English,2025-03-04,45,0,0
V02139,C0015,Gaming,English,2025-05-15,109,1,0
V02140,C0601,Fashion,Spanish,2025-03-19,81,0,1
V02141,C0013,Travel,Hindi,2025-05-14,153,1,0
V02142,C0531,Comedy,English,2025-02-11,95,0,0
V02143,C0594,Travel,Hindi,2025-05-19,119,1,1
V02144,C0241,Gaming,Spanish,2025-03-16,132,1,0
V02145,C0117,News,Japanese,2025-05-18,68,1,0
V02146,C0605,Sports,English,2025-03-24,160,0,0
V02147,C0183,Technology,English,2025-05-23,149,0,0
V02148,C0225,Sports,English,2025-04-26,168,1,1
V02149,C0348,Fashion,English,2025-02-19,58,1,0
V02150,C0160,Music,Spanish,2025-01-15,17,1,0
V02151,C0794,Education,Spanish,2025-01-19,92,0,0
V02152,C0878,Music,English,2025-04-19,144,1,0
V02153,C0154,Gaming,English,2025-01-12,158,0,0
V02154,C0386,Education,English,2025-01-11,157,1,1
V02155,C0858,Sports,Spanish,2025-03-06,37,1,0
V02156,C0162,Gaming,Hindi,2025-02-15,62,0,0
V02157,C0761,Food,English,2025-04-02,139,1,0
V02158,C0806,Music,English,2025-06-26,144,1,0
V02159,C0295,Fashion,Spanish,2025-03-10,149,1,0
V02160,C0265,Technology,Hindi,2025-04-28,145,0,0
V02161,C0545,Fashion,Japanese,2025-05-11,144,1,1
V02162,C0470,Music,English,2025-06-05,95,1,0
V02163,C0077,News,Spanish,2025-04-27,31,0,1
V02164,C0040,Comedy,English,2025-05-18,23,1,0
V02165,C0879,Food,English,2025-05-26,35,1,0
V02166,C0403,Music,English,2025-06-07,88,0,0
V02167,C0900,Travel,Hindi,2025-01-09,71,1,0
V02168,C0039,Travel,English,2025-01-02,47,1,0
V02169,C0660,Food,Hindi,2025-02-19,149,1,0
V02170,C0303,Travel,Hindi,2025-04-08,129,0,0
V02171,C0860,Technology,English,2025-05-01,152,1,0
V02172,C0572,Education,Japanese,2025-03-15,39,1,0
V02173,C0555,Music,English,2025-02-28,165,1,0
V02174,C0518,Travel,English,2025-03-18,74,1,0
V02175,C0625,Music,Hindi,2025-05-11,60,0,0
V02176,C0418,Technology,English,2025-03-14,151,1,0
V02177,C0897,Education,English,2025-01-26,140,1,0
V02178,C0217,Technology,Spanish,2025-06-23,138,0,0
V02179,C0997,Music,Spanish,2025-04-19,84,1,0
V02180,C0989,Technology,English,2025-01-08,83,1,0
V02181,C0006,Sports,Hindi,2025-04-23,63,0,0
V02182,C0292,Sports,English,2025-02-04,125,0,0
V02183,C0623,Music,Portuguese,2025-02-20,108,0,0
V02184,C0352,Food,Spanish,2025-02-02,175,1,1
V02185,C0381,Comedy,Portuguese,2025-04-08,32,1,0
V02186,C0140,Fashion,English,2025-04-06,139,1,1
V02187,C0070,Fashion,English,2025-03-07,176,1,0
V02188,C0582,Technology,English,2025-06-20,65,1,0
V02189,C0455,Technology,English,2025-04-01,174,1,1
V02190,C0880,News,English,2025-01-26,117,1,0
V02191,C0989,Technology,Hindi,2025-01-18,146,1,1
V02192,C0458,News,English,2025-03-03,83,1,0
V02193,C0004,Fashion,English,2025-05-18,135,1,0
V02194,C0380,Food,Hindi,2025-04-13,70,0,1
V02195,C0561,Gaming,Hindi,2025-03-26,39,1,0
V02196,C0753,Food,Portuguese,2025-01-28,98,1,0
V02197,C0078,Fashion,Spanish,2025-02-20,106,0,0
V02198,C0461,Music,Hindi,2025-01-23,162,0,0
V02199,C0412,Food,English,2025-03-02,93,1,0
V02200,C0321,Food,Hindi,2025-01-09,69,1,0
V02201,C0514,Comedy,English,2025-01-25,12,0,0
V02202,C0769,News,English,2025-04-07,88,0,0
V02203,C0462,Food,Portuguese,2025-06-19,12,1,0
V02204,C0980,Technology,English,2025-06-12,53,1,0
V02205,C0155,Travel,Hindi,2025-02-24,177,1,0
V02206,C0003,Music,Hindi,2025-05-26,84,0,1
V02207,C0331,Education,English,2025-03-12,172,1,0
V02208,C0203,News,Spanish,2025-06-29,51,1,0
V02209,C0620,Education,Portuguese,2025-03-25,31,1,0
V02210,C0458,Technology,Japanese,2025-02-24,19,1,0
V02211,C0968,Sports,Portuguese,2025-06-25,174,0,0
V02212,C0250,Sports,Spanish,2025-06-20,152,1,0
V02213,C0593,Technology,English,2025-02-21,128,1,0
V02214,C0454,Music,English,2025-04-30,112,1,0
V02215,C0242,Gaming,Spanish,2025-06-11,98,1,0
V02216,C0030,Travel,Portuguese,2025-05-28,72,0,0
V02217,C0449,Music,Hindi,2025-06-29,148,0,0
V02218,C0680,Comedy,English,2025-02-21,134,0,0
V02219,C0505,Food,English,2025-04-11,20,1,0
V02220,C0375,Education,Japanese,2025-03-02,116,1,0
V02221,C0998,Travel,English,2025-03-26,140,1,0
V02222,C0468,Food,Hindi,2025-06-23,59,0,0
V02223,C0899,Fashion,Portuguese,2025-02-02,142,1,0
V02224,C0020,Comedy,English,2025-03-03,113,1,0
V02225,C0283,Gaming,English,2025-05-24,94,1,1
V02226,C0307,Music,Japanese,2025-04-06,123,1,0
V02227,C0680,Music,English,2025-05-29,58,1,1
V02228,C0786,Fashion,English,2025-01-30,123,0,1
V02229,C0578,Music,Hindi,2025-04-18,115,0,0
V02230,C0494,Music,Spanish,2025-06-15,180,0,0
V02231,C0126,Fashion,Hindi,2025-06-29,50,0,0
V02232,C0296,Comedy,Spanish,2025-05-08,109,0,0
V02233,C0351,Music,English,2025-05-04,78,1,0
V02234,C0143,Gaming,Spanish,2025-06-04,17,1,0
V02235,C0956,Music,English,2025-03-27,157,1,0
V02236,C0110,Sports,Hindi,2025-01-11,153,1,0
V02237,C0324,Comedy,English,2025-02-06,41,0,1
V02238,C0174,Education,Spanish,2025-01-29,71,1,0
V02239,C0416,Sports,Spanish,2025-01-11,111,1,0
V02240,C0045,Sports,English,2025-02-14,137,1,0
V02241,C0511,Technology,English,2025-02-05,60,0,0
V02242,C0494,Gaming,Spanish,2025-01-07,40,1,0
V02243,C0673,Comedy,English,2025-04-02,108,1,0
V02244,C0345,Education,Hindi,2025-02-20,156,1,0
V02245,C0273,Education,English,2025-02-01,113,0,0
V02246,C0585,Food,English,2025-05-18,76,1,0
V02247,C0232,Music,English,2025-04-01,48,1,0
V02248,C0659,Fashion,Hindi,2025-03-26,38,0,0
V02249,C0501,Music,Japanese,2025-01-23,94,1,0
V02250,C0805,Gaming,English,2025-06-23,94,0,0
V02251,C0824,Education,English,2025-04-07,57,1,0
V02252,C0520,Technology,English,2025-01-08,78,1,0
V02253,C0896,Music,English,2025-03-27,144,1,1
V02254,C0397,Comedy,Hindi,2025-03-11,144,0,0
V02255,C0130,Music,Hindi,2025-05-18,42,1,0
V02256,C0221,Food,English,2025-04-19,157,1,0
V02257,C0534,Music,Hindi,2025-04-05,163,0,0
V02258,C0506,Comedy,English,2025-03-30,112,1,0
V02259,C0555,Music,Hindi,2025-04-06,29,0,0
V02260,C0238,Travel,Japanese,2025-01-22,94,1,0
V02261,C0624,Education,Spanish,2025-06-14,177,1,0
V02262,C0120,Technology,Hindi,2025-05-20,81,1,0
V02263,C0549,Music,Portuguese,2025-06-18,141,1,0
V02264,C0422,Gaming,Hindi,2025-01-29,122,1,0
V02265,C0213,Comedy,Spanish,2025-01-25,17,1,0
V02266,C0258,Comedy,Hindi,2025-03-09,113,1,0
V02267,C0497,Technology,Hindi,2025-01-19,178,0,0
V02268,C0927,Food,Spanish,2025-02-09,59,0,1
V02269,C0560,Fashion,Spanish,2025-06-18,168,1,0
V02270,C0929,Technology,English,2025-02-25,135,1,0
V02271,C0159,News,English,2025-02-05,63,0,0
V02272,C0875,Travel,Spanish,2025-06-12,46,1,0
V02273,C0484,Music,English,2025-02-02,26,0,0
V02274,C0845,Comedy,Portuguese,2025-05-26,143,0,0
V02275,C0066,Music,English,2025-04-09,54,1,0
V02276,C0755,Technology,Hindi,2025-06-09,174,1,0
V02277,C0768,Fashion,Japanese,2025-02-22,114,1,0
V02278,C0357,Music,English,2025-04-20,71,0,1
V02279,C0687,Technology,Portuguese,2025-06-22,117,1,1
V02280,C0210,Comedy,Spanish,2025-05-09,63,1,0
V02281,C0579,Travel,English,2025-04-24,55,1,0
V02282,C0209,Education,English,2025-02-11,50,1,0
V02283,C0601,News,English,2025-04-24,123,1,0
V02284,C0498,Music,Japanese,2025-01-01,21,1,0
V02285,C0711,Fashion,Portuguese,2025-04-13,80,1,0
V02286,C0794,Music,English,2025-05-29,43,1,0
V02287,C0869,Education,Japanese,2025-04-21,145,1,1
V02288,C0561,News,Hindi,2025-02-05,65,1,0
V02289,C0032,Education,Portuguese,2025-03-22,26,0,0
V02290,C0112,Music,Hindi,2025-06-28,80,0,0
V02291,C0178,News,English,2025-01-15,142,1,0
V02292,C0703,Comedy,English,2025-02-17,36,1,0
V02293,C0475,Technology,Spanish,2025-05-30,161,1,0
V02294,C0020,News,Hindi,2025-04-07,117,1,0
V02295,C0282,Music,Hindi,2025-05-12,78,1,0
V02296,C0255,Sports,Hindi,2025-01-19,56,0,0
V02297,C0064,Fashion,Japanese,2025-06-22,156,1,1
V02298,C0404,Travel,English,2025-03-05,37,1,0
V02299,C0504,Education,Japanese,2025-01-06,50,1,0
V02300,C0701,Education,Hindi,2025-02-25,82,1,0
V02301,C0809,Food,Hindi,2025-05-13,95,0,1
V02302,C0247,Sports,English,2025-05-13,139,0,1
V02303,C0856,Comedy,Spanish,2025-01-24,124,0,0
V02304,C0039,Gaming,English,2025-03-18,73,1,0
V02305,C0371,Fashion,Hindi,2025-03-14,114,1,0
V02306,C0207,Technology,Spanish,2025-04-25,169,1,0
V02307,C0909,News,Portuguese,2025-01-21,54,1,0
V02308,C0623,Music,Spanish,2025-06-12,96,1,0
V02309,C0242,Food,English,2025-03-04,73,1,0
V02310,C0072,Music,English,2025-01-30,19,1,0
V02311,C0957,Technology,Spanish,2025-01-06,180,0,0
V02312,C0064,Sports,Hindi,2025-01-16,131,0,0
V02313,C0960,News,English,2025-03-31,129,0,1
V02314,C0902,Sports,Hindi,2025-06-11,155,0,0
V02315,C0090,Comedy,Portuguese,2025-05-18,97,1,0
V02316,C0169,Music,Japanese,2025-05-09,80,1,0
V02317,C0666,Education,Portuguese,2025-04-04,141,0,0
V02318,C0474,Comedy,Hindi,2025-03-30,26,1,0
V02319,C0902,News,Portuguese,2025-05-03,152,0,0
V02320,C0765,Travel,English,2025-02-22,66,1,0
V02321,C0589,Fashion,Portuguese,2025-04-26,31,0,0
V02322,C0944,Gaming,English,2025-05-08,138,1,0
V02323,C0707,News,English,2025-01-02,49,1,0
V02324,C0570,News,Hindi,2025-03-05,110,1,0
V02325,C0934,Music,English,2025-01-09,27,0,0
V02326,C0118,News,English,2025-05-08,18,1,0
V02327,C0074,Sports,Hindi,2025-05-01,156,0,0
V02328,C0541,Fashion,Hindi,2025-03-29,58,1,0
V02329,C0612,Travel,Portuguese,2025-03-05,54,0,0
V02330,C0153,Gaming,Japanese,2025-05-23,66,1,1
V02331,C0861,Comedy,Portuguese,2025-05-23,53,1,0
V02332,C0123,Comedy,English,2025-06-26,109,0,0
V02333,C0097,Education,English,2025-06-04,145,1,1
V02334,C0276,Technology,Hindi,2025-04-21,141,1,0
V02335,C0465,Food,Hindi,2025-01-26,172,0,0
V02336,C0016,Fashion,English,2025-02-11,112,1,0
V02337,C0023,Technology,Portuguese,2025-06-17,90,1,0
V02338,C0191,Comedy,Hindi,2025-01-10,53,0,0
V02339,C0740,Fashion,Hindi,2025-06-05,127,1,0
V02340,C0634,Education,Portuguese,2025-05-05,94,1,0
V02341,C0715,Fashion,English,2025-02-24,67,1,1
V02342,C0765,Music,Hindi,2025-03-04,166,1,0
V02343,C0932,Gaming,English,2025-06-04,60,1,1
V02344,C0809,News,Japanese,2025-01-11,68,1,0
V02345,C0531,Music,Spanish,2025-05-25,55,0,0
V02346,C0400,Food,English,2025-01-14,87,1,0
V02347,C0688,Gaming,English,2025-04-17,40,1,0
V02348,C0239,Education,Japanese,2025-04-27,28,1,0
V02349,C0187,Music,Japanese,2025-03-16,151,1,0
V02350,C0223,Food,English,2025-01-18,172,1,0
V02351,C0149,Travel,English,2025-03-19,47,1,0
V02352,C0061,Sports,English,2025-02-19,135,1,0
V02353,C0523,Gaming,English,2025-02-04,125,0,0
V02354,C0255,Comedy,Spanish,2025-02-16,131,0,0
V02355,C0811,Food,Hindi,2025-05-30,84,0,1
V02356,C0923,Music,English,2025-06-18,50,0,0
V02357,C0789,Education,Japanese,2025-03-19,117,1,0
V02358,C0489,Travel,Portuguese,2025-01-18,90,1,0
V02359,C0495,Music,English,2025-01-04,69,1,0
V02360,C0929,Comedy,English,2025-06-15,19,1,1
V02361,C0092,Comedy,Hindi,2025-02-10,22,1,0
V02362,C0573,Fashion,English,2025-02-01,10,1,0
V02363,C0864,News,Hindi,2025-03-17,36,1,0
V02364,C0108,Education,Hindi,2025-06-01,51,1,0
V02365,C0057,Technology,Portuguese,2025-03-20,110,1,0
V02366,C0143,Gaming,Japanese,2025-02-25,103,1,0
V02367,C0494,Comedy,Hindi,2025-05-06,158,1,0
V02368,C0163,News,English,2025-05-27,23,1,0
V02369,C0969,Comedy,Hindi,2025-05-08,130,1,0
V02370,C0543,Fashion,English,2025-01-30,75,0,0
V02371,C0186,Music,English,2025-01-24,84,0,0
V02372,C0060,Music,English,2025-02-27,75,1,0
V02373,C0919,Comedy,Hindi,2025-04-06,13,1,0
V02374,C0801,News,Japanese,2025-06-05,27,1,1
V02375,C0453,Travel,Spanish,2025-03-25,127,1,0
V02376,C0251,Comedy,English,2025-05-23,167,1,0
V02377,C0516,Food,English,2025-06-06,78,0,0
V02378,C0794,Sports,English,2025-06-28,101,1,0
V02379,C0830,News,English,2025-03-02,70,0,0
V02380,C0182,Food,Hindi,2025-06-25,38,1,0
V02381,C0453,Travel,English,2025-05-14,157,1,0
V02382,C0594,Fashion,Spanish,2025-04-28,158,1,0
V02383,C0675,Fashion,Portuguese,2025-01-26,48,1,0
V02384,C0564,Music,Portuguese,2025-03-11,143,0,0
V02385,C0742,Gaming,English,2025-05-10,60,0,0
V02386,C0240,Food,Spanish,2025-01-19,157,1,0
V02387,C0687,Gaming,Spanish,2025-06-11,156,1,0
V02388,C0607,Sports,English,2025-03-13,17,1,0
V02389,C0798,Food,English,2025-04-10,45,1,0
V02390,C0022,Comedy,Spanish,2025-02-08,110,0,0
V02391,C0762,Fashion,English,2025-04-06,151,0,1
V02392,C0044,Gaming,Spanish,2025-03-28,86,1,0
V02393,C0989,Comedy,Hindi,2025-06-21,136,1,0
V02394,C0994,Education,English,2025-03-17,50,1,0
V02395,C0299,Music,English,2025-04-03,168,1,0
V02396,C0620,Fashion,Hindi,2025-02-22,97,0,0
V02397,C0328,Travel,Hindi,2025-04-20,24,1,0
V02398,C0709,Music,English,2025-04-27,92,0,1
V02399,C0254,Food,Spanish,2025-03-24,66,1,0
V02400,C0221,Comedy,Spanish,2025-01-18,28,1,0
V02401,C0069,Music,Hindi,2025-05-27,179,1,0
V02402,C0461,Music,Spanish,2025-03-24,26,1,0
V02403,C0944,Food,English,2025-06-07,160,0,0
V02404,C0913,Music,English,2025-03-13,125,1,0
V02405,C0309,Music,Japanese,2025-04-30,178,1,0
V02406,C0840,Comedy,Spanish,2025-02-06,77,0,0
V02407,C0106,Comedy,English,2025-03-26,39,0,0
V02408,C0683,Sports,English,2025-05-03,87,1,0
V02409,C0954,Sports,Hindi,2025-03-24,94,1,0
V02410,C0335,Comedy,English,2025-01-19,172,0,0
V02411,C0019,Fashion,English,2025-01-08,112,1,0
V02412,C0490,Comedy,Japanese,2025-04-10,128,1,0
V02413,C0063,Music,Hindi,2025-03-08,62,0,1
V02414,C0781,Gaming,Hindi,2025-04-01,126,1,1
V02415,C0429,Technology,Japanese,2025-05-12,12,1,0
V02416,C0720,Travel,Hindi,2025-02-13,152,1,0
V02417,C0280,Travel,Spanish,2025-05-06,119,0,0
V02418,C0404,Gaming,Portuguese,2025-05-14,92,1,0
V02419,C0582,Technology,English,2025-05-19,78,1,0
V02420,C0682,Comedy,English,2025-01-31,106,0,0
V02421,C0202,Fashion,Spanish,2025-04-07,110,1,0
V02422,C0783,Comedy,English,2025-04-13,13,0,0
V02423,C0007,Comedy,Spanish,2025-05-03,176,1,0
V02424,C0540,Travel,English,2025-05-06,10,0,0
V02425,C0526,Gaming,Spanish,2025-04-12,150,0,0
V02426,C0069,Comedy,Hindi,2025-01-17,60,1,0
V02427,C0418,Gaming,Japanese,2025-02-26,77,1,0
V02428,C0949,Music,Portuguese,2025-04-01,27,1,1
V02429,C0152,Fashion,Hindi,2025-03-26,137,1,0
V02430,C0130,Fashion,English,2025-01-16,10,1,1
V02431,C0773,Travel,English,2025-06-26,156,1,0
V02432,C0117,Sports,English,2025-06-05,165,1,0
V02433,C0254,Travel,Spanish,2025-04-03,36,1,0
V02434,C0344,Gaming,Portuguese,2025-02-28,31,1,0
V02435,C0288,Fashion,Spanish,2025-01-29,60,1,0
V02436,C0327,Sports,English,2025-01-25,55,1,0
V02437,C0463,Comedy,English,2025-05-13,57,1,0
V02438,C0737,News,Portuguese,2025-06-25,88,1,0
V02439,C0235,Fashion,Spanish,2025-02-28,173,0,0
V02440,C0587,Comedy,Hindi,2025-06-13,65,1,0
V02441,C0382,Technology,English,2025-02-18,157,1,0
V02442,C0742,Food,English,2025-04-12,140,1,0
V02443,C0340,Sports,Portuguese,2025-03-25,125,1,1
V02444,C0273,Music,English,2025-02-27,59,0,0
V02445,C0277,Music,English,2025-04-21,74,1,0
V02446,C0497,Comedy,Portuguese,2025-01-10,98,1,0
V02447,C0618,News,English,2025-04-17,35,1,0
V02448,C0776,Sports,English,2025-01-15,32,1,0
V02449,C0151,Music,Portuguese,2025-06-28,115,1,0
V02450,C0405,Technology,Portuguese,2025-01-09,44,1,0
V02451,C0429,Comedy,English,2025-04-10,59,1,0
V02452,C0406,News,Hindi,2025-01-21,100,1,0
V02453,C0890,Education,Spanish,2025-04-10,62,1,0
V02454,C0273,Music,Hindi,2025-03-24,65,1,0
V02455,C0959,Gaming,Japanese,2025-03-22,177,1,1
V02456,C0870,News,Spanish,2025-01-19,175,1,1
V02457,C0149,Education,Hindi,2025-04-01,168,0,1
V02458,C0769,Comedy,English,2025-05-09,113,0,0
V02459,C0091,News,Hindi,2025-05-20,117,1,0
V02460,C0310,Comedy,English,2025-04-21,15,0,1
V02461,C0754,Sports,Hindi,2025-06-07,36,0,0
V02462,C0363,Travel,English,2025-02-19,180,0,0
V02463,C0667,News,Hindi,2025-03-11,14,1,0
V02464,C0820,Comedy,Japanese,2025-02-19,154,1,0
V02465,C0804,Fashion,Spanish,2025-04-24,40,1,0
V02466,C0757,Food,Spanish,2025-01-16,56,1,0
V02467,C0602,Gaming,English,2025-05-30,127,0,0
V02468,C0174,Gaming,English,2025-04-08,153,1,0
V02469,C0487,News,Japanese,2025-01-04,133,1,0
V02470,C0887,Sports,Hindi,2025-01-23,173,1,0
V02471,C0607,Sports,English,2025-05-24,67,1,0
V02472,C0228,Travel,English,2025-05-09,166,1,0
V02473,C0403,Music,Portuguese,2025-03-31,175,0,0
V02474,C0052,Education,English,2025-02-04,20,1,0
V02475,C0064,Education,English,2025-06-02,155,0,0
V02476,C0118,Travel,Spanish,2025-02-05,11,0,0
V02477,C0681,Music,English,2025-06-13,116,1,0
V02478,C0684,Gaming,Spanish,2025-03-18,157,1,0
V02479,C0393,Gaming,Portuguese,2025-01-09,106,0,0
V02480,C0237,Gaming,Spanish,2025-01-17,157,1,0
V02481,C0513,Food,Portuguese,2025-03-22,69,1,0
V02482,C0532,Gaming,Spanish,2025-06-20,100,1,0
V02483,C0066,Gaming,Spanish,2025-05-17,81,0,0
V02484,C0033,Education,Portuguese,2025-02-27,126,0,0
V02485,C0298,Sports,Spanish,2025-03-02,134,1,0
V02486,C0955,Travel,Hindi,2025-04-25,119,1,0
V02487,C0502,Education,Spanish,2025-05-21,156,1,0
V02488,C0089,Technology,Hindi,2025-03-30,153,0,0
V02489,C0591,Education,Hindi,2025-05-28,28,1,0
V02490,C0093,Music,English,2025-05-11,40,0,1
V02491,C0334,Gaming,English,2025-03-29,106,1,0
V02492,C0833,Music,Spanish,2025-05-02,158,0,0
V02493,C0204,Fashion,Hindi,2025-06-06,110,1,0
V02494,C0232,Food,Spanish,2025-02-21,42,1,0
V02495,C0880,Technology,Hindi,2025-03-08,171,1,0
V02496,C0298,Sports,English,2025-06-28,44,0,0
V02497,C0942,Travel,Portuguese,2025-06-19,117,0,0
V02498,C0572,Fashion,Portuguese,2025-06-07,169,1,0
V02499,C0678,Fashion,Japanese,2025-02-06,76,1,0
V02500,C0848,Comedy,Hindi,2025-02-10,152,1,0
V02501,C0389,Music,English,2025-02-05,67,1,0
V02502,C0521,Gaming,Hindi,2025-01-16,154,1,0
V02503,C0103,Music,English,2025-05-26,160,1,0
V02504,C0716,Comedy,Japanese,2025-04-28,17,1,0
V02505,C0474,Comedy,English,2025-02-20,133,1,0
V02506,C0132,News,English,2025-06-19,29,1,0
V02507,C0140,Technology,Hindi,2025-05-11,25,0,0
V02508,C0696,Fashion,Hindi,2025-01-21,172,1,0
V02509,C0629,Music,Spanish,2025-03-26,24,0,0
V02510,C0731,Education,Portuguese,2025-04-14,157,0,0
V02511,C0186,Fashion,Spanish,2025-01-04,157,1,0
V02512,C1000,Food,English,2025-01-02,24,1,0
V02513,C0420,News,English,2025-03-18,52,0,0
V02514,C0351,Travel,Japanese,2025-01-23,135,1,0
V02515,C0916,News,English,2025-01-03,105,1,0
V02516,C0399,Comedy,Hindi,2025-02-03,143,1,0
V02517,C0624,Music,English,2025-05-08,151,0,0
V02518,C0615,Sports,English,2025-04-03,145,1,0
V02519,C0251,News,Hindi,2025-03-31,129,1,0
V02520,C0307,Travel,English,2025-05-15,60,1,0
V02521,C0697,Music,Spanish,2025-03-20,166,1,0
V02522,C0029,News,Hindi,2025-06-18,87,1,0
V02523,C0983,News,Spanish,2025-05-08,123,1,1
V02524,C0344,Sports,Hindi,2025-05-25,24,1,0
V02525,C0176,Education,English,2025-04-27,45,0,0
V02526,C0019,Education,Japanese,2025-05-21,177,1,0
V02527,C0469,Comedy,English,2025-04-05,62,0,0
V02528,C0726,News,English,2025-02-28,154,0,0
V02529,C0794,Technology,Hindi,2025-05-01,139,1,0
V02530,C0654,Travel,Spanish,2025-06-07,123,1,0
V02531,C0994,Sports,English,2025-04-30,147,1,0
V02532,C0099,Music,Hindi,2025-03-12,165,1,0
V02533,C0999,Food,English,2025-05-15,63,0,0
V02534,C0483,Technology,Portuguese,2025-05-11,78,1,0
V02535,C0364,Technology,Spanish,2025-05-15,26,1,0
V02536,C0979,Technology,Spanish,2025-05-12,55,1,0
V02537,C0453,Food,Spanish,2025-03-18,20,1,0
V02538,C0708,Gaming,Portuguese,2025-06-06,39,1,0
V02539,C0631,Gaming,English,2025-02-28,12,0,0
V02540,C0564,News,Spanish,2025-01-18,164,0,0
V02541,C0160,Education,English,2025-01-25,133,1,0
V02542,C0694,Music,English,2025-01-27,33,1,0
V02543,C0030,Fashion,Japanese,2025-01-03,61,1,0
V02544,C0973,Sports,Hindi,2025-02-07,25,0,0
V02545,C0337,Music,English,2025-01-22,119,0,0
V02546,C0458,News,Hindi,2025-06-08,159,1,0
V02547,C0204,Comedy,English,2025-01-04,118,1,1
V02548,C0690,Music,Hindi,2025-05-16,132,1,0
V02549,C0482,Gaming,Spanish,2025-02-06,112,1,0
V02550,C0170,Sports,Japanese,2025-06-16,24,0,0
V02551,C0575,Technology,English,2025-01-06,40,1,0
V02552,C0570,Gaming,Spanish,2025-02-10,65,1,0
V02553,C0053,Comedy,English,2025-04-04,108,1,1
V02554,C0847,Education,English,2025-05-06,25,1,0
V02555,C0287,Food,Spanish,2025-01-29,30,1,0
V02556,C0666,Technology,Hindi,2025-05-07,136,1,1
V02557,C0480,Music,English,2025-02-16,48,1,1
V02558,C0953,Food,Spanish,2025-03-26,169,1,0
V02559,C0964,Gaming,English,2025-06-13,36,1,0
V02560,C0011,Technology,English,2025-05-02,149,1,0
V02561,C0296,Education,English,2025-06-16,96,1,0
V02562,C0784,Music,Portuguese,2025-06-03,94,1,0
V02563,C0468,News,English,2025-04-15,31,0,0
V02564,C0729,Music,English,2025-02-07,109,1,0
V02565,C0509,Music,English,2025-01-17,101,0,0
V02566,C0298,Music,Hindi,2025-02-28,49,1,0
V02567,C0008,Technology,Hindi,2025-05-30,124,1,0
V02568,C0678,Fashion,English,2025-03-31,70,1,0
V02569,C0108,Technology,Japanese,2025-01-29,96,0,0
V02570,C0547,Fashion,Spanish,2025-04-03,97,0,0
V02571,C0801,Travel,English,2025-03-23,110,1,0
V02572,C0709,Technology,English,2025-01-05,147,1,0
V02573,C0212,Sports,Portuguese,2025-01-23,132,0,0
V02574,C0516,Technology,Hindi,2025-02-02,47,1,0
V02575,C0096,Music,Japanese,2025-06-25,54,0,0
V02576,C0099,Music,English,2025-01-30,82,1,0
V02577,C0636,Sports,Portuguese,2025-05-24,150,0,1
V02578,C0421,Education,English,2025-05-17,29,0,0
V02579,C0894,Music,English,2025-03-28,26,1,0
V02580,C0775,Comedy,Hindi,2025-04-05,88,0,0
V02581,C0157,Music,Hindi,2025-04-02,89,1,0
V02582,C0519,Gaming,Spanish,2025-01-04,68,0,0
V02583,C0944,Education,Spanish,2025-06-16,52,1,1
V02584,C0108,Music,Spanish,2025-03-29,129,0,0
V02585,C0094,Music,Spanish,2025-04-24,56,0,0
V02586,C0807,Comedy,Spanish,2025-02-17,15,1,0
V02587,C0884,Comedy,Spanish,2025-02-09,113,0,0
V02588,C0550,Gaming,English,2025-02-27,40,1,0
V02589,C0850,Music,Japanese,2025-04-21,115,1,0
V02590,C0112,Food,English,2025-06-11,78,1,1
V02591,C0064,Comedy,Portuguese,2025-06-11,116,0,0
V02592,C0618,Music,Spanish,2025-03-18,179,1,0
V02593,C0829,Music,Spanish,2025-01-10,53,1,0
V02594,C0525,Gaming,English,2025-03-06,90,1,0
V02595,C0374,News,English,2025-01-02,35,1,0
V02596,C0887,Comedy,English,2025-01-20,166,1,0
V02597,C0955,Food,English,2025-05-03,114,1,0
V02598,C0164,Sports,Japanese,2025-06-14,151,1,0
V02599,C0380,Travel,Hindi,2025-05-19,126,1,0
V02600,C0532,Travel,Portuguese,2025-03-25,95,1,1
V02601,C0256,Food,English,2025-03-22,176,1,0
V02602,C0940,Sports,Hindi,2025-06-14,147,0,0
V02603,C0388,Comedy,Hindi,2025-04-07,141,1,1
V02604,C0043,Sports,English,2025-05-24,173,1,0
V02605,C0818,Music,English,2025-04-23,48,0,0
V02606,C0783,News,English,2025-04-26,179,1,0
V02607,C0816,Comedy,English,2025-05-22,71,1,0
V02608,C0420,Education,Hindi,2025-04-18,119,1,0
V02609,C0206,News,English,2025-02-26,141,1,0
V02610,C0246,Fashion,Japanese,2025-01-08,32,1,0
V02611,C0084,Gaming,English,2025-04-05,178,0,1
V02612,C0325,Sports,English,2025-03-19,70,1,0
V02613,C0311,Food,English,2025-04-05,179,0,0
V02614,C0267,Music,Hindi,2025-04-10,29,1,0
V02615,C0631,Gaming,English,2025-04-25,102,1,0
V02616,C0235,Music,Spanish,2025-05-21,170,1,0
V02617,C0648,News,Hindi,2025-04-29,18,1,0
V02618,C0313,Music,English,2025-05-12,112,1,0
V02619,C0594,Music,Hindi,2025-06-25,19,0,0
V02620,C0746,Music,Hindi,2025-06-08,134,1,0
V02621,C0938,Food,Hindi,2025-06-18,174,1,0
V02622,C0341,News,Japanese,2025-04-05,38,1,0
V02623,C0617,Travel,Japanese,2025-02-15,123,0,1
V02624,C0002,Sports,Spanish,2025-05-19,50,1,0
V02625,C0671,Comedy,Japanese,2025-01-12,93,0,0
V02626,C0988,Food,Spanish,2025-04-13,83,0,0
V02627,C0643,News,English,2025-01-04,124,1,0
V02628,C0727,Gaming,English,2025-03-23,171,1,1
V02629,C0247,Fashion,English,2025-04-22,101,0,0
V02630,C0753,Education,Spanish,2025-03-03,10,1,0
V02631,C0092,Education,Hindi,2025-04-18,82,1,0
V02632,C0474,Comedy,English,2025-01-13,75,1,0
V02633,C0611,Comedy,English,2025-02-22,109,1,0
V02634,C0557,Travel,Portuguese,2025-06-23,95,1,0
V02635,C0059,Sports,English,2025-05-06,111,0,0
V02636,C0007,Music,Spanish,2025-03-23,169,1,0
V02637,C0826,Comedy,Hindi,2025-06-22,50,1,0
V02638,C0731,News,Hindi,2025-04-02,146,0,1
V02639,C0805,Sports,English,2025-01-23,161,1,0
V02640,C0678,Food,Portuguese,2025-04-07,69,1,0
V02641,C0365,Sports,Spanish,2025-05-01,116,1,0
V02642,C0553,Education,Spanish,2025-05-06,10,1,0
V02643,C0945,Fashion,Japanese,2025-03-09,118,1,0
V02644,C0611,Fashion,English,2025-03-29,101,1,1
V02645,C0654,News,English,2025-05-16,87,1,0
V02646,C0617,Travel,English,2025-03-26,159,0,0
V02647,C0921,Education,Hindi,2025-01-05,167,0,0
V02648,C0053,News,Hindi,2025-02-01,138,0,0
V02649,C0842,News,English,2025-02-25,72,1,0
V02650,C0658,Sports,Spanish,2025-05-22,84,0,0
V02651,C0841,Education,English,2025-02-07,70,1,1
V02652,C0072,Fashion,English,2025-04-02,101,1,0
V02653,C0493,Comedy,Hindi,2025-03-08,13,0,0
V02654,C0520,Music,Japanese,2025-03-27,139,1,0
V02655,C0355,Sports,Spanish,2025-02-15,168,1,0
V02656,C0156,Comedy,Japanese,2025-04-09,21,1,0
V02657,C0132,Music,Spanish,2025-02-12,73,1,0
V02658,C0253,Sports,English,2025-04-25,60,0,0
V02659,C0930,Music,English,2025-06-26,129,1,0
V02660,C0114,Gaming,Japanese,2025-05-14,90,0,0
V02661,C0720,Education,Portuguese,2025-03-07,31,1,0
V02662,C0581,Sports,Spanish,2025-06-28,120,1,0
V02663,C0446,Sports,Hindi,2025-04-27,47,1,0
V02664,C0756,Sports,Portuguese,2025-06-15,153,1,0
V02665,C0304,Gaming,English,2025-06-13,94,0,0
V02666,C0857,Comedy,English,2025-05-19,140,1,0
V02667,C0599,Education,English,2025-05-08,23,1,0
V02668,C0994,Travel,English,2025-04-01,122,0,0
V02669,C0647,Music,Spanish,2025-01-26,20,1,0
V02670,C0512,Gaming,English,2025-06-21,69,1,0
V02671,C0740,Food,Portuguese,2025-02-26,68,0,0
V02672,C0078,Sports,Spanish,2025-05-21,24,0,0
V02673,C0094,Music,English,2025-05-19,141,1,0
V02674,C0169,Sports,Hindi,2025-03-17,60,1,0
V02675,C0562,Music,English,2025-03-22,167,0,0
V02676,C0049,Sports,Japanese,2025-06-11,87,1,0
V02677,C0325,Comedy,Portuguese,2025-05-11,129,1,1
V02678,C0198,Technology,Hindi,2025-05-07,33,1,0
V02679,C0292,Fashion,Hindi,2025-05-23,141,0,0
V02680,C0080,Education,Spanish,2025-03-11,162,1,0
V02681,C0547,Comedy,Spanish,2025-06-04,110,1,0
V02682,C0261,Sports,Hindi,2025-04-02,12,0,0
V02683,C0438,Comedy,Hindi,2025-06-05,23,1,1
V02684,C0221,Sports,English,2025-06-13,57,1,0
V02685,C0370,Education,Hindi,2025-02-01,71,1,0
V02686,C0187,Technology,Portuguese,2025-05-01,161,1,0
V02687,C0557,Music,Portuguese,2025-02-10,53,1,0
V02688,C0617,Education,English,2025-02-24,92,0,0
V02689,C0268,Music,English,2025-05-15,157,1,0
V02690,C0895,Education,English,2025-05-26,59,0,0
V02691,C0824,Technology,English,2025-01-17,33,1,0
V02692,C0663,Music,Hindi,2025-05-10,84,1,1
V02693,C0791,Comedy,English,2025-04-04,21,1,0
V02694,C0718,Technology,English,2025-01-26,32,1,0
V02695,C0354,Gaming,English,2025-02-03,139,0,0
V02696,C0845,Gaming,English,2025-02-08,48,1,0
V02697,C0088,Comedy,English,2025-01-31,163,1,0
V02698,C0312,Comedy,Portuguese,2025-04-28,134,1,0
V02699,C0246,Music,English,2025-04-06,103,1,0
V02700,C0945,Technology,Hindi,2025-01-20,111,1,0
V02701,C0135,Food,English,2025-06-04,49,0,0
V02702,C0455,Gaming,English,2025-03-22,135,1,0
V02703,C0035,Comedy,English,2025-04-06,21,1,0
V02704,C0841,Technology,Spanish,2025-02-28,125,1,0
V02705,C0560,Gaming,Hindi,2025-02-15,73,1,0
V02706,C0095,Gaming,Hindi,2025-02-10,150,1,0
V02707,C0378,Comedy,English,2025-04-19,111,0,1
V02708,C0903,Sports,Hindi,2025-01-10,111,1,0
V02709,C0141,Fashion,English,2025-01-04,140,1,0
V02710,C0011,Technology,English,2025-03-11,137,1,0
V02711,C0334,Comedy,Spanish,2025-06-21,73,0,0
V02712,C0157,Gaming,Japanese,2025-02-20,51,1,0
V02713,C0522,Sports,Portuguese,2025-03-11,33,1,0
V02714,C0273,Education,English,2025-05-12,25,1,1
V02715,C0280,Music,Japanese,2025-01-31,50,0,1
V02716,C0878,Technology,English,2025-02-03,137,1,0
V02717,C0192,Education,Spanish,2025-06-10,72,0,0
V02718,C0971,Music,Spanish,2025-06-16,37,1,1
V02719,C0887,Travel,Spanish,2025-06-23,174,0,0
V02720,C0606,Music,Portuguese,2025-04-08,19,1,0
V02721,C0938,Sports,Japanese,2025-01-07,127,0,0
V02722,C0239,News,Japanese,2025-06-06,178,1,0
V02723,C0126,News,English,2025-01-13,103,1,0
V02724,C0467,Music,English,2025-03-07,106,1,0
V02725,C0142,Technology,Hindi,2025-03-25,152,0,0
V02726,C0746,Sports,English,2025-01-23,174,0,0
V02727,C0241,Music,English,2025-04-30,104,1,0
V02728,C0778,Comedy,English,2025-02-14,44,1,1
V02729,C0141,Sports,Spanish,2025-01-24,104,1,0
V02730,C1000,Travel,English,2025-04-20,143,0,0
V02731,C0067,Education,English,2025-02-13,47,1,0
V02732,C0840,Fashion,Spanish,2025-04-05,104,1,0
V02733,C0385,Fashion,Japanese,2025-02-20,121,1,0
V02734,C0242,News,Japanese,2025-03-08,58,1,0
V02735,C0166,Gaming,English,2025-06-02,53,0,0
V02736,C0009,Music,Hindi,2025-03-10,57,1,1
V02737,C0311,Gaming,English,2025-05-30,16,1,0
V02738,C0308,Music,English,2025-01-10,57,0,0
V02739,C0743,Fashion,Hindi,2025-05-30,44,1,0
V02740,C0496,Music,Spanish,2025-06-20,60,1,0
V02741,C0700,Comedy,Portuguese,2025-04-19,146,0,0
V02742,C0246,News,Hindi,2025-02-21,108,0,0
V02743,C0566,Technology,English,2025-06-24,104,1,0
V02744,C0571,Music,English,2025-01-30,137,1,0
V02745,C0378,Gaming,Hindi,2025-06-15,171,0,0
V02746,C0780,Gaming,Japanese,2025-05-15,70,0,1
V02747,C0820,Travel,Spanish,2025-06-19,122,1,0
V02748,C0226,Sports,Hindi,2025-04-11,38,1,0
V02749,C0111,Education,Spanish,2025-04-28,77,0,0
V02750,C0284,Technology,Portuguese,2025-05-11,83,1,0
V02751,C0409,Fashion,English,2025-01-21,179,0,0
V02752,C0425,Comedy,Spanish,2025-05-18,136,1,0
V02753,C0819,Travel,English,2025-01-10,70,0,0
V02754,C0115,Technology,English,2025-06-29,67,1,0
V02755,C0342,Technology,Portuguese,2025-03-27,178,1,0
V02756,C0077,Travel,English,2025-06-05,86,1,0
V02757,C0284,Gaming,English,2025-03-30,122,0,0
V02758,C0899,Technology,English,2025-06-13,85,1,0
V02759,C0315,Music,English,2025-05-27,180,1,0
V02760,C0749,Gaming,English,2025-01-22,149,0,0
V02761,C0576,Gaming,Japanese,2025-01-21,141,1,0
V02762,C0324,Sports,Portuguese,2025-06-01,143,1,0
V02763,C0064,Technology,English,2025-04-29,164,1,0
V02764,C0477,Music,Spanish,2025-04-29,17,1,0
V02765,C0688,News,Japanese,2025-06-01,157,1,0
V02766,C0886,Travel,English,2025-06-16,137,0,0
V02767,C0262,Gaming,Spanish,2025-01-20,164,0,0
V02768,C0135,Travel,Hindi,2025-06-09,164,1,0
V02769,C0469,Music,English,2025-04-20,26,1,1
V02770,C0416,Music,Hindi,2025-01-09,167,1,0
V02771,C0144,Gaming,English,2025-04-09,44,1,0
V02772,C0098,Sports,English,2025-01-21,116,0,0
V02773,C0507,Sports,Hindi,2025-02-02,132,1,0
V02774,C0586,News,English,2025-05-03,170,1,0
V02775,C0828,News,Hindi,2025-01-23,17,1,0
V02776,C0875,Technology,Hindi,2025-06-19,162,0,0
V02777,C0370,Travel,Spanish,2025-02-09,51,0,0
V02778,C0085,Gaming,Spanish,2025-06-26,176,1,0
V02779,C0042,Sports,Hindi,2025-03-12,74,1,0
V02780,C0177,Gaming,English,2025-01-31,146,1,0
V02781,C0535,Comedy,Hindi,2025-05-22,60,1,0
V02782,C0558,Comedy,Portuguese,2025-02-26,91,1,0
V02783,C0025,Comedy,English,2025-05-18,42,0,1
V02784,C0735,Music,Portuguese,2025-03-27,82,1,0
V02785,C0462,Music,Spanish,2025-05-28,115,1,0
V02786,C0316,Gaming,English,2025-04-09,15,1,0
V02787,C0310,Comedy,English,2025-04-07,93,0,0
V02788,C0284,Music,Spanish,2025-05-23,16,1,0
V02789,C0114,News,Portuguese,2025-06-19,179,0,0
V02790,C0522,Fashion,English,2025-01-20,10,1,0
V02791,C0053,Music,English,2025-01-30,102,1,0
V02792,C0931,Sports,English,2025-05-06,162,1,1
V02793,C0659,Music,English,2025-03-12,52,0,1
V02794,C0108,Gaming,Hindi,2025-03-06,96,1,1
V02795,C0144,Education,Spanish,2025-06-09,135,1,0
V02796,C0966,Comedy,English,2025-01-27,42,0,0
V02797,C0910,Sports,English,2025-01-24,21,1,0
V02798,C0887,Food,English,2025-06-14,13,0,1
V02799,C0528,Food,English,2025-02-09,159,0,0
V02800,C0943,Music,Portuguese,2025-03-27,64,1,0
V02801,C0978,News,Spanish,2025-03-22,151,1,0
V02802,C0631,Music,Spanish,2025-05-30,136,1,0
V02803,C0578,Music,Hindi,2025-05-30,161,0,0
V02804,C0396,Food,Spanish,2025-01-02,158,1,1
V02805,C0668,Travel,Spanish,2025-02-17,115,1,0
V02806,C0392,Sports,Hindi,2025-06-12,57,1,0
V02807,C0724,Travel,Hindi,2025-06-07,44,1,0
V02808,C0842,Food,Spanish,2025-04-02,107,1,0
V02809,C0300,Sports,Hindi,2025-03-08,139,0,1
V02810,C0441,Fashion,Japanese,2025-02-25,119,1,0
V02811,C0332,Music,Hindi,2025-04-09,85,1,0
V02812,C0847,Sports,English,2025-02-03,38,1,0
V02813,C0792,Music,Portuguese,2025-01-17,55,1,0
V02814,C0316,Education,Spanish,2025-02-21,142,1,0
V02815,C0462,Comedy,English,2025-03-14,86,1,0
V02816,C0969,Music,Japanese,2025-05-19,54,1,0
V02817,C0007,News,Spanish,2025-05-27,145,1,0
V02818,C0737,Travel,Hindi,2025-03-22,13,1,0
V02819,C0395,News,Portuguese,2025-03-12,121,1,0
V02820,C0389,Food,English,2025-05-03,59,1,0
V02821,C0371,Comedy,Hindi,2025-05-10,47,1,0
V02822,C0526,Comedy,Spanish,2025-02-17,34,0,1
V02823,C0233,Travel,English,2025-01-30,133,0,0
V02824,C0347,Sports,Hindi,2025-05-27,113,1,0
V02825,C0758,Comedy,Japanese,2025-05-27,151,0,1
V02826,C0513,Comedy,English,2025-04-13,154,0,0
V02827,C0022,Technology,English,2025-03-23,89,0,0
V02828,C0512,Food,English,2025-06-02,31,1,0
V02829,C0961,Gaming,Hindi,2025-02-14,129,1,0
V02830,C0002,Comedy,Hindi,2025-01-27,44,1,1
V02831,C0125,Technology,Hindi,2025-06-05,96,1,1
V02832,C0441,Food,Portuguese,2025-03-25,79,1,0
V02833,C0850,Gaming,English,2025-03-22,58,0,0
V02834,C0279,News,English,2025-06-28,176,0,0
V02835,C0963,Travel,English,2025-03-21,79,1,0
V02836,C0199,Music,English,2025-06-24,98,1,1
V02837,C0443,News,Portuguese,2025-03-31,39,1,0
V02838,C0664,Gaming,English,2025-06-15,102,0,0
V02839,C0700,Comedy,Japanese,2025-04-11,150,1,0
V02840,C0351,Fashion,Hindi,2025-06-04,70,1,0
V02841,C0444,Music,English,2025-05-13,119,1,0
V02842,C0715,Music,English,2025-03-12,65,0,1
V02843,C0274,Sports,Japanese,2025-01-06,128,0,0
V02844,C0689,Comedy,Japanese,2025-03-27,152,1,0
V02845,C0723,Music,Hindi,2025-01-29,154,0,0
V02846,C0266,Music,Spanish,2025-05-30,31,1,1
V02847,C0133,Education,Japanese,2025-01-02,54,1,0
V02848,C0876,Travel,Spanish,2025-05-20,180,1,0
V02849,C0840,Education,English,2025-06-06,126,1,0
V02850,C0398,Sports,English,2025-04-11,170,1,0
V02851,C0956,Music,Portuguese,2025-01-14,141,0,0
V02852,C0446,Sports,English,2025-01-17,168,1,0
V02853,C1000,Music,English,2025-03-07,65,1,0
V02854,C0152,Comedy,English,2025-03-03,99,1,0
V02855,C0810,Gaming,Hindi,2025-03-19,69,0,0
V02856,C0725,News,Spanish,2025-05-30,18,1,1
V02857,C0747,News,English,2025-02-01,133,0,0
V02858,C0806,Comedy,Hindi,2025-03-26,35,1,0
V02859,C0115,Gaming,Hindi,2025-01-12,12,0,0
V02860,C0342,Comedy,Japanese,2025-03-18,66,1,0
V02861,C0627,Comedy,Spanish,2025-05-28,66,1,1
V02862,C0409,Comedy,English,2025-01-08,58,1,0
V02863,C0981,Sports,English,2025-05-09,53,1,0
V02864,C0462,Comedy,Spanish,2025-06-29,25,0,0
V02865,C0712,Music,English,2025-05-05,119,1,0
V02866,C0655,Gaming,English,2025-01-30,65,1,0
V02867,C0454,Gaming,Portuguese,2025-06-25,139,0,1
V02868,C0275,Technology,English,2025-04-22,136,0,0
V02869,C0902,Gaming,English,2025-01-12,53,1,0
V02870,C0736,Food,English,2025-05-03,134,0,0
V02871,C0811,News,Spanish,2025-05-19,157,0,0
V02872,C0877,Comedy,English,2025-06-05,21,1,0
V02873,C0285,Music,English,2025-05-09,27,1,0
V02874,C0029,Technology,Portuguese,2025-06-20,45,1,1
V02875,C0322,Music,English,2025-04-11,100,0,0
V02876,C0699,Fashion,Spanish,2025-02-27,119,1,0
V02877,C0786,Education,English,2025-03-23,77,1,0
V02878,C0563,Music,Spanish,2025-03-20,89,1,0
V02879,C0276,Technology,English,2025-06-22,168,1,0
V02880,C0302,Technology,English,2025-05-13,146,1,0
V02881,C0229,Technology,Japanese,2025-05-17,155,1,1
V02882,C0989,Sports,Japanese,2025-04-18,130,0,0
V02883,C0185,Sports,Japanese,2025-06-19,30,1,0
V02884,C0866,Comedy,English,2025-03-01,146,1,0
V02885,C0212,Comedy,Spanish,2025-05-21,134,1,0
V02886,C0949,Education,English,2025-05-25,18,1,0
V02887,C0499,Comedy,English,2025-03-02,19,0,0
V02888,C0844,Food,English,2025-06-26,123,0,0
V02889,C0670,Gaming,Japanese,2025-03-08,41,1,0
V02890,C0787,News,English,2025-01-02,46,0,0
V02891,C0260,Music,English,2025-06-10,164,1,1
V02892,C0952,Education,Japanese,2025-02-24,42,0,0
V02893,C0621,Food,Hindi,2025-06-24,85,1,0
V02894,C0235,Travel,Japanese,2025-04-13,61,1,0
V02895,C0186,Comedy,English,2025-04-29,129,1,0
V02896,C0744,Food,English,2025-06-28,95,1,0
V02897,C0685,Travel,Spanish,2025-01-29,129,1,0
V02898,C0628,Comedy,English,2025-05-16,117,1,0
V02899,C0286,Gaming,English,2025-03-20,127,0,0
V02900,C0561,Education,Spanish,2025-03-28,138,1,0
V02901,C0676,Gaming,English,2025-05-06,48,0,0
V02902,C0484,Comedy,Spanish,2025-02-09,108,1,0
V02903,C0905,Fashion,Spanish,2025-06-22,128,1,0
V02904,C0777,Comedy,Hindi,2025-04-16,58,1,0
V02905,C0285,Technology,English,2025-05-02,114,1,0
V02906,C0812,Fashion,English,2025-06-03,148,1,0
V02907,C0578,Technology,Hindi,2025-05-01,85,1,0
V02908,C0196,Food,Hindi,2025-05-07,153,1,0
V02909,C0084,News,English,2025-03-27,74,1,0
V02910,C0756,Sports,Portuguese,2025-05-16,165,0,0
V02911,C0747,Food,English,2025-03-09,36,1,0
V02912,C0123,Food,Spanish,2025-06-22,153,0,0
V02913,C0141,Food,English,2025-06-07,168,1,0
V02914,C0129,News,English,2025-06-01,93,0,0
V02915,C0744,Music,English,2025-05-06,174,1,0
V02916,C0945,Gaming,Spanish,2025-03-20,178,0,0
V02917,C0336,Gaming,Hindi,2025-05-31,160,0,1
V02918,C0591,Technology,Japanese,2025-02-08,163,1,0
V02919,C0383,Gaming,Japanese,2025-06-21,72,1,0
V02920,C0755,Education,Spanish,2025-02-28,35,1,0
V02921,C0634,Music,English,2025-01-17,126,1,0
V02922,C0502,Comedy,Spanish,2025-01-08,138,1,0
V02923,C0750,Music,English,2025-04-15,108,1,0
V02924,C0687,Comedy,Portuguese,2025-03-06,152,1,0
V02925,C0456,Music,Spanish,2025-03-17,107,1,0
V02926,C0334,Gaming,English,2025-05-21,103,0,0
V02927,C0069,Music,Hindi,2025-05-20,47,1,0
V02928,C0391,Travel,English,2025-05-24,81,1,0
V02929,C0930,Education,Japanese,2025-06-20,159,1,0
V02930,C0005,Travel,Japanese,2025-01-25,10,1,0
V02931,C0061,Travel,Portuguese,2025-04-12,102,1,0
V02932,C0946,Sports,English,2025-04-16,44,0,0
V02933,C0201,Fashion,English,2025-02-25,51,1,0
V02934,C0027,News,Japanese,2025-02-11,26,1,1
V02935,C0780,Technology,Spanish,2025-01-19,13,1,0
V02936,C0326,Music,Hindi,2025-04-10,37,0,1
V02937,C0166,Technology,English,2025-04-18,41,1,1
V02938,C0604,Comedy,English,2025-03-02,146,1,0
V02939,C0199,Education,English,2025-04-12,159,0,1
V02940,C0300,Gaming,Hindi,2025-03-08,91,1,0
V02941,C0189,Education,English,2025-05-28,113,1,0
V02942,C0226,Comedy,Hindi,2025-05-04,174,0,0
V02943,C0141,Music,English,2025-02-01,149,0,0
V02944,C0676,Music,English,2025-01-05,122,0,0
V02945,C0944,Food,Portuguese,2025-01-06,135,0,0
V02946,C0312,Comedy,Japanese,2025-06-22,33,0,0
V02947,C0977,Fashion,English,2025-06-04,78,0,0
V02948,C0341,Gaming,Japanese,2025-04-15,106,1,0
V02949,C0318,Food,English,2025-04-26,90,0,0
V02950,C0044,Music,English,2025-02-20,128,1,0
V02951,C0998,Food,Hindi,2025-02-16,154,1,0
V02952,C0648,Sports,English,2025-06-11,26,0,0
V02953,C0011,Comedy,Hindi,2025-05-31,146,0,0
V02954,C0172,Sports,Spanish,2025-03-01,99,0,0
V02955,C0461,Comedy,Hindi,2025-05-22,161,1,0
V02956,C0709,Sports,Japanese,2025-03-24,105,0,0
V02957,C0737,Gaming,English,2025-04-09,145,1,0
V02958,C0005,Music,English,2025-01-22,66,0,0
V02959,C0190,Travel,Hindi,2025-05-23,81,1,0
V02960,C0508,Sports,English,2025-01-12,170,0,0
V02961,C0318,Comedy,Japanese,2025-06-13,146,1,0
V02962,C0098,Sports,English,2025-03-14,126,1,1
V02963,C0946,Fashion,English,2025-02-20,79,0,0
V02964,C0575,Comedy,English,2025-05-02,108,1,0
V02965,C0901,Gaming,Japanese,2025-04-09,86,1,0
V02966,C0569,Technology,Hindi,2025-03-10,43,1,0
V02967,C0905,News,English,2025-01-25,137,0,1
V02968,C0539,Education,English,2025-01-10,84,1,0
V02969,C0681,Comedy,Spanish,2025-05-27,14,0,0
V02970,C0937,Sports,Hindi,2025-05-07,160,1,0
V02971,C0147,Travel,English,2025-01-25,17,0,0
V02972,C0609,Technology,English,2025-03-29,65,1,0
V02973,C0763,Comedy,Portuguese,2025-02-27,96,1,0
V02974,C0354,Music,Spanish,2025-04-22,54,1,0
V02975,C0009,Sports,Spanish,2025-05-24,161,1,0
V02976,C0455,Comedy,Spanish,2025-01-02,158,1,0
V02977,C0953,Comedy,English,2025-03-29,156,0,0
V02978,C0891,Sports,Spanish,2025-03-07,125,1,0
V02979,C0537,Sports,English,2025-02-15,38,1,0
V02980,C0274,Gaming,Spanish,2025-06-06,171,0,0
V02981,C0604,Music,Spanish,2025-05-25,104,0,0
V02982,C0306,Sports,English,2025-04-23,60,1,0
V02983,C0747,Music,English,2025-04-20,178,0,0
V02984,C0043,Education,Japanese,2025-05-19,73,1,0
V02985,C0421,Sports,English,2025-06-23,19,1,0
V02986,C0100,Technology,Hindi,2025-05-02,112,1,0
V02987,C0895,Food,Portuguese,2025-05-10,21,1,0
V02988,C0710,Comedy,English,2025-04-14,14,0,1
V02989,C0159,Food,Hindi,2025-06-13,145,1,0
V02990,C0137,Travel,English,2025-04-26,17,0,0
V02991,C0197,Fashion,Japanese,2025-02-15,28,1,0
V02992,C0887,Comedy,Hindi,2025-03-10,46,1,0
V02993,C0993,Comedy,English,2025-02-28,106,0,0
V02994,C0910,Technology,Spanish,2025-02-25,149,0,1
V02995,C0047,Travel,Hindi,2025-05-10,165,0,0
V02996,C0005,Education,Spanish,2025-06-02,131,1,0
V02997,C0224,Music,English,2025-06-08,17,1,0
V02998,C0207,Sports,English,2025-05-19,82,1,0
V02999,C0398,Gaming,English,2025-04-22,54,0,0
V03000,C0522,Technology,Spanish,2025-05-11,110,1,0
V03001,C0058,Comedy,Hindi,2025-01-28,65,1,0
V03002,C0300,Music,Hindi,2025-05-19,42,0,1
V03003,C0210,Food,Hindi,2025-03-15,152,0,0
V03004,C0088,Food,English,2025-04-11,71,1,0
V03005,C0658,Education,Japanese,2025-05-24,14,1,0
V03006,C0415,Technology,Portuguese,2025-02-18,35,1,1
V03007,C0288,Fashion,English,2025-01-21,162,0,0
V03008,C0042,News,Portuguese,2025-03-05,160,1,0
V03009,C0183,Comedy,Portuguese,2025-04-11,75,0,0
V03010,C0375,News,Hindi,2025-04-24,171,1,0
V03011,C0906,Music,English,2025-02-07,152,0,0
V03012,C0007,Music,Portuguese,2025-06-09,30,0,0
V03013,C0430,Food,Hindi,2025-06-01,90,1,0
V03014,C0088,Gaming,Portuguese,2025-03-12,37,1,0
V03015,C0852,Sports,Spanish,2025-03-30,178,1,0
V03016,C0552,Fashion,Hindi,2025-01-20,22,1,0
V03017,C0505,Music,Hindi,2025-01-29,70,1,0
V03018,C0182,Music,English,2025-05-19,172,0,1
V03019,C0121,Fashion,English,2025-03-24,48,1,0
V03020,C0539,Music,English,2025-06-10,37,1,0
V03021,C0884,Music,English,2025-03-22,33,1,0
V03022,C0528,Sports,English,2025-01-16,37,1,0
V03023,C0510,Music,English,2025-01-18,111,1,0
V03024,C0924,Comedy,English,2025-01-13,143,1,0
V03025,C0464,News,Japanese,2025-03-24,77,0,0
V03026,C0652,Travel,Japanese,2025-06-22,114,1,0
V03027,C0445,Food,English,2025-01-26,82,1,0
V03028,C0103,Travel,Japanese,2025-04-03,168,1,0
V03029,C0182,Travel,Hindi,2025-02-11,136,0,0
V03030,C0844,Technology,English,2025-03-28,17,0,0
V03031,C0118,Sports,English,2025-01-16,113,1,0
V03032,C0335,Education,Hindi,2025-03-13,25,0,1
V03033,C0647,Technology,Hindi,2025-05-12,163,1,0
V03034,C0548,Food,Hindi,2025-04-13,80,1,0
V03035,C0505,Music,Spanish,2025-03-20,172,1,1
V03036,C0426,Music,English,2025-04-25,161,1,0
V03037,C0955,Music,English,2025-04-19,34,0,0
V03038,C0680,Food,Hindi,2025-04-11,96,0,0
V03039,C0096,News,Spanish,2025-06-01,11,1,0
V03040,C0917,Food,Spanish,2025-03-18,169,1,0
V03041,C0909,Fashion,Hindi,2025-06-19,110,0,0
V03042,C0518,Education,English,2025-02-21,85,1,0
V03043,C0722,Technology,Spanish,2025-04-24,145,1,0
V03044,C0925,Gaming,Portuguese,2025-04-07,141,0,0
V03045,C0335,Education,Hindi,2025-05-04,151,1,0
V03046,C0618,News,English,2025-03-24,36,0,0
V03047,C0432,Education,English,2025-03-27,53,1,0
V03048,C0331,Food,Japanese,2025-05-14,146,0,0
V03049,C0336,Music,Portuguese,2025-04-06,81,1,0
V03050,C0173,Music,Portuguese,2025-05-23,103,1,0
V03051,C0891,Comedy,Japanese,2025-03-22,30,1,0
V03052,C0356,Gaming,Hindi,2025-06-09,155,0,0
V03053,C0176,Fashion,Spanish,2025-02-01,80,1,0
V03054,C0166,Sports,Japanese,2025-01-29,140,1,0
V03055,C0762,Music,English,2025-04-09,167,1,0
V03056,C0284,Sports,Spanish,2025-01-25,11,1,0
V03057,C0126,Gaming,English,2025-04-05,169,1,0
V03058,C0066,Education,Portuguese,2025-05-19,111,1,0
V03059,C0347,Education,English,2025-03-30,124,0,0
V03060,C0596,Comedy,English,2025-01-26,58,1,0
V03061,C0670,Sports,English,2025-05-17,17,1,0
V03062,C0579,Travel,Hindi,2025-04-10,154,1,0
V03063,C0925,Food,English,2025-06-17,128,1,0
V03064,C0223,Gaming,English,2025-04-13,130,1,1
V03065,C0894,News,Spanish,2025-01-23,50,1,0
V03066,C0682,Sports,English,2025-05-15,65,1,0
V03067,C0095,Gaming,Japanese,2025-02-11,58,0,0
V03068,C0385,Technology,Hindi,2025-03-30,86,1,0
V03069,C0410,Comedy,English,2025-04-02,169,1,0
V03070,C0308,Technology,English,2025-01-07,174,1,0
V03071,C0662,Education,Japanese,2025-05-25,143,1,0
V03072,C0615,Music,English,2025-01-31,30,1,0
V03073,C0857,Gaming,English,2025-04-19,139,1,0
V03074,C0384,Comedy,English,2025-03-13,63,1,0
V03075,C0383,News,Spanish,2025-06-28,143,1,0
V03076,C0965,Education,Hindi,2025-01-24,141,1,0
V03077,C0435,Gaming,Hindi,2025-04-27,141,0,0
V03078,C0288,Gaming,Hindi,2025-06-15,107,0,0
V03079,C0364,Sports,Japanese,2025-03-21,118,1,0
V03080,C0879,Food,English,2025-01-22,11,0,0
V03081,C0773,Music,English,2025-01-24,158,0,0
V03082,C0430,Fashion,Hindi,2025-03-13,68,0,0
V03083,C0026,Sports,Japanese,2025-04-22,67,1,0
V03084,C0187,Gaming,Japanese,2025-02-26,97,1,0
V03085,C0088,Music,English,2025-01-08,19,1,1
V03086,C0401,Education,English,2025-04-12,91,1,0
V03087,C0860,Food,Spanish,2025-01-30,108,1,0
V03088,C0935,Technology,English,2025-01-23,139,1,0
V03089,C0070,Music,English,2025-03-14,159,0,1
V03090,C0113,Technology,Spanish,2025-03-01,55,0,0
V03091,C0621,Gaming,English,2025-03-14,104,1,0
V03092,C0504,Music,Spanish,2025-02-28,164,1,0
V03093,C0394,Sports,Hindi,2025-02-27,159,0,0
V03094,C0862,Travel,Japanese,2025-04-05,55,1,0
V03095,C0537,Technology,English,2025-01-06,91,0,0
V03096,C0015,Fashion,Hindi,2025-06-03,120,0,0
V03097,C0496,News,Portuguese,2025-01-28,63,1,0
V03098,C0553,Music,Japanese,2025-01-28,98,1,0
V03099,C0736,Travel,Spanish,2025-06-02,99,0,0
V03100,C0658,Gaming,Hindi,2025-04-25,143,1,0
V03101,C0149,Food,Portuguese,2025-03-23,25,1,0
V03102,C0017,Food,English,2025-01-10,175,1,0
V03103,C0642,Sports,English,2025-06-23,158,1,0
V03104,C0647,Travel,English,2025-03-01,170,1,0
V03105,C0285,Music,English,2025-06-22,54,1,0
V03106,C0201,Music,Spanish,2025-02-25,137,0,0
V03107,C0196,Comedy,Hindi,2025-02-11,32,0,1
V03108,C0588,Travel,Hindi,2025-02-05,23,1,0
V03109,C0038,Sports,English,2025-06-09,128,1,0
V03110,C0217,Education,Spanish,2025-05-24,40,0,0
V03111,C0753,Gaming,English,2025-04-05,160,1,0
V03112,C0376,Technology,Hindi,2025-01-01,34,1,0
V03113,C0465,Fashion,English,2025-01-24,84,0,0
V03114,C0033,Education,English,2025-04-17,27,1,0
V03115,C0040,Comedy,Japanese,2025-03-09,95,1,0
V03116,C0614,Travel,English,2025-01-14,74,0,0
V03117,C0307,Travel,Hindi,2025-06-19,45,1,0
V03118,C0070,News,Spanish,2025-01-09,41,1,0
V03119,C0316,Technology,English,2025-03-23,154,1,0
V03120,C0521,Education,English,2025-04-04,117,1,0
V03121,C0578,Comedy,English,2025-04-22,54,0,0
V03122,C0647,Travel,English,2025-03-02,20,1,0
V03123,C0983,Fashion,Spanish,2025-04-20,167,0,0
V03124,C0862,Education,English,2025-03-29,140,1,0
V03125,C0203,Music,English,2025-06-24,77,1,0
V03126,C0718,Sports,English,2025-03-07,129,1,0
V03127,C0462,Food,Hindi,2025-06-01,60,1,0
V03128,C0890,Education,English,2025-03-15,62,1,0
V03129,C0389,Music,English,2025-04-03,144,1,0
V03130,C0056,Comedy,English,2025-06-12,110,0,0
V03131,C0986,Gaming,English,2025-05-20,130,0,0
V03132,C0739,Comedy,English,2025-06-11,96,1,0
V03133,C0168,Comedy,English,2025-04-28,167,1,0
V03134,C0879,Education,English,2025-01-26,123,1,0
V03135,C0524,Comedy,Japanese,2025-05-28,75,0,0
V03136,C0698,Comedy,English,2025-01-27,54,0,0
V03137,C0245,Comedy,Spanish,2025-04-09,64,1,0
V03138,C0821,News,Japanese,2025-05-04,67,0,0
V03139,C0560,Food,English,2025-03-31,75,1,0
V03140,C0104,Music,Portuguese,2025-05-28,82,1,0
V03141,C0058,Sports,English,2025-03-29,145,1,0
V03142,C0760,Music,English,2025-05-10,49,0,0
V03143,C0260,Music,English,2025-03-29,156,0,0
V03144,C0166,Technology,English,2025-01-29,45,0,0
V03145,C0929,Food,Hindi,2025-06-18,56,0,0
V03146,C0156,Technology,English,2025-05-22,116,0,0
V03147,C0773,Technology,English,2025-03-05,173,1,0
V03148,C0056,Gaming,English,2025-01-18,143,1,0
V03149,C0971,Comedy,Spanish,2025-06-05,151,0,0
V03150,C0861,Comedy,English,2025-05-02,52,1,0
V03151,C0202,Comedy,Portuguese,2025-05-10,23,0,0
V03152,C0526,Food,Spanish,2025-05-02,167,0,0
V03153,C0901,Sports,English,2025-03-21,107,1,1
V03154,C0976,Travel,Spanish,2025-03-17,174,0,0
V03155,C0045,News,Hindi,2025-02-15,147,1,0
V03156,C0672,News,English,2025-06-24,62,1,0
V03157,C0881,Travel,English,2025-03-18,98,1,0
V03158,C0620,Comedy,English,2025-03-07,173,0,0
V03159,C0768,Comedy,Hindi,2025-04-16,94,1,0
V03160,C0017,Music,English,2025-01-09,36,1,0
V03161,C0182,Comedy,Hindi,2025-05-11,101,1,0
V03162,C0813,Comedy,Hindi,2025-06-22,117,1,0
V03163,C0086,Music,English,2025-03-28,31,1,0
V03164,C0102,Food,Spanish,2025-05-23,148,0,0
V03165,C0388,Music,Portuguese,2025-02-23,116,0,1
V03166,C0212,Food,English,2025-05-06,142,1,0
V03167,C0818,Technology,Hindi,2025-01-18,130,1,1
V03168,C0892,Gaming,English,2025-06-18,159,1,0
V03169,C0766,Travel,English,2025-02-02,125,1,0
V03170,C0373,Technology,English,2025-05-18,108,1,0
V03171,C0900,Music,English,2025-01-05,179,1,0
V03172,C0628,Comedy,Hindi,2025-04-22,48,0,0
V03173,C0018,Fashion,English,2025-05-03,119,1,0
V03174,C0972,Gaming,Hindi,2025-06-04,56,0,0
V03175,C0502,Education,Hindi,2025-05-30,125,0,0
V03176,C0921,Gaming,Spanish,2025-05-18,28,0,0
V03177,C0893,Gaming,English,2025-03-01,93,1,0
V03178,C0345,Education,Hindi,2025-04-19,148,0,0
V03179,C0671,Music,Hindi,2025-05-06,89,1,0
V03180,C0480,Food,English,2025-01-25,58,1,0
V03181,C0260,Comedy,English,2025-05-06,157,1,0
V03182,C0112,Comedy,Spanish,2025-04-19,138,0,0
V03183,C0899,Comedy,Portuguese,2025-01-17,70,1,0
V03184,C0289,Education,Hindi,2025-02-07,54,1,0
V03185,C0900,Education,English,2025-05-01,153,1,0
V03186,C0084,Education,English,2025-04-16,160,1,0
V03187,C0595,News,English,2025-04-23,17,0,0
V03188,C0537,Fashion,English,2025-05-28,34,0,0
V03189,C0918,Music,Japanese,2025-01-11,113,0,0
V03190,C0174,Gaming,English,2025-04-21,156,0,0
V03191,C0590,Gaming,English,2025-04-12,135,0,1
V03192,C0206,Music,Hindi,2025-02-06,28,1,0
V03193,C0856,Gaming,Spanish,2025-05-26,20,1,0
V03194,C0872,Gaming,Portuguese,2025-04-03,24,0,1
V03195,C0395,Music,English,2025-04-08,41,0,0
V03196,C0239,Gaming,English,2025-06-24,155,1,1
V03197,C0069,Music,Spanish,2025-01-04,177,1,0
V03198,C0318,Comedy,Hindi,2025-01-24,157,1,0
V03199,C0567,Food,English,2025-05-08,84,1,0
V03200,C0891,News,English,2025-04-14,157,1,0
V03201,C0420,Food,English,2025-02-04,102,1,0
V03202,C0731,Comedy,Japanese,2025-01-04,112,0,0
V03203,C0252,Comedy,English,2025-02-23,88,1,0
V03204,C0492,Sports,English,2025-06-02,72,1,0
V03205,C0158,Technology,Hindi,2025-02-09,107,1,0
V03206,C0177,Comedy,English,2025-02-17,33,1,0
V03207,C0466,Travel,English,2025-06-11,64,1,0
V03208,C0359,Comedy,Japanese,2025-05-18,82,1,0
V03209,C0959,Comedy,Japanese,2025-06-12,176,0,0
V03210,C0045,Gaming,Japanese,2025-06-22,150,1,0
V03211,C0558,Comedy,Hindi,2025-04-23,38,1,0
V03212,C0056,Food,Spanish,2025-03-28,134,1,0
V03213,C0480,Music,English,2025-01-17,127,0,0
V03214,C0522,News,Japanese,2025-06-06,43,1,1
V03215,C0573,Comedy,English,2025-04-14,138,1,0
V03216,C0079,Comedy,English,2025-04-28,132,1,0
V03217,C0465,Sports,English,2025-03-04,30,1,0
V03218,C0801,Education,Hindi,2025-03-20,120,0,0
V03219,C0631,Gaming,English,2025-04-25,31,1,0
V03220,C0254,Technology,English,2025-01-09,168,1,0
V03221,C0299,Education,English,2025-04-06,114,0,0
V03222,C0574,Food,English,2025-06-17,152,0,0
V03223,C0104,Food,Portuguese,2025-01-05,91,1,0
V03224,C0884,Comedy,Spanish,2025-03-08,97,1,0
V03225,C0528,Music,Hindi,2025-03-26,145,1,0
V03226,C0451,Comedy,Japanese,2025-02-05,173,1,0
V03227,C0142,Food,English,2025-03-22,113,1,0
V03228,C0004,Education,English,2025-01-05,175,0,0
V03229,C0422,Travel,English,2025-06-16,81,1,0
V03230,C0781,Technology,Hindi,2025-04-13,13,1,0
V03231,C0486,Travel,Japanese,2025-03-03,119,1,0
V03232,C0526,Travel,Spanish,2025-03-16,79,0,1
V03233,C0595,Education,Spanish,2025-02-19,122,0,0
V03234,C0718,Technology,Portuguese,2025-01-18,161,1,1
V03235,C0776,Music,English,2025-01-23,32,0,0
V03236,C0431,Comedy,English,2025-01-20,76,1,0
V03237,C0574,News,English,2025-04-16,62,0,0
V03238,C0819,Education,English,2025-02-02,127,1,1
V03239,C0653,Comedy,English,2025-02-25,38,1,0
V03240,C0165,Comedy,Japanese,2025-01-28,81,1,1
V03241,C0779,Education,English,2025-02-05,86,0,0
V03242,C0818,Comedy,English,2025-02-19,129,1,0
V03243,C0470,Music,English,2025-05-30,87,1,0
V03244,C0914,Gaming,Japanese,2025-01-18,178,0,0
V03245,C0552,Comedy,English,2025-01-30,61,0,1
V03246,C0477,Gaming,English,2025-03-01,138,1,0
V03247,C0924,Sports,English,2025-03-21,107,1,0
V03248,C0401,Comedy,Portuguese,2025-05-12,146,1,0
V03249,C0828,Sports,Hindi,2025-02-02,10,0,0
V03250,C0825,Comedy,Hindi,2025-01-12,139,1,0
V03251,C0287,News,Hindi,2025-04-30,86,1,0
V03252,C0364,Comedy,English,2025-03-05,82,1,0
V03253,C0134,Fashion,Hindi,2025-02-05,27,0,0
V03254,C0059,Travel,Spanish,2025-01-06,57,0,0
V03255,C0827,Travel,Japanese,2025-05-19,174,1,0
V03256,C0527,Gaming,English,2025-01-12,113,1,0
V03257,C0195,Fashion,English,2025-02-27,147,1,0
V03258,C0142,Gaming,English,2025-03-17,43,1,0
V03259,C0480,Comedy,Hindi,2025-01-20,21,1,0
V03260,C0868,Fashion,English,2025-03-04,48,1,0
V03261,C0544,Travel,English,2025-01-28,155,1,0
V03262,C0597,Music,English,2025-03-22,23,1,0
V03263,C0608,Comedy,Hindi,2025-06-23,100,1,0
V03264,C0236,Technology,English,2025-03-04,127,0,0
V03265,C0833,Food,English,2025-02-20,58,1,0
V03266,C0648,Comedy,Spanish,2025-03-14,148,0,0
V03267,C0830,Technology,English,2025-06-10,74,1,0
V03268,C0612,Gaming,Hindi,2025-06-24,82,1,0
V03269,C0233,Music,English,2025-01-24,68,1,0
V03270,C0895,News,English,2025-01-11,41,1,0
V03271,C0788,Music,Spanish,2025-02-09,30,0,0
V03272,C0559,Technology,English,2025-02-16,154,1,1
V03273,C0550,Technology,English,2025-05-27,70,0,0
V03274,C0171,Music,English,2025-04-26,159,0,0
V03275,C0565,Comedy,Japanese,2025-04-24,78,1,0
V03276,C0343,Comedy,English,2025-02-15,26,0,0
V03277,C0048,Fashion,Spanish,2025-04-06,93,1,0
V03278,C0462,Music,English,2025-04-09,131,1,0
V03279,C0373,Comedy,Hindi,2025-05-27,86,1,0
V03280,C0088,Comedy,English,2025-04-08,14,0,0
V03281,C0239,Music,Spanish,2025-03-16,162,0,0
V03282,C0603,News,Japanese,2025-01-23,13,1,0
V03283,C0992,Fashion,English,2025-02-22,153,0,0
V03284,C0819,Music,Hindi,2025-01-12,83,1,0
V03285,C0719,Education,Spanish,2025-03-03,180,1,0
V03286,C0557,News,English,2025-04-01,133,1,0
V03287,C0195,Comedy,English,2025-04-18,52,0,0
V03288,C0660,Music,Hindi,2025-03-21,94,1,1
V03289,C0977,Travel,Spanish,2025-01-13,18,1,0
V03290,C0905,Fashion,Spanish,2025-04-05,23,1,0
V03291,C0400,Education,English,2025-01-06,34,1,1
V03292,C0996,Music,Portuguese,2025-03-21,37,1,0
V03293,C0446,Food,Spanish,2025-05-04,47,0,0
V03294,C0708,Comedy,English,2025-02-15,110,1,0
V03295,C0725,Gaming,English,2025-06-27,69,1,0
V03296,C0971,Food,Hindi,2025-06-22,167,1,0
V03297,C0785,Comedy,English,2025-01-04,46,1,1
V03298,C0893,News,English,2025-02-22,27,1,0
V03299,C0687,Food,Hindi,2025-04-18,99,0,0
V03300,C0257,Education,English,2025-04-24,146,1,0
V03301,C0928,Fashion,Spanish,2025-05-12,84,1,0
V03302,C0382,Comedy,English,2025-01-20,40,0,1
V03303,C0417,Gaming,English,2025-02-17,92,1,0
V03304,C0491,Comedy,Hindi,2025-05-29,64,1,0
V03305,C0556,Music,English,2025-04-18,64,0,0
V03306,C0327,Comedy,English,2025-05-07,109,0,0
V03307,C0159,Travel,English,2025-06-02,18,1,0
V03308,C0027,Comedy,English,2025-01-25,175,0,0
V03309,C0006,Gaming,English,2025-03-01,119,1,0
V03310,C0701,Technology,English,2025-04-21,113,1,0
V03311,C0331,Travel,Hindi,2025-03-20,149,1,0
V03312,C0384,Sports,Hindi,2025-03-28,34,1,0
V03313,C0140,Technology,Japanese,2025-01-17,118,1,0
V03314,C0918,Comedy,English,2025-06-14,68,1,0
V03315,C0136,Technology,English,2025-05-04,59,1,1
V03316,C0819,Comedy,Portuguese,2025-04-08,21,1,0
V03317,C0044,Comedy,Portuguese,2025-02-09,153,1,1
V03318,C0027,Music,English,2025-06-02,57,1,0
V03319,C0968,Education,English,2025-01-28,155,0,0
V03320,C0519,Education,Hindi,2025-03-14,139,1,0
V03321,C0980,News,Hindi,2025-04-15,123,1,0
V03322,C0444,Music,English,2025-02-02,164,1,0
V03323,C0579,Sports,Spanish,2025-06-01,43,0,0
V03324,C0677,Sports,English,2025-02-17,45,1,0
V03325,C0009,Education,Japanese,2025-04-15,53,1,0
V03326,C0084,Gaming,Hindi,2025-03-24,142,0,0
V03327,C0934,News,Spanish,2025-06-26,132,0,0
V03328,C0923,Comedy,Hindi,2025-04-18,75,0,0
V03329,C0787,Fashion,Hindi,2025-03-29,54,1,0
V03330,C0789,Comedy,English,2025-01-09,159,0,0
V03331,C0626,Food,English,2025-01-01,71,1,0
V03332,C0733,Sports,English,2025-06-07,100,1,0
V03333,C0307,Gaming,Spanish,2025-04-01,109,1,0
V03334,C0503,Comedy,Hindi,2025-06-11,126,0,0
V03335,C0233,Food,Japanese,2025-05-01,166,1,0
V03336,C0911,Sports,Hindi,2025-02-26,135,1,0
V03337,C0324,Music,English,2025-05-07,125,1,0
V03338,C0065,Music,Japanese,2025-02-02,61,1,0
V03339,C0222,Music,English,2025-01-01,87,1,0
V03340,C0507,Comedy,Japanese,2025-01-12,97,1,0
V03341,C0492,News,Spanish,2025-06-28,62,1,0
V03342,C0067,Sports,English,2025-04-04,108,1,1
V03343,C0494,Comedy,English,2025-02-23,19,1,0
V03344,C0489,Music,Hindi,2025-04-27,53,1,0
V03345,C0056,Travel,English,2025-02-18,17,1,0
V03346,C0779,Travel,English,2025-06-13,53,0,0
V03347,C0934,Gaming,Spanish,2025-05-13,79,0,0
V03348,C0474,Comedy,Hindi,2025-03-15,115,1,0
V03349,C0850,Music,Hindi,2025-03-10,97,1,0
V03350,C0411,Comedy,English,2025-06-13,56,1,0
V03351,C0284,Technology,Portuguese,2025-05-03,37,1,0
V03352,C0247,News,English,2025-02-11,154,0,0
V03353,C0857,Fashion,English,2025-04-24,31,1,0
V03354,C0823,Comedy,Hindi,2025-06-13,142,1,0
V03355,C0653,Sports,Hindi,2025-04-10,92,1,0
V03356,C0137,Travel,Portuguese,2025-02-24,82,0,0
V03357,C0119,Comedy,English,2025-01-09,62,1,0
V03358,C0039,Gaming,Japanese,2025-02-01,177,1,0
V03359,C0145,Music,English,2025-05-24,11,1,0
V03360,C0396,Music,Japanese,2025-04-14,30,1,0
V03361,C0368,Music,Hindi,2025-04-20,118,0,1
V03362,C0448,Food,Spanish,2025-01-14,161,1,0
V03363,C0781,Gaming,Spanish,2025-02-28,151,1,0
V03364,C0792,Comedy,English,2025-01-18,16,1,0
V03365,C0568,Food,Spanish,2025-03-18,65,0,0
V03366,C0991,Music,Japanese,2025-05-16,96,1,0
V03367,C0413,Gaming,English,2025-01-24,75,1,0
V03368,C0951,Music,Portuguese,2025-06-11,49,1,0
V03369,C0326,Comedy,Hindi,2025-01-28,83,1,0
V03370,C0763,Fashion,English,2025-05-21,38,1,0
V03371,C0687,Gaming,Japanese,2025-04-19,169,0,0
V03372,C0820,Travel,English,2025-02-24,149,1,0
V03373,C0074,Sports,Spanish,2025-06-20,143,0,0
V03374,C0606,Comedy,English,2025-03-25,38,1,0
V03375,C0389,Comedy,English,2025-02-10,122,1,0
V03376,C0620,Gaming,Hindi,2025-04-29,96,1,1
V03377,C0212,Education,English,2025-04-09,78,0,0
V03378,C0846,Technology,English,2025-06-05,26,0,0
V03379,C0263,Music,English,2025-03-03,153,0,0
V03380,C0855,News,English,2025-06-21,11,1,0
V03381,C0514,Education,Portuguese,2025-05-13,99,1,0
V03382,C0877,Food,English,2025-03-08,129,1,0
V03383,C0855,Comedy,Spanish,2025-05-04,105,0,0
V03384,C0676,Sports,Hindi,2025-02-20,51,1,1
V03385,C0913,Sports,English,2025-05-27,116,0,0
V03386,C0256,Comedy,English,2025-05-18,89,0,0
V03387,C0524,Education,English,2025-03-29,176,0,0
V03388,C0717,Education,Hindi,2025-02-23,50,0,0
V03389,C0834,News,Japanese,2025-02-17,94,1,0
V03390,C0528,Comedy,English,2025-05-09,114,1,0
V03391,C0529,Gaming,English,2025-03-04,67,1,0
V03392,C0565,Technology,Portuguese,2025-03-08,125,1,0
V03393,C0911,Comedy,Spanish,2025-02-10,23,1,0
V03394,C0357,Technology,English,2025-03-31,61,1,0
V03395,C0187,Sports,Spanish,2025-04-27,135,1,0
V03396,C0975,Comedy,Hindi,2025-03-05,148,1,0
V03397,C0131,Sports,Hindi,2025-01-04,117,1,0
V03398,C0566,Technology,Hindi,2025-06-27,152,1,0
V03399,C0995,Technology,Portuguese,2025-05-15,146,0,0
V03400,C0383,Gaming,English,2025-01-26,84,1,0
V03401,C0277,Music,Spanish,2025-05-06,68,1,0
V03402,C0785,Sports,Japanese,2025-06-29,119,0,0
V03403,C0502,Music,Spanish,2025-01-01,176,1,0
V03404,C0543,Gaming,English,2025-04-29,23,0,0
V03405,C0725,Sports,Portuguese,2025-04-03,109,0,0
V03406,C0439,Gaming,Spanish,2025-01-01,41,1,0
V03407,C0205,Fashion,Hindi,2025-06-25,122,0,0
V03408,C0142,Sports,English,2025-01-02,169,1,0
V03409,C0393,Sports,Hindi,2025-05-11,18,0,0
V03410,C0963,Technology,English,2025-02-03,63,0,0
V03411,C0245,Education,Spanish,2025-03-22,94,0,0
V03412,C0993,Music,Hindi,2025-04-18,130,1,0
V03413,C0383,Fashion,English,2025-06-23,171,1,0
V03414,C0087,Comedy,Hindi,2025-05-16,25,1,0
V03415,C0837,Sports,Spanish,2025-05-17,122,1,0
V03416,C0264,Technology,Spanish,2025-04-05,129,1,0
V03417,C0683,Technology,Portuguese,2025-05-29,21,0,1
V03418,C0106,Gaming,English,2025-03-18,70,1,0
V03419,C0685,News,English,2025-04-15,165,0,0
V03420,C0738,Travel,Spanish,2025-01-16,128,1,1
V03421,C0407,Sports,Hindi,2025-06-02,80,1,0
V03422,C0565,Travel,English,2025-06-20,152,1,0
V03423,C0475,News,Hindi,2025-05-07,130,1,0
V03424,C0689,Music,Spanish,2025-05-07,120,0,0
V03425,C0654,Music,Hindi,2025-01-16,89,1,0
V03426,C0870,Fashion,Portuguese,2025-04-15,162,1,0
V03427,C0425,Travel,Hindi,2025-01-07,109,1,0
V03428,C0991,Comedy,Hindi,2025-06-23,41,1,0
V03429,C0207,Technology,English,2025-06-11,53,0,0
V03430,C0377,Travel,English,2025-06-08,26,1,0
V03431,C0720,Music,Hindi,2025-05-11,147,1,0
V03432,C0694,Gaming,Japanese,2025-03-28,128,1,0
V03433,C0753,Music,English,2025-05-11,109,1,0
V03434,C0737,Food,English,2025-01-24,121,1,0
V03435,C0129,Sports,Spanish,2025-03-10,156,1,0
V03436,C0796,Music,English,2025-06-07,108,0,1
V03437,C0480,Education,English,2025-03-15,135,1,1
V03438,C0696,Food,English,2025-06-10,134,1,0
V03439,C0955,Comedy,Hindi,2025-04-27,85,1,0
V03440,C0469,Gaming,English,2025-03-11,145,1,0
V03441,C0499,News,English,2025-03-17,73,1,0
V03442,C0611,Gaming,English,2025-02-04,115,1,0
V03443,C0069,Fashion,English,2025-06-12,51,1,0
V03444,C0219,Comedy,Portuguese,2025-05-30,42,0,0
V03445,C0089,Sports,Japanese,2025-06-07,81,0,0
V03446,C0656,Comedy,Japanese,2025-05-16,161,0,0
V03447,C0334,Food,Spanish,2025-01-02,64,1,0
V03448,C0294,Sports,Spanish,2025-01-25,149,1,0
V03449,C0077,Music,English,2025-03-31,163,1,1
V03450,C0510,Gaming,Portuguese,2025-03-13,35,0,0
V03451,C0719,Music,Spanish,2025-02-07,124,1,0
V03452,C0541,Travel,English,2025-03-28,23,0,0
V03453,C0482,Fashion,English,2025-01-02,135,1,0
V03454,C0537,Gaming,English,2025-02-13,64,0,0
V03455,C0988,Gaming,Hindi,2025-05-25,145,1,0
V03456,C0621,Education,English,2025-01-04,80,1,0
V03457,C0318,Food,Japanese,2025-05-28,64,1,0
V03458,C0345,Comedy,Spanish,2025-02-24,103,0,0
V03459,C0479,Comedy,Spanish,2025-05-13,140,1,0
V03460,C0454,Music,Portuguese,2025-06-28,116,0,0
V03461,C0651,Fashion,English,2025-05-18,95,1,0
V03462,C0590,Sports,English,2025-03-11,63,1,0
V03463,C0906,Travel,English,2025-02-07,43,0,0
V03464,C0478,Comedy,Spanish,2025-01-18,84,1,0
V03465,C0662,Technology,Portuguese,2025-06-08,141,1,0
V03466,C0581,Technology,Spanish,2025-04-30,84,1,0
V03467,C0126,Technology,English,2025-05-02,76,1,0
V03468,C0944,Fashion,Hindi,2025-02-28,141,0,0
V03469,C0799,Comedy,English,2025-06-06,81,0,0
V03470,C0946,Comedy,Portuguese,2025-05-20,33,1,0
V03471,C0248,Food,English,2025-02-12,31,1,0
V03472,C0460,Fashion,Hindi,2025-02-15,74,0,0
V03473,C0498,Technology,Hindi,2025-04-06,119,1,0
V03474,C0392,Food,Spanish,2025-03-12,87,1,0
V03475,C0501,Education,English,2025-01-08,140,1,0
V03476,C0229,Comedy,Japanese,2025-02-24,117,1,0
V03477,C0209,Food,Hindi,2025-04-06,151,1,0
V03478,C0852,Music,Hindi,2025-06-25,119,0,0
V03479,C0269,Technology,English,2025-05-17,89,0,0
V03480,C0455,Music,Hindi,2025-05-18,76,1,0
V03481,C0102,Sports,English,2025-04-28,154,1,0
V03482,C0713,Comedy,Hindi,2025-02-10,51,0,0
V03483,C0964,Food,Hindi,2025-01-02,89,1,0
V03484,C0062,Gaming,Hindi,2025-02-08,37,0,0
V03485,C0735,Sports,English,2025-06-09,96,1,0
V03486,C0731,Food,Hindi,2025-05-04,175,0,0
V03487,C0066,Fashion,Spanish,2025-03-18,25,1,0
V03488,C0118,Music,Spanish,2025-01-22,74,1,0
V03489,C0611,Gaming,English,2025-06-18,68,1,0
V03490,C0158,Food,English,2025-02-23,116,0,0
V03491,C0004,Gaming,English,2025-04-21,75,1,0
V03492,C0349,Gaming,English,2025-04-08,170,0,0
V03493,C0482,Comedy,Japanese,2025-04-06,179,1,0
V03494,C0852,Sports,Japanese,2025-02-03,156,0,0
V03495,C0729,Travel,English,2025-04-18,96,1,0
V03496,C0863,Education,English,2025-02-07,163,1,0
V03497,C0677,Comedy,Hindi,2025-05-09,30,1,0
V03498,C0598,Comedy,English,2025-05-24,31,1,0
V03499,C0669,Fashion,Japanese,2025-04-20,110,1,0
V03500,C0005,Sports,English,2025-05-11,163,0,0
V03501,C0752,Education,English,2025-05-13,55,0,0
V03502,C0357,Sports,Spanish,2025-04-28,16,0,0
V03503,C0601,News,English,2025-04-20,65,1,0
V03504,C0667,Music,Hindi,2025-02-04,44,1,0
V03505,C0692,Food,Japanese,2025-01-13,134,1,0
V03506,C0632,Sports,English,2025-04-25,23,1,0
V03507,C0823,Sports,Hindi,2025-01-25,143,1,0
V03508,C0059,Comedy,English,2025-05-25,180,1,0
V03509,C0368,News,Spanish,2025-01-13,34,1,1
V03510,C0430,Sports,Spanish,2025-01-25,64,0,0
V03511,C0048,Travel,Hindi,2025-02-20,117,1,0
V03512,C0614,Education,Spanish,2025-04-21,113,0,0
V03513,C0971,Comedy,English,2025-06-16,18,1,0
V03514,C0496,Music,Spanish,2025-02-14,47,0,0
V03515,C0435,Food,Hindi,2025-06-21,116,1,0
V03516,C0732,Travel,English,2025-04-12,135,1,1
V03517,C0155,Technology,English,2025-05-22,86,1,0
V03518,C0155,Music,Spanish,2025-06-01,70,1,0
V03519,C0535,Travel,Portuguese,2025-02-23,113,1,0
V03520,C0754,Comedy,Hindi,2025-02-07,119,1,0
V03521,C0937,Music,English,2025-06-14,111,1,0
V03522,C0086,Comedy,English,2025-05-12,128,0,0
V03523,C0157,Education,Portuguese,2025-01-05,77,1,0
V03524,C0159,Music,Japanese,2025-05-15,141,1,0
V03525,C0766,Education,English,2025-05-12,86,0,0
V03526,C0131,Technology,English,2025-04-14,73,1,0
V03527,C0968,Education,Spanish,2025-04-30,141,1,0
V03528,C0765,Travel,Portuguese,2025-02-19,30,1,0
V03529,C0176,Education,English,2025-05-13,75,1,0
V03530,C0952,Sports,Hindi,2025-04-19,154,0,0
V03531,C0290,Sports,English,2025-06-21,64,1,1
V03532,C0632,Travel,Hindi,2025-03-30,27,0,1
V03533,C0891,Comedy,Japanese,2025-01-01,155,1,0
V03534,C0088,Travel,Hindi,2025-03-24,14,0,0
V03535,C0712,Technology,Hindi,2025-05-05,127,1,0
V03536,C0504,Fashion,English,2025-05-11,119,1,0
V03537,C0668,Fashion,English,2025-05-07,121,1,0
V03538,C0811,News,Japanese,2025-01-11,49,0,0
V03539,C0030,Technology,English,2025-06-15,53,0,0
V03540,C0240,Gaming,Japanese,2025-03-04,143,1,0
V03541,C0950,Music,Spanish,2025-03-25,86,1,0
V03542,C0128,Comedy,English,2025-06-13,17,1,0
V03543,C0660,Music,Portuguese,2025-03-21,52,1,0
V03544,C0066,Education,Hindi,2025-02-23,69,1,0
V03545,C0605,Food,Portuguese,2025-01-24,70,1,0
V03546,C0267,Sports,English,2025-05-13,174,0,0
V03547,C0865,Sports,Japanese,2025-04-11,91,1,0
V03548,C0049,Sports,Hindi,2025-04-01,106,1,1
V03549,C0871,Sports,Japanese,2025-04-07,100,0,1
V03550,C0380,Sports,Portuguese,2025-03-12,63,1,0
V03551,C0232,Music,Hindi,2025-04-11,29,0,0
V03552,C0679,News,Japanese,2025-05-28,156,0,0
V03553,C0006,News,English,2025-01-09,104,1,0
V03554,C0224,Music,Spanish,2025-06-21,59,1,1
V03555,C0348,Travel,English,2025-05-21,151,1,0
V03556,C0913,Sports,English,2025-02-13,166,1,0
V03557,C0677,Sports,English,2025-01-10,24,1,0
V03558,C0478,Sports,Portuguese,2025-02-23,37,1,1
V03559,C0257,Music,English,2025-06-28,176,0,0
V03560,C0777,Music,Portuguese,2025-03-23,119,0,0
V03561,C0279,Gaming,English,2025-04-14,164,1,0
V03562,C0563,Music,English,2025-03-29,77,0,0
V03563,C0776,Travel,English,2025-03-03,45,0,0
V03564,C0861,Comedy,Portuguese,2025-01-02,86,1,0
V03565,C0999,Sports,Portuguese,2025-03-18,122,1,0
V03566,C0260,Food,Portuguese,2025-02-07,81,1,0
V03567,C0753,Technology,Portuguese,2025-03-06,153,1,0
V03568,C0605,Technology,English,2025-01-16,46,1,0
V03569,C0546,Technology,Spanish,2025-06-20,170,0,0
V03570,C0990,Gaming,English,2025-04-22,156,1,0
V03571,C0628,Technology,Portuguese,2025-06-06,159,1,0
V03572,C0808,News,English,2025-01-05,141,1,0
V03573,C0875,Music,Hindi,2025-05-24,129,1,0
V03574,C0678,Technology,Japanese,2025-02-13,63,0,1
V03575,C0549,Comedy,Spanish,2025-05-14,162,1,0
V03576,C0712,Education,English,2025-03-24,90,0,1
V03577,C0892,Fashion,English,2025-01-15,162,1,0
V03578,C0450,Music,English,2025-06-28,24,1,0
V03579,C0584,Gaming,English,2025-02-18,99,1,0
V03580,C0425,Comedy,English,2025-02-08,27,1,1
V03581,C0709,News,Japanese,2025-02-01,13,1,0
V03582,C0395,Music,Spanish,2025-03-05,130,1,1
V03583,C0016,News,Hindi,2025-03-02,130,0,0
V03584,C0143,Comedy,Japanese,2025-01-13,44,1,0
V03585,C0349,Food,English,2025-05-02,130,1,1
V03586,C0146,Music,Hindi,2025-05-02,168,1,0
V03587,C0373,Fashion,English,2025-01-19,22,1,0
V03588,C0699,Comedy,Hindi,2025-01-06,160,1,0
V03589,C0357,News,English,2025-04-04,129,0,0
V03590,C0256,Music,Spanish,2025-03-25,139,1,0
V03591,C0159,Sports,English,2025-06-06,74,1,0
V03592,C0735,Technology,English,2025-01-05,114,0,0
V03593,C0541,Education,Portuguese,2025-04-26,175,1,0
V03594,C0936,Gaming,English,2025-06-04,72,0,0
V03595,C0120,News,Hindi,2025-05-02,99,0,0
V03596,C0002,Fashion,Spanish,2025-03-06,160,1,0
V03597,C0605,Fashion,Hindi,2025-06-13,170,1,0
V03598,C0231,Gaming,English,2025-02-18,150,1,0
V03599,C0684,Technology,English,2025-02-17,38,0,0
V03600,C0921,Gaming,Japanese,2025-01-21,67,1,0
V03601,C0654,Technology,English,2025-04-02,31,1,0
V03602,C0402,News,Spanish,2025-02-16,104,1,0
V03603,C0525,Gaming,Japanese,2025-03-08,49,1,0
V03604,C0701,Comedy,Portuguese,2025-06-11,78,1,0
V03605,C0174,Technology,Hindi,2025-01-11,83,0,1
V03606,C0263,Gaming,Japanese,2025-06-09,164,1,0
V03607,C0807,Fashion,Hindi,2025-03-06,57,1,0
V03608,C0854,Gaming,Spanish,2025-04-11,151,0,0
V03609,C0517,Music,English,2025-06-04,74,0,0
V03610,C0367,Gaming,Hindi,2025-02-15,111,1,0
V03611,C0129,Travel,English,2025-01-15,38,1,1
V03612,C0478,Music,Portuguese,2025-05-31,17,1,1
V03613,C0614,Music,English,2025-04-27,45,1,0
V03614,C0984,Comedy,Spanish,2025-05-01,77,1,0
V03615,C0023,News,English,2025-03-27,78,1,1
V03616,C0138,News,English,2025-05-29,136,1,1
V03617,C0411,Education,Portuguese,2025-01-19,166,1,0
V03618,C0731,Music,English,2025-05-02,137,0,1
V03619,C0315,News,Spanish,2025-03-28,38,0,0
V03620,C0474,Sports,Spanish,2025-04-23,106,1,0
V03621,C0116,Comedy,Hindi,2025-01-25,173,0,0
V03622,C0558,Music,Hindi,2025-01-17,126,0,0
V03623,C0346,Music,English,2025-01-12,114,1,1
V03624,C0047,Travel,Spanish,2025-06-28,10,0,0
V03625,C0759,Music,Portuguese,2025-01-07,77,1,0
V03626,C0453,Technology,English,2025-03-15,10,0,0
V03627,C0946,Education,Japanese,2025-03-02,63,1,0
V03628,C0816,Food,English,2025-06-22,24,0,0
V03629,C0210,Sports,English,2025-06-14,164,0,0
V03630,C0723,Music,Hindi,2025-05-15,38,1,0
V03631,C0618,Food,Spanish,2025-01-13,71,0,0
V03632,C0344,Music,English,2025-06-01,52,1,0
V03633,C0730,Sports,Portuguese,2025-01-25,52,1,0
V03634,C0189,Food,Hindi,2025-01-13,38,1,0
V03635,C0163,Education,Spanish,2025-06-28,155,0,0
V03636,C0288,Music,English,2025-06-05,35,1,1
V03637,C0892,Travel,Japanese,2025-03-27,83,0,0
V03638,C0455,Sports,Japanese,2025-01-11,116,0,0
V03639,C0602,Music,Hindi,2025-02-28,124,1,0
V03640,C0821,Travel,Japanese,2025-04-29,153,1,0
V03641,C0728,Comedy,English,2025-05-02,152,1,0
V03642,C0917,Technology,Portuguese,2025-03-25,38,1,0
V03643,C0831,Comedy,Japanese,2025-01-13,138,0,0
V03644,C0256,News,Spanish,2025-01-20,148,1,0
V03645,C0373,Food,Hindi,2025-05-12,121,1,0
V03646,C0969,Music,Hindi,2025-01-11,149,1,0
V03647,C0076,Education,English,2025-04-19,63,1,0
V03648,C0787,Comedy,Spanish,2025-01-11,22,0,0
V03649,C0739,Education,English,2025-02-27,21,1,1
V03650,C0651,Travel,English,2025-06-15,176,1,0
V03651,C0509,Sports,Hindi,2025-03-16,76,0,0
V03652,C0539,Travel,Portuguese,2025-03-19,88,1,1
V03653,C0415,Fashion,English,2025-01-19,45,1,0
V03654,C0885,Education,Spanish,2025-04-30,42,0,0
V03655,C0489,Travel,Hindi,2025-05-27,158,1,0
V03656,C0969,Sports,English,2025-03-21,160,1,0
V03657,C0135,Music,Japanese,2025-02-15,156,1,0
V03658,C0989,Education,Hindi,2025-06-17,89,1,1
V03659,C0702,Education,Japanese,2025-04-27,53,0,0
V03660,C0818,Sports,Spanish,2025-06-02,40,1,0
V03661,C0681,Music,Hindi,2025-05-09,68,1,0
V03662,C0484,Technology,English,2025-05-02,32,0,0
V03663,C0797,Music,English,2025-01-03,139,1,0
V03664,C0823,Sports,Spanish,2025-03-30,73,0,0
V03665,C0794,Comedy,English,2025-03-16,119,0,0
V03666,C0641,Technology,English,2025-04-01,21,0,0
V03667,C0119,Music,Spanish,2025-06-04,128,0,1
V03668,C0482,Gaming,English,2025-03-25,69,0,0
V03669,C0667,News,English,2025-06-20,69,1,0
V03670,C0422,Music,English,2025-05-01,152,1,0
V03671,C0779,News,English,2025-05-01,83,1,0
V03672,C0402,Music,English,2025-01-20,35,1,0
V03673,C0375,Education,Portuguese,2025-03-07,62,0,0
V03674,C0716,Technology,Portuguese,2025-05-07,20,1,1
V03675,C0504,Comedy,Hindi,2025-05-12,130,1,0
V03676,C0091,Comedy,English,2025-06-02,176,1,0
V03677,C0847,News,Spanish,2025-01-06,45,0,0
V03678,C0804,Gaming,English,2025-03-30,110,1,0
V03679,C0344,Technology,Portuguese,2025-04-11,54,1,0
V03680,C0849,Music,English,2025-03-05,70,1,0
V03681,C0168,News,Hindi,2025-04-25,10,1,0
V03682,C0823,Sports,English,2025-02-07,32,1,1
V03683,C0529,Travel,English,2025-01-21,43,0,0
V03684,C0298,Gaming,Spanish,2025-01-20,14,0,0
V03685,C0861,Education,Hindi,2025-01-03,66,1,0
V03686,C0312,Gaming,Portuguese,2025-04-26,98,0,0
V03687,C0512,Fashion,English,2025-05-19,43,0,0
V03688,C0359,Food,Portuguese,2025-01-14,95,1,0
V03689,C0090,Gaming,English,2025-04-26,12,1,0
V03690,C0866,Music,English,2025-06-03,123,1,0
V03691,C0294,Music,Portuguese,2025-06-13,58,0,0
V03692,C0548,Gaming,Hindi,2025-02-07,149,1,0
V03693,C0245,Music,Hindi,2025-06-25,60,1,0
V03694,C0886,Education,English,2025-04-22,160,1,1
V03695,C0867,Gaming,Portuguese,2025-01-25,41,0,0
V03696,C0961,Comedy,Hindi,2025-05-04,64,0,0
V03697,C0811,News,Hindi,2025-04-09,141,1,0
V03698,C0775,Gaming,English,2025-02-19,83,1,0
V03699,C0196,Sports,English,2025-03-11,11,0,0
V03700,C0741,Education,English,2025-03-23,153,0,0
V03701,C0141,Sports,English,2025-04-04,172,1,0
V03702,C0338,Sports,Spanish,2025-05-21,69,1,0
V03703,C0920,Comedy,English,2025-05-01,42,1,0
V03704,C0019,Sports,Portuguese,2025-03-28,61,1,0
V03705,C0372,Sports,English,2025-02-06,118,1,0
V03706,C0766,Music,English,2025-02-17,133,0,0
V03707,C0278,Comedy,Portuguese,2025-01-27,157,1,0
V03708,C0069,Comedy,Hindi,2025-06-04,60,1,1
V03709,C0464,News,Spanish,2025-01-09,153,1,0
V03710,C0679,Travel,English,2025-01-12,119,1,0
V03711,C0373,Technology,Portuguese,2025-01-25,86,0,0
V03712,C0561,Comedy,English,2025-03-02,40,1,0
V03713,C0248,Gaming,Japanese,2025-04-24,97,0,0
V03714,C0903,Fashion,English,2025-03-26,101,0,0
V03715,C0393,Music,English,2025-04-10,84,1,0
V03716,C0982,Music,English,2025-05-07,31,0,0
V03717,C0087,Gaming,English,2025-05-27,80,0,0
V03718,C0515,Fashion,Spanish,2025-03-11,29,1,0
V03719,C0515,Gaming,English,2025-03-02,18,1,0
V03720,C0192,Education,English,2025-04-24,80,0,0
V03721,C0333,Technology,Spanish,2025-06-21,101,1,0
V03722,C0733,Technology,Spanish,2025-04-16,173,1,0
V03723,C0161,Fashion,English,2025-05-31,92,0,0
V03724,C0708,Technology,Japanese,2025-01-29,125,1,0
V03725,C0128,Education,Spanish,2025-01-29,67,0,0
V03726,C0408,Sports,English,2025-04-02,30,1,0
V03727,C0214,Technology,Spanish,2025-03-01,136,0,0
V03728,C0315,Music,English,2025-04-28,128,1,0
V03729,C0317,Music,Spanish,2025-03-08,18,1,0
V03730,C0101,Food,English,2025-02-26,75,1,1
V03731,C0770,Gaming,Hindi,2025-03-13,175,1,0
V03732,C0920,Travel,English,2025-01-02,177,0,0
V03733,C0410,Technology,Japanese,2025-04-11,41,1,0
V03734,C0186,Music,Portuguese,2025-04-24,72,1,0
V03735,C0435,Technology,English,2025-05-08,158,1,0
V03736,C0452,Gaming,Spanish,2025-05-12,14,1,0
V03737,C0273,Sports,Hindi,2025-01-29,145,1,0
V03738,C0096,Gaming,Portuguese,2025-01-12,10,1,0
V03739,C0250,Comedy,Japanese,2025-02-16,73,1,0
V03740,C0712,Gaming,English,2025-04-09,28,1,0
V03741,C0163,News,Hindi,2025-06-09,99,1,0
V03742,C0913,Music,English,2025-06-12,12,0,0
V03743,C0641,Gaming,Portuguese,2025-04-19,164,1,0
V03744,C0337,Gaming,Spanish,2025-06-16,178,1,0
V03745,C0362,Music,Spanish,2025-01-11,27,0,0
V03746,C0837,Comedy,Spanish,2025-03-23,90,0,0
V03747,C0841,Music,English,2025-03-08,86,1,1
V03748,C0228,Music,English,2025-02-07,18,1,1
V03749,C0546,Food,Portuguese,2025-02-08,22,0,0
V03750,C0319,Technology,Portuguese,2025-05-05,55,0,0
V03751,C0489,Sports,Hindi,2025-06-26,148,0,0
V03752,C0178,Music,Portuguese,2025-02-09,133,1,0
V03753,C0759,Education,English,2025-06-02,78,1,0
V03754,C0020,Technology,Hindi,2025-01-14,84,1,0
V03755,C0701,Sports,Hindi,2025-03-08,31,1,0
V03756,C0287,Gaming,English,2025-02-06,129,1,0
V03757,C0135,Music,Japanese,2025-05-10,123,1,0
V03758,C0565,Sports,Hindi,2025-04-03,107,1,0
V03759,C0042,Gaming,English,2025-05-15,171,1,0
V03760,C0562,Education,Hindi,2025-05-15,122,1,0
V03761,C0658,Travel,English,2025-04-01,43,1,0
V03762,C0514,Music,English,2025-04-27,165,0,0
V03763,C0917,Music,Japanese,2025-05-15,102,1,0
V03764,C0787,Education,English,2025-03-06,49,1,1
V03765,C0169,News,Spanish,2025-06-15,163,0,0
V03766,C0675,Gaming,English,2025-04-23,11,1,1
V03767,C0745,Food,Hindi,2025-04-20,143,1,0
V03768,C0323,Gaming,Spanish,2025-03-07,52,1,0
V03769,C0716,Music,English,2025-04-30,95,1,1
V03770,C0340,News,English,2025-02-28,166,0,0
V03771,C0958,Comedy,Portuguese,2025-03-23,135,1,0
V03772,C0648,Gaming,Spanish,2025-03-05,48,0,1
V03773,C0020,Comedy,Spanish,2025-02-01,32,1,0
V03774,C0525,Food,English,2025-01-21,174,1,0
V03775,C0349,Education,Spanish,2025-03-30,79,1,0
V03776,C0260,Technology,Japanese,2025-06-20,154,1,0
V03777,C0461,Technology,English,2025-06-03,25,1,0
V03778,C0495,Comedy,Spanish,2025-06-26,45,1,0
V03779,C0254,Gaming,English,2025-01-09,56,1,0
V03780,C0768,Technology,English,2025-04-07,158,0,0
V03781,C0719,Comedy,Hindi,2025-02-12,177,0,0
V03782,C0462,Comedy,Portuguese,2025-06-28,145,1,0
V03783,C0204,Education,Hindi,2025-01-01,132,1,0
V03784,C0819,Sports,Hindi,2025-05-05,120,0,0
V03785,C0760,News,Spanish,2025-02-13,145,0,0
V03786,C0898,Sports,Japanese,2025-05-15,40,1,0
V03787,C0811,Education,English,2025-02-14,123,1,0
V03788,C0258,Gaming,Spanish,2025-04-01,33,1,0
V03789,C0819,Comedy,Portuguese,2025-05-02,55,1,0
V03790,C0992,Technology,Hindi,2025-02-11,13,1,1
V03791,C0781,Travel,Hindi,2025-02-16,101,1,0
V03792,C0302,Sports,English,2025-04-04,31,1,0
V03793,C0679,Music,Hindi,2025-05-23,133,1,0
V03794,C0850,Sports,English,2025-05-30,86,1,0
V03795,C0548,Sports,English,2025-06-08,82,1,0
V03796,C0450,Comedy,English,2025-03-06,141,0,0
V03797,C0739,News,English,2025-06-06,50,1,0
V03798,C0039,News,Hindi,2025-05-24,111,1,0
V03799,C0314,Music,Spanish,2025-03-14,168,1,0
V03800,C0331,Education,English,2025-02-09,13,1,0
V03801,C0997,Gaming,Spanish,2025-03-19,143,0,0
V03802,C0343,News,English,2025-02-05,74,1,0
V03803,C0451,News,English,2025-06-10,27,1,0
V03804,C0460,Comedy,English,2025-01-02,61,1,0
V03805,C0246,Food,Portuguese,2025-03-12,158,1,0
V03806,C0103,Technology,English,2025-01-02,164,0,0
V03807,C0983,News,Portuguese,2025-01-15,12,1,0
V03808,C0374,Education,Spanish,2025-03-11,171,1,0
V03809,C0289,Gaming,English,2025-01-06,103,0,0
V03810,C0174,Sports,Spanish,2025-04-18,116,1,0
V03811,C0983,Fashion,English,2025-01-23,161,1,0
V03812,C0422,Comedy,Hindi,2025-01-28,122,1,0
V03813,C0264,Sports,Hindi,2025-02-26,31,1,0
V03814,C0947,Music,English,2025-03-27,98,1,0
V03815,C0702,Music,Japanese,2025-02-07,59,1,0
V03816,C0383,Technology,Hindi,2025-05-03,65,1,0
V03817,C0703,Comedy,Japanese,2025-04-24,136,1,0
V03818,C0202,Gaming,Portuguese,2025-06-27,80,1,0
V03819,C0100,Sports,Hindi,2025-05-29,89,0,0
V03820,C0258,News,Spanish,2025-03-11,152,1,0
V03821,C0553,Education,Spanish,2025-01-09,93,0,1
V03822,C0549,Comedy,English,2025-01-06,145,1,0
V03823,C0416,Education,Spanish,2025-02-08,155,1,0
V03824,C0014,Education,Portuguese,2025-02-08,55,1,0
V03825,C0991,Technology,Japanese,2025-02-25,10,0,0
V03826,C0941,Music,Japanese,2025-02-03,54,1,0
V03827,C0939,Sports,Spanish,2025-02-12,107,0,0
V03828,C0154,Food,English,2025-06-21,63,0,0
V03829,C0848,Music,English,2025-02-20,118,1,0
V03830,C0946,Gaming,English,2025-05-20,144,0,0
V03831,C0583,Education,Japanese,2025-02-03,162,1,0
V03832,C0291,Music,English,2025-03-07,52,1,0
V03833,C0384,Sports,Hindi,2025-06-14,15,1,0
V03834,C0482,Sports,English,2025-04-18,41,1,0
V03835,C0633,Gaming,English,2025-02-17,23,0,0
V03836,C0018,Education,Hindi,2025-02-04,92,1,0
V03837,C0796,Food,English,2025-02-08,56,0,0
V03838,C0741,Travel,English,2025-01-05,61,1,0
V03839,C0940,Education,English,2025-02-04,116,1,0
V03840,C0387,Education,English,2025-06-13,144,1,0
V03841,C0565,Gaming,Spanish,2025-02-20,143,1,0
V03842,C0520,Food,Hindi,2025-06-26,60,1,0
V03843,C0581,Music,English,2025-01-20,135,0,0
V03844,C0036,Food,English,2025-01-05,161,1,0
V03845,C0316,Sports,Japanese,2025-06-11,51,1,0
V03846,C0786,Gaming,English,2025-05-12,87,0,1
V03847,C0274,Gaming,English,2025-01-27,161,1,0
V03848,C0225,Comedy,English,2025-03-15,153,1,0
V03849,C0922,Music,English,2025-05-08,175,1,0
V03850,C0857,Food,Spanish,2025-06-02,32,1,0
V03851,C0707,Education,Portuguese,2025-06-21,59,0,0
V03852,C0421,Travel,Portuguese,2025-01-22,73,0,0
V03853,C0951,Education,English,2025-03-07,52,0,0
V03854,C0525,Music,English,2025-02-10,147,1,0
V03855,C0190,Technology,English,2025-03-01,52,0,0
V03856,C0060,Food,Japanese,2025-03-30,22,1,0
V03857,C0749,Gaming,English,2025-02-16,154,1,0
V03858,C0067,Music,English,2025-03-13,42,1,0
V03859,C0581,Education,English,2025-06-07,70,1,0
V03860,C0790,Fashion,English,2025-03-14,162,1,0
V03861,C0950,Food,Spanish,2025-05-09,149,1,0
V03862,C0915,Sports,English,2025-02-03,53,1,0
V03863,C0925,Education,English,2025-04-13,157,1,0
V03864,C0407,Sports,English,2025-06-05,110,0,0
V03865,C0790,Music,Portuguese,2025-05-02,92,0,0
V03866,C0763,Sports,Japanese,2025-06-21,142,1,0
V03867,C0873,News,English,2025-03-26,134,0,0
V03868,C0991,Gaming,English,2025-06-20,90,1,0
V03869,C0479,News,English,2025-05-19,26,0,0
V03870,C0288,Sports,English,2025-01-13,170,0,0
V03871,C0230,Sports,English,2025-01-24,118,1,0
V03872,C0292,Fashion,English,2025-01-29,136,1,0
V03873,C0711,Music,Japanese,2025-06-21,147,1,0
V03874,C0686,Gaming,Japanese,2025-06-29,73,1,0
V03875,C0053,Gaming,Spanish,2025-01-26,18,0,1
V03876,C0411,Education,Hindi,2025-06-04,119,1,0
V03877,C0532,Gaming,Hindi,2025-02-06,35,1,0
V03878,C0220,Gaming,Spanish,2025-02-07,49,1,1
V03879,C0711,Technology,Spanish,2025-04-14,86,0,0
V03880,C0007,Fashion,English,2025-03-15,78,1,1
V03881,C0810,Gaming,Spanish,2025-05-15,148,0,0
V03882,C0082,Music,Hindi,2025-03-14,156,0,0
V03883,C0658,Technology,Japanese,2025-03-03,170,0,1
V03884,C0460,Music,Japanese,2025-04-27,180,0,0
V03885,C0901,Music,Hindi,2025-03-25,97,1,1
V03886,C0002,Fashion,English,2025-05-04,176,0,0
V03887,C0685,Music,Japanese,2025-02-17,125,1,0
V03888,C0184,Sports,Spanish,2025-06-28,111,1,0
V03889,C0322,Gaming,Portuguese,2025-01-09,77,1,0
V03890,C0698,Music,English,2025-05-29,97,0,0
V03891,C0553,Travel,Hindi,2025-04-30,158,1,0
V03892,C0917,Music,Portuguese,2025-04-25,119,0,0
V03893,C0992,Education,Portuguese,2025-02-06,171,1,0
V03894,C0319,Comedy,Portuguese,2025-06-15,123,0,0
V03895,C0768,News,Spanish,2025-04-14,118,0,0
V03896,C0225,Sports,Japanese,2025-02-27,40,0,0
V03897,C0936,Education,Spanish,2025-06-03,151,0,1
V03898,C0825,Food,English,2025-01-29,85,1,0
V03899,C0489,Technology,Hindi,2025-03-05,11,0,0
V03900,C0680,Education,English,2025-02-17,27,1,0
V03901,C0266,Travel,Portuguese,2025-01-11,18,0,0
V03902,C0760,Gaming,Spanish,2025-05-03,62,0,0
V03903,C0783,Gaming,English,2025-06-04,146,1,0
V03904,C0712,Education,English,2025-02-24,32,1,0
V03905,C0508,Technology,English,2025-06-19,108,1,0
V03906,C0903,Comedy,English,2025-01-25,119,1,0
V03907,C0765,Education,Hindi,2025-06-15,42,0,0
V03908,C0730,Comedy,English,2025-04-09,66,1,0
V03909,C0037,Comedy,English,2025-04-24,26,1,0
V03910,C0456,Food,English,2025-06-22,22,1,0
V03911,C0171,Fashion,English,2025-04-05,178,0,0
V03912,C0866,News,Spanish,2025-02-10,15,0,0
V03913,C0819,Sports,English,2025-05-22,106,1,0
V03914,C0540,Gaming,Spanish,2025-01-16,118,1,0
V03915,C0005,Music,English,2025-06-02,130,1,0
V03916,C0517,Comedy,Hindi,2025-04-02,123,1,0
V03917,C0247,News,English,2025-06-03,172,1,0
V03918,C0523,Sports,English,2025-05-09,157,1,0
V03919,C0684,Gaming,English,2025-04-30,150,1,0
V03920,C0641,Fashion,Japanese,2025-01-13,39,0,0
V03921,C0331,Music,English,2025-02-02,93,1,0
V03922,C0081,Sports,Japanese,2025-04-09,57,1,0
V03923,C0369,Food,English,2025-03-17,141,0,1
V03924,C0776,Education,Spanish,2025-05-26,112,1,0
V03925,C0692,Comedy,Hindi,2025-06-21,126,0,0
V03926,C0373,Comedy,English,2025-05-06,61,1,0
V03927,C0576,News,Japanese,2025-05-26,167,0,0
V03928,C0332,Education,English,2025-04-09,155,1,1
V03929,C0043,Technology,English,2025-03-14,146,0,0
V03930,C0203,Travel,Japanese,2025-04-07,109,0,0
V03931,C0231,News,English,2025-04-11,91,1,1
V03932,C0215,Education,English,2025-04-01,34,1,0
V03933,C0780,Food,English,2025-02-04,41,1,0
V03934,C0676,Music,English,2025-03-04,152,1,0
V03935,C0546,Music,English,2025-05-19,85,1,0
V03936,C0334,Food,English,2025-03-14,96,0,0
V03937,C0526,Fashion,English,2025-04-13,158,0,0
V03938,C0451,Travel,English,2025-05-15,114,1,0
V03939,C0820,Comedy,English,2025-04-04,66,1,0
V03940,C0825,Fashion,Hindi,2025-05-19,175,1,0
V03941,C0972,Food,English,2025-04-07,88,0,0
V03942,C0329,Comedy,Hindi,2025-04-02,35,1,0
V03943,C0922,Comedy,English,2025-02-22,14,1,0
V03944,C0292,Sports,Hindi,2025-04-23,41,1,0
V03945,C0240,Music,Hindi,2025-03-19,16,1,1
V03946,C0033,Sports,Hindi,2025-05-04,31,0,0
V03947,C0049,Music,English,2025-06-28,81,0,0
V03948,C0400,Music,English,2025-06-03,129,0,0
V03949,C0021,Comedy,Hindi,2025-04-24,113,1,0
V03950,C0883,Gaming,Japanese,2025-05-07,29,1,0
V03951,C0217,Fashion,Hindi,2025-01-08,117,0,0
V03952,C0258,Sports,English,2025-02-10,157,1,0
V03953,C0838,Food,English,2025-02-12,119,1,0
V03954,C0010,Music,English,2025-06-23,109,0,0
V03955,C0521,Music,English,2025-02-09,175,1,0
V03956,C0661,Travel,English,2025-03-29,69,1,0
V03957,C0763,Sports,English,2025-06-17,93,0,0
V03958,C0168,Technology,English,2025-02-15,104,0,0
V03959,C0897,Food,English,2025-03-18,42,0,0
V03960,C0172,Education,Hindi,2025-02-12,144,0,0
V03961,C0406,Sports,Spanish,2025-03-01,21,0,0
V03962,C0580,Travel,Japanese,2025-03-24,88,1,0
V03963,C0942,Gaming,English,2025-06-22,170,1,0
V03964,C0346,Travel,English,2025-03-15,120,1,0
V03965,C0770,Gaming,English,2025-04-21,71,1,0
V03966,C0957,Gaming,Hindi,2025-01-31,29,1,1
V03967,C0940,Music,English,2025-06-13,147,0,0
V03968,C0956,Education,English,2025-03-14,117,1,1
V03969,C0567,Education,English,2025-02-19,64,1,0
V03970,C0160,Fashion,Hindi,2025-04-17,141,0,0
V03971,C0822,Comedy,English,2025-01-17,178,1,0
V03972,C0950,Comedy,Spanish,2025-01-27,43,1,0
V03973,C0645,Music,Hindi,2025-05-26,134,1,1
V03974,C0092,Sports,Spanish,2025-01-17,12,1,0
V03975,C0769,Gaming,Japanese,2025-02-27,150,1,1
V03976,C0524,Education,Hindi,2025-03-28,130,1,1
V03977,C0307,Sports,English,2025-04-11,63,0,0
V03978,C0187,News,Japanese,2025-03-10,179,1,0
V03979,C0192,Gaming,English,2025-02-14,127,0,0
V03980,C0047,Gaming,Hindi,2025-04-24,146,0,0
V03981,C0784,Food,Hindi,2025-01-08,67,1,0
V03982,C0730,Fashion,Hindi,2025-04-01,16,1,0
V03983,C0725,Sports,English,2025-04-10,102,1,0
V03984,C0499,Gaming,English,2025-05-01,141,1,1
V03985,C0384,Fashion,English,2025-03-07,102,1,0
V03986,C0665,Education,English,2025-03-24,99,1,0
V03987,C0523,Gaming,English,2025-03-29,156,0,0
V03988,C0781,Food,Japanese,2025-04-01,165,0,0
V03989,C0546,Comedy,Hindi,2025-03-25,145,0,0
V03990,C0994,Comedy,Spanish,2025-03-21,118,0,0
V03991,C0543,Fashion,Hindi,2025-03-13,19,0,0
V03992,C0460,Music,Spanish,2025-06-06,124,0,0
V03993,C0573,Comedy,Hindi,2025-04-07,150,1,1
V03994,C0450,Sports,Portuguese,2025-03-03,35,1,0
V03995,C0423,News,Hindi,2025-02-23,109,0,1
V03996,C0747,Technology,English,2025-03-16,55,1,0
V03997,C0412,Sports,English,2025-01-05,43,1,0
V03998,C0620,Music,Japanese,2025-02-04,50,1,0
V03999,C0708,Travel,Japanese,2025-03-27,118,1,0
V04000,C0559,Music,English,2025-02-15,86,1,0
V04001,C0780,Gaming,Hindi,2025-02-21,77,1,0
V04002,C0342,News,English,2025-05-06,149,0,0
V04003,C0932,Education,English,2025-01-15,45,1,0
V04004,C0814,Comedy,Hindi,2025-03-11,41,1,0
V04005,C0338,Music,Portuguese,2025-06-25,172,1,0
V04006,C0673,Gaming,English,2025-01-17,123,1,0
V04007,C0500,News,English,2025-02-27,168,1,0
V04008,C0275,Music,Portuguese,2025-06-13,107,1,0
V04009,C0066,News,English,2025-04-08,49,1,0
V04010,C0073,Comedy,Portuguese,2025-04-10,13,1,0
V04011,C0925,Fashion,English,2025-04-17,175,0,0
V04012,C0092,Food,English,2025-05-05,114,1,0
V04013,C0843,News,Spanish,2025-01-16,98,1,0
V04014,C0961,Comedy,English,2025-06-02,126,1,0
V04015,C0353,Gaming,Hindi,2025-02-23,174,1,0
V04016,C0491,Travel,English,2025-06-29,67,1,0
V04017,C0512,Education,Hindi,2025-02-14,70,1,0
V04018,C0085,Gaming,Portuguese,2025-01-20,124,0,0
V04019,C0064,News,Spanish,2025-01-24,93,1,0
V04020,C0857,Education,Japanese,2025-01-14,137,0,0
V04021,C0260,News,Portuguese,2025-03-11,158,1,0
V04022,C0421,Comedy,Spanish,2025-01-08,144,0,0
V04023,C0697,Food,Hindi,2025-04-17,164,0,0
V04024,C0039,Education,English,2025-02-08,76,1,0
V04025,C0062,Technology,Hindi,2025-03-06,88,1,0
V04026,C0269,Technology,Hindi,2025-02-08,93,1,0
V04027,C0662,Food,Spanish,2025-05-12,95,1,0
V04028,C0874,Music,Portuguese,2025-03-05,105,1,0
V04029,C0075,Gaming,English,2025-02-18,32,1,0
V04030,C0884,Education,English,2025-02-28,150,1,0
V04031,C0955,Music,Hindi,2025-05-25,106,1,1
V04032,C0785,Travel,English,2025-06-08,155,0,0
V04033,C0753,Education,English,2025-05-30,100,0,0
V04034,C0318,Fashion,English,2025-05-13,138,0,0
V04035,C0750,Technology,Portuguese,2025-06-14,40,1,0
V04036,C0718,News,Spanish,2025-02-23,95,1,0
V04037,C0288,Education,English,2025-02-07,120,1,0
V04038,C0535,Sports,Japanese,2025-05-18,108,1,0
V04039,C0631,Food,English,2025-04-28,101,1,0
V04040,C0687,Comedy,Hindi,2025-01-27,165,1,0
V04041,C0210,Food,English,2025-06-16,29,1,0
V04042,C0919,Technology,Spanish,2025-05-27,78,1,0
V04043,C0350,Comedy,Portuguese,2025-05-20,112,1,0
V04044,C0818,Education,Portuguese,2025-05-24,131,1,0
V04045,C0322,Comedy,Hindi,2025-04-16,153,1,0
V04046,C0795,Food,English,2025-06-27,46,1,0
V04047,C0703,Education,Japanese,2025-02-20,81,0,0
V04048,C0093,Food,English,2025-01-02,173,1,0
V04049,C0939,Food,English,2025-05-30,126,0,0
V04050,C0183,Gaming,English,2025-02-28,110,1,0
V04051,C0816,Fashion,Spanish,2025-02-24,30,1,1
V04052,C0898,Music,English,2025-06-09,118,1,0
V04053,C0775,Food,English,2025-03-09,95,1,0
V04054,C0930,Education,Hindi,2025-06-02,45,1,0
V04055,C0649,News,Spanish,2025-03-20,115,0,0
V04056,C0942,Music,Spanish,2025-03-20,38,1,0
V04057,C0672,Food,English,2025-06-09,89,1,0
V04058,C0031,Education,English,2025-04-23,159,1,0
V04059,C0303,Food,English,2025-05-28,43,1,0
V04060,C0483,Music,Spanish,2025-05-08,133,1,0
V04061,C0436,Comedy,Japanese,2025-01-03,180,1,0
V04062,C0244,Gaming,English,2025-04-02,151,1,0
V04063,C0131,Comedy,English,2025-05-08,49,0,0
V04064,C0133,Travel,Spanish,2025-04-10,81,1,0
V04065,C0381,Sports,Hindi,2025-05-28,140,0,0
V04066,C0567,Travel,English,2025-01-29,27,1,0
V04067,C0128,Education,Japanese,2025-06-18,117,1,0
V04068,C0151,Music,Spanish,2025-03-19,66,0,0
V04069,C0152,Music,English,2025-02-14,133,0,0
V04070,C0971,Education,Spanish,2025-02-14,122,1,0
V04071,C0606,Comedy,English,2025-05-21,138,1,0
V04072,C0526,Fashion,Hindi,2025-05-26,40,1,0
V04073,C0609,Technology,Hindi,2025-02-10,36,1,0
V04074,C0685,Comedy,English,2025-04-03,102,1,0
V04075,C0170,Gaming,English,2025-02-15,49,1,0
V04076,C0320,Music,Portuguese,2025-04-11,12,1,0
V04077,C0977,Education,English,2025-04-24,56,1,0
V04078,C0807,Fashion,Spanish,2025-06-02,25,0,0
V04079,C0420,News,English,2025-04-18,83,0,0
V04080,C0672,Travel,Japanese,2025-05-28,141,1,0
V04081,C0236,Music,English,2025-04-02,19,1,0
V04082,C0709,Comedy,English,2025-05-21,134,1,0
V04083,C0423,Education,English,2025-06-08,109,1,0
V04084,C0945,Comedy,English,2025-03-31,115,1,1
V04085,C0271,Music,English,2025-03-08,135,1,0
V04086,C0357,Comedy,English,2025-06-03,131,1,0
V04087,C0419,Comedy,English,2025-01-17,167,1,0
V04088,C0385,Food,English,2025-03-02,113,1,0
V04089,C0678,Travel,Spanish,2025-06-14,154,0,0
V04090,C0069,Comedy,English,2025-02-06,37,1,0
V04091,C0557,Music,English,2025-03-25,99,1,0
V04092,C0524,Gaming,Hindi,2025-05-30,50,1,0
V04093,C0287,Education,English,2025-05-16,80,1,0
V04094,C0675,Music,English,2025-03-23,136,1,0
V04095,C0843,Sports,English,2025-02-10,143,1,0
V04096,C0988,Technology,English,2025-03-27,41,0,0
V04097,C0744,Fashion,Hindi,2025-03-29,27,1,1
V04098,C0420,Fashion,English,2025-06-15,11,1,0
V04099,C0327,Technology,Hindi,2025-04-19,94,0,0
V04100,C0184,Sports,English,2025-01-06,111,1,1
V04101,C0894,News,English,2025-03-14,13,0,0
V04102,C0072,Gaming,Portuguese,2025-01-27,127,0,0
V04103,C0287,Sports,English,2025-04-23,78,0,0
V04104,C0946,Education,Spanish,2025-06-19,144,1,0
V04105,C0046,Technology,Hindi,2025-01-25,112,0,0
V04106,C0881,Gaming,English,2025-03-01,77,0,0
V04107,C0669,Music,English,2025-05-24,136,0,0
V04108,C0872,Comedy,English,2025-01-02,113,1,0
V04109,C0773,Technology,Portuguese,2025-04-08,102,1,0
V04110,C0969,Technology,Spanish,2025-06-07,114,0,0
V04111,C0673,Gaming,English,2025-05-08,57,0,0
V04112,C0951,Education,English,2025-06-12,59,1,0
V04113,C0819,Fashion,English,2025-03-10,42,1,0
V04114,C0804,Comedy,Spanish,2025-03-07,47,1,0
V04115,C0294,Education,English,2025-02-13,145,1,0
V04116,C0365,Sports,English,2025-03-23,110,1,0
V04117,C0444,Gaming,English,2025-03-24,28,1,1
V04118,C0054,Comedy,Hindi,2025-05-14,145,0,0
V04119,C0473,Food,Portuguese,2025-05-27,125,0,0
V04120,C0065,Education,Portuguese,2025-03-20,16,1,0
V04121,C0419,Music,English,2025-05-29,53,1,0
V04122,C0129,Fashion,English,2025-06-01,119,1,0
V04123,C0281,Comedy,Spanish,2025-05-15,164,1,0
V04124,C0982,Fashion,Hindi,2025-04-15,125,0,1
V04125,C0120,News,Hindi,2025-02-28,34,1,0
V04126,C0833,Sports,English,2025-03-05,64,0,0
V04127,C0528,Technology,Spanish,2025-04-24,91,1,0
V04128,C0983,Comedy,Spanish,2025-01-05,57,0,0
V04129,C0146,Travel,English,2025-04-21,101,1,0
V04130,C0612,Comedy,Hindi,2025-06-02,53,1,0
V04131,C0308,Travel,Portuguese,2025-01-07,22,1,0
V04132,C0544,Education,English,2025-06-29,90,0,0
V04133,C0069,Education,Spanish,2025-01-28,97,1,0
V04134,C0875,Gaming,English,2025-01-30,61,1,1
V04135,C0184,Comedy,Hindi,2025-03-06,57,1,0
V04136,C0052,Food,English,2025-04-21,161,1,0
V04137,C0794,Sports,Spanish,2025-05-03,52,1,0
V04138,C0467,Travel,Portuguese,2025-06-05,123,1,0
V04139,C0409,Travel,English,2025-04-28,11,0,1
V04140,C0138,Education,Spanish,2025-06-27,79,0,0
V04141,C0064,Food,Hindi,2025-04-29,27,0,0
V04142,C0711,Education,English,2025-04-22,146,1,1
V04143,C0924,Music,Hindi,2025-06-18,157,0,0
V04144,C0067,Gaming,English,2025-03-17,101,1,0
V04145,C0340,Music,English,2025-03-16,80,1,0
V04146,C0501,Fashion,English,2025-02-09,165,1,0
V04147,C0999,Gaming,English,2025-03-17,47,0,0
V04148,C0539,Music,English,2025-01-13,93,0,1
V04149,C0102,Travel,Spanish,2025-04-14,155,0,0
V04150,C0827,Music,English,2025-03-17,31,1,0
V04151,C0180,News,Portuguese,2025-02-06,152,0,0
V04152,C0437,Travel,Hindi,2025-04-03,90,1,0
V04153,C0177,Sports,English,2025-01-22,61,1,0
V04154,C0868,Technology,Japanese,2025-03-05,126,1,0
V04155,C0584,Music,Spanish,2025-04-21,59,0,0
V04156,C0891,Sports,Spanish,2025-03-29,129,1,0
V04157,C0620,News,Spanish,2025-05-05,29,0,0
V04158,C0573,News,Portuguese,2025-06-23,165,1,0
V04159,C0615,Food,English,2025-03-01,46,1,0
V04160,C0388,Comedy,Portuguese,2025-01-19,166,0,0
V04161,C0361,Food,Spanish,2025-02-03,42,1,0
V04162,C0760,Technology,Hindi,2025-01-21,151,0,1
V04163,C0351,Food,Japanese,2025-05-12,46,1,0
V04164,C0567,Technology,English,2025-04-18,35,1,0
V04165,C0993,Education,Hindi,2025-02-04,170,0,0
V04166,C0526,Sports,English,2025-01-07,103,0,0
V04167,C0969,Sports,English,2025-06-10,81,1,1
V04168,C0916,Music,Spanish,2025-05-14,87,1,0
V04169,C0771,Sports,English,2025-04-28,68,1,0
V04170,C0982,Sports,Japanese,2025-04-05,73,1,0
V04171,C0549,Sports,Japanese,2025-01-06,135,1,0
V04172,C0654,Sports,English,2025-02-06,176,1,0
V04173,C0546,Fashion,Spanish,2025-02-08,147,0,0
V04174,C0966,Sports,English,2025-01-14,85,1,0
V04175,C0689,Travel,English,2025-06-26,110,1,1
V04176,C0178,Travel,Spanish,2025-03-16,82,1,0
V04177,C0110,Fashion,English,2025-02-25,55,0,0
V04178,C0278,Education,English,2025-02-09,67,0,0
V04179,C0974,Comedy,Portuguese,2025-02-15,143,0,0
V04180,C0305,Comedy,English,2025-02-26,22,1,0
V04181,C0778,Comedy,Japanese,2025-05-09,110,0,0
V04182,C0487,Music,English,2025-04-12,57,1,0
V04183,C0788,Sports,English,2025-01-14,50,1,0
V04184,C0581,Music,Hindi,2025-03-30,57,0,0
V04185,C0704,Comedy,Hindi,2025-01-12,129,1,0
V04186,C0684,Sports,English,2025-03-13,139,1,0
V04187,C0318,Music,Hindi,2025-04-11,56,0,0
V04188,C0301,Comedy,Spanish,2025-01-03,36,0,0
V04189,C0112,Music,English,2025-02-03,39,1,0
V04190,C0453,Music,Spanish,2025-03-05,164,1,0
V04191,C0181,Technology,Hindi,2025-06-16,21,1,0
V04192,C0798,Fashion,English,2025-06-26,146,1,0
V04193,C0658,Music,Spanish,2025-03-21,94,1,0
V04194,C0477,Music,English,2025-03-17,134,1,0
V04195,C0888,Comedy,Hindi,2025-01-31,15,1,0
V04196,C0452,Sports,English,2025-01-22,169,1,0
V04197,C0905,Sports,Portuguese,2025-01-26,65,1,0
V04198,C0672,News,English,2025-04-15,74,1,0
V04199,C0447,Music,English,2025-03-23,158,0,0
V04200,C0411,Music,English,2025-04-03,75,1,0
V04201,C0809,Gaming,Spanish,2025-05-25,28,1,1
V04202,C0110,Travel,Hindi,2025-01-14,161,1,0
V04203,C0894,Comedy,Hindi,2025-03-17,39,0,0
V04204,C0091,Education,English,2025-06-25,74,1,0
V04205,C0239,Education,Hindi,2025-06-18,41,1,0
V04206,C0109,Education,Hindi,2025-02-10,145,1,0
V04207,C0214,Technology,English,2025-01-26,77,1,0
V04208,C0789,Technology,English,2025-06-19,47,0,0
V04209,C0799,Food,Hindi,2025-02-09,30,1,0
V04210,C0390,News,Hindi,2025-03-02,80,1,0
V04211,C0962,Gaming,Hindi,2025-03-25,103,0,0
V04212,C0189,Comedy,English,2025-06-08,130,1,0
V04213,C0691,Sports,English,2025-05-18,60,0,1
V04214,C0833,Comedy,English,2025-05-10,31,1,0
V04215,C0610,Food,English,2025-04-03,161,1,0
V04216,C0997,Sports,Spanish,2025-01-31,95,0,1
V04217,C0720,Technology,Hindi,2025-04-28,50,1,0
V04218,C0999,Comedy,English,2025-04-22,164,1,0
V04219,C0414,Sports,English,2025-03-02,97,0,0
V04220,C0863,Gaming,English,2025-04-25,46,1,0
V04221,C0345,Music,Portuguese,2025-02-09,32,1,0
V04222,C0274,Music,Japanese,2025-04-08,102,1,0
V04223,C0097,Fashion,Portuguese,2025-05-20,167,1,0
V04224,C0332,Technology,Portuguese,2025-05-13,144,0,0
V04225,C0007,News,English,2025-03-31,83,1,0
V04226,C0583,Fashion,English,2025-02-23,79,0,0
V04227,C0875,Travel,English,2025-02-09,36,1,0
V04228,C0547,Music,English,2025-01-02,124,0,1
V04229,C0517,Education,Portuguese,2025-01-28,39,1,0
V04230,C0621,Comedy,Hindi,2025-03-28,80,1,0
V04231,C0097,Education,Japanese,2025-01-13,104,1,0
V04232,C0813,Food,English,2025-06-10,95,1,0
V04233,C0853,Gaming,English,2025-03-19,146,0,0
V04234,C0118,Gaming,Japanese,2025-04-28,162,0,0
V04235,C0963,Food,English,2025-06-06,98,1,0
V04236,C0738,Comedy,Hindi,2025-02-17,139,1,1
V04237,C0892,Food,English,2025-04-13,100,1,0
V04238,C0468,Gaming,Spanish,2025-03-05,49,1,0
V04239,C0489,Sports,Hindi,2025-06-26,159,1,0
V04240,C0553,Food,English,2025-04-21,25,0,0
V04241,C0930,Comedy,English,2025-06-20,35,0,0
V04242,C0786,Technology,Hindi,2025-04-06,165,1,0
V04243,C0175,Gaming,Spanish,2025-03-31,50,1,0
V04244,C0831,News,Spanish,2025-03-31,14,0,0
V04245,C0852,Music,English,2025-04-22,54,1,0
V04246,C0742,Comedy,English,2025-01-08,123,0,0
V04247,C0549,Gaming,English,2025-05-24,94,1,0
V04248,C0692,Gaming,Spanish,2025-01-18,25,1,0
V04249,C0389,Music,Spanish,2025-02-25,107,0,0
V04250,C0041,Comedy,Hindi,2025-05-06,74,1,0
V04251,C0094,Sports,Portuguese,2025-06-21,151,1,0
V04252,C0963,Sports,Japanese,2025-06-28,176,0,1
V04253,C0951,Fashion,Japanese,2025-03-30,60,1,0
V04254,C0105,Gaming,English,2025-03-09,67,1,0
V04255,C0679,Education,Hindi,2025-05-16,71,1,0
V04256,C0710,Comedy,Portuguese,2025-06-13,99,0,0
V04257,C0125,Gaming,English,2025-05-19,159,1,1
V04258,C0882,Gaming,English,2025-06-03,166,1,0
V04259,C0506,Music,Hindi,2025-02-27,39,1,0
V04260,C0543,Education,English,2025-03-17,37,0,0
V04261,C0526,Sports,English,2025-04-30,71,1,0
V04262,C0014,Music,Spanish,2025-06-09,37,1,0
V04263,C0156,Comedy,English,2025-06-07,65,1,0
V04264,C0186,Education,English,2025-06-15,171,1,0
V04265,C0238,Food,English,2025-02-04,37,1,0
V04266,C0856,Comedy,Hindi,2025-03-22,102,1,0
V04267,C0564,Sports,English,2025-02-18,152,1,0
V04268,C0200,Music,Spanish,2025-02-04,116,1,0
V04269,C0409,News,English,2025-06-24,58,0,0
V04270,C0851,Travel,English,2025-04-30,58,0,0
V04271,C0599,Travel,Portuguese,2025-05-23,19,1,0
V04272,C0050,Music,English,2025-03-25,67,1,0
V04273,C0973,Technology,Hindi,2025-03-30,176,1,0
V04274,C0273,Sports,Portuguese,2025-03-16,27,1,0
V04275,C0219,Travel,English,2025-06-26,138,0,0
V04276,C0047,Comedy,Japanese,2025-05-08,115,0,0
V04277,C0287,Comedy,Portuguese,2025-02-05,140,0,0
V04278,C0253,Sports,Spanish,2025-05-16,135,1,0
V04279,C0826,Comedy,English,2025-04-21,122,0,0
V04280,C0981,News,Hindi,2025-01-19,32,1,1
V04281,C0550,Education,English,2025-03-18,71,1,0
V04282,C0744,Education,Japanese,2025-05-16,64,1,0
V04283,C0293,Travel,Hindi,2025-01-09,45,0,0
V04284,C0464,Gaming,Portuguese,2025-02-16,65,1,0
V04285,C0526,Gaming,Japanese,2025-06-21,174,1,0
V04286,C0327,Sports,English,2025-06-19,132,1,0
V04287,C0877,Food,Hindi,2025-01-31,110,1,0
V04288,C0314,Music,Portuguese,2025-02-23,51,1,0
V04289,C0679,Education,English,2025-06-21,66,0,0
V04290,C0035,Food,English,2025-05-02,78,1,0
V04291,C0664,News,Portuguese,2025-04-15,133,1,0
V04292,C0333,Gaming,Portuguese,2025-02-26,144,0,0
V04293,C0703,Sports,Portuguese,2025-05-10,136,0,0
V04294,C0955,Gaming,Portuguese,2025-06-27,159,1,0
V04295,C0871,Comedy,English,2025-01-13,175,1,0
V04296,C0103,Comedy,English,2025-05-16,36,1,0
V04297,C0690,Comedy,Hindi,2025-05-22,118,1,0
V04298,C0075,Education,English,2025-05-21,154,1,0
V04299,C0647,Education,Hindi,2025-06-25,47,0,0
V04300,C0402,Music,English,2025-02-12,137,0,0
V04301,C0780,Gaming,Portuguese,2025-06-26,123,0,0
V04302,C0903,Sports,Japanese,2025-04-06,19,1,0
V04303,C0215,News,Spanish,2025-03-21,49,1,0
V04304,C0552,Technology,English,2025-05-28,124,0,0
V04305,C0545,Music,English,2025-04-18,167,1,0
V04306,C0346,Education,English,2025-01-24,23,1,0
V04307,C0563,Comedy,Spanish,2025-03-13,149,1,0
V04308,C0349,Comedy,Spanish,2025-01-15,43,1,0
V04309,C0593,Fashion,English,2025-05-27,130,0,0
V04310,C0618,Education,English,2025-01-21,133,1,0
V04311,C0929,Music,Portuguese,2025-04-08,17,1,0
V04312,C0510,Gaming,Hindi,2025-05-29,81,1,0
V04313,C0870,Comedy,Portuguese,2025-06-01,174,1,0
V04314,C0225,Comedy,English,2025-03-05,140,1,0
V04315,C0251,Technology,English,2025-03-21,95,1,0
V04316,C0883,Food,English,2025-03-29,26,1,0
V04317,C0489,Fashion,English,2025-02-02,43,0,0
V04318,C0598,Fashion,Portuguese,2025-02-19,93,1,0
V04319,C0298,Music,Hindi,2025-02-10,79,1,1
V04320,C0948,Food,Hindi,2025-04-09,125,1,0
V04321,C0057,Comedy,English,2025-01-09,127,1,0
V04322,C0725,Gaming,English,2025-03-31,151,0,0
V04323,C0777,Music,Hindi,2025-01-06,170,1,0
V04324,C0900,Technology,English,2025-01-15,27,1,0
V04325,C0848,News,Portuguese,2025-05-05,155,1,0
V04326,C0978,Gaming,English,2025-05-15,11,0,0
V04327,C0032,Sports,Portuguese,2025-05-12,149,1,0
V04328,C0605,Food,Japanese,2025-05-26,139,0,0
V04329,C0590,Sports,Hindi,2025-03-31,96,0,0
V04330,C0259,Comedy,Spanish,2025-03-16,93,1,0
V04331,C0831,Technology,English,2025-03-08,17,1,0
V04332,C0189,Sports,Spanish,2025-05-25,161,0,0
V04333,C0304,News,Spanish,2025-03-19,169,1,0
V04334,C0008,Sports,Japanese,2025-06-16,145,0,0
V04335,C0464,Music,Portuguese,2025-02-07,152,0,0
V04336,C0266,Comedy,Portuguese,2025-03-19,123,1,0
V04337,C0300,Sports,Portuguese,2025-01-08,11,1,0
V04338,C0979,Music,Spanish,2025-01-03,47,1,0
V04339,C0461,Food,Hindi,2025-02-18,69,0,0
V04340,C0971,Music,Spanish,2025-01-23,49,0,0
V04341,C0362,Comedy,Spanish,2025-05-18,107,1,0
V04342,C0396,Sports,Spanish,2025-06-28,106,1,0
V04343,C0210,Comedy,Spanish,2025-01-27,22,1,0
V04344,C0188,Sports,English,2025-03-05,70,0,0
V04345,C0579,Technology,Hindi,2025-05-11,23,1,0
V04346,C0371,Music,English,2025-05-26,105,0,0
V04347,C0269,Gaming,Spanish,2025-04-01,20,1,0
V04348,C0336,Comedy,Hindi,2025-04-05,60,1,0
V04349,C0312,Music,English,2025-03-31,154,0,0
V04350,C0226,Music,English,2025-01-14,62,1,0
V04351,C0700,Education,Japanese,2025-01-17,79,1,0
V04352,C0495,Technology,English,2025-04-17,138,1,0
V04353,C0106,Technology,Japanese,2025-05-08,145,0,0
V04354,C0980,News,Spanish,2025-02-17,114,1,0
V04355,C0078,Music,Spanish,2025-05-19,171,1,0
V04356,C0506,Fashion,Spanish,2025-03-26,91,1,0
V04357,C0609,Education,English,2025-01-28,167,1,0
V04358,C0617,Comedy,Japanese,2025-04-02,29,1,0
V04359,C0586,Sports,English,2025-06-09,53,1,0
V04360,C0954,Gaming,Spanish,2025-02-24,21,1,0
V04361,C0449,Gaming,Spanish,2025-06-13,139,0,0
V04362,C0506,Gaming,Hindi,2025-02-01,20,1,0
V04363,C0345,Sports,English,2025-02-03,171,1,0
V04364,C0172,Travel,Hindi,2025-06-12,25,1,0
V04365,C0039,Sports,English,2025-01-04,106,0,0
V04366,C0053,Music,English,2025-04-28,79,1,0
V04367,C0091,Education,Portuguese,2025-01-20,180,1,0
V04368,C0961,Comedy,English,2025-02-04,101,1,0
V04369,C0082,Food,Hindi,2025-02-27,69,1,0
V04370,C0093,Music,English,2025-01-25,149,1,1
V04371,C0255,Music,Portuguese,2025-04-14,64,0,0
V04372,C0177,Sports,English,2025-05-24,74,1,1
V04373,C0714,Comedy,Hindi,2025-03-17,53,1,1
V04374,C0708,Music,Hindi,2025-02-02,150,1,0
V04375,C0885,Music,Hindi,2025-01-16,20,1,0
V04376,C0992,Travel,English,2025-05-11,162,1,0
V04377,C0418,Comedy,English,2025-05-29,89,0,0
V04378,C0575,Food,Hindi,2025-01-03,123,0,0
V04379,C0019,Comedy,English,2025-05-12,136,1,0
V04380,C0424,News,Hindi,2025-02-23,137,1,0
V04381,C0124,Education,Hindi,2025-01-30,42,0,0
V04382,C0870,Gaming,Spanish,2025-03-27,155,1,0
V04383,C0197,Food,Japanese,2025-03-11,130,0,0
V04384,C0410,Music,English,2025-02-04,148,1,0
V04385,C0799,Sports,Hindi,2025-02-12,65,1,0
V04386,C0887,Music,Spanish,2025-05-19,37,0,0
V04387,C0809,Music,Hindi,2025-01-07,25,1,0
V04388,C0907,Education,Japanese,2025-06-23,45,1,0
V04389,C0139,Music,English,2025-05-12,176,0,0
V04390,C0894,Food,Spanish,2025-04-14,167,1,0
V04391,C0579,Comedy,Hindi,2025-02-11,155,1,0
V04392,C0004,Music,English,2025-03-27,33,1,0
V04393,C0575,Music,English,2025-05-16,120,1,0
V04394,C0548,Food,Spanish,2025-01-10,125,1,0
V04395,C0412,Education,Spanish,2025-06-12,156,1,0
V04396,C0372,Food,English,2025-05-04,153,1,0
V04397,C0020,Gaming,Hindi,2025-06-07,163,0,0
V04398,C0335,Music,Spanish,2025-04-12,85,1,0
V04399,C0677,Travel,English,2025-05-05,108,1,0
V04400,C0959,Travel,Spanish,2025-05-09,22,1,0
V04401,C0584,Sports,Japanese,2025-05-20,33,1,0
V04402,C0376,Education,Japanese,2025-05-09,50,1,0
V04403,C0036,Travel,English,2025-06-24,117,1,0
V04404,C0459,Comedy,English,2025-01-20,127,1,0
V04405,C0957,Comedy,Hindi,2025-03-17,126,0,0
V04406,C0226,Comedy,Hindi,2025-05-15,49,1,0
V04407,C0847,Gaming,Portuguese,2025-03-01,119,1,0
V04408,C0019,Food,Portuguese,2025-03-28,111,0,1
V04409,C0464,Fashion,Portuguese,2025-01-11,56,1,0
V04410,C0875,Technology,Hindi,2025-04-27,16,1,0
V04411,C0443,Music,Spanish,2025-01-01,73,1,0
V04412,C0616,Comedy,Hindi,2025-01-10,106,1,0
V04413,C0407,Sports,Hindi,2025-05-30,36,1,0
V04414,C0056,Comedy,Hindi,2025-03-15,132,1,0
V04415,C0545,Fashion,Spanish,2025-05-29,37,0,0
V04416,C0247,Food,Portuguese,2025-02-09,160,1,1
V04417,C0480,Sports,English,2025-02-18,102,1,0
V04418,C0072,Music,English,2025-03-14,52,1,0
V04419,C0488,Comedy,English,2025-06-26,54,0,0
V04420,C0363,Music,English,2025-02-16,142,0,1
V04421,C0380,Sports,English,2025-02-08,142,0,0
V04422,C0307,Food,English,2025-01-18,19,1,0
V04423,C0580,Comedy,Portuguese,2025-01-04,21,1,0
V04424,C0332,Food,Hindi,2025-03-23,128,1,0
V04425,C0287,Comedy,English,2025-01-06,74,0,0
V04426,C0272,News,English,2025-01-03,101,0,0
V04427,C0432,Sports,Hindi,2025-03-07,47,1,0
V04428,C0217,Comedy,Portuguese,2025-06-09,133,1,0
V04429,C0852,Music,English,2025-02-07,18,0,0
V04430,C0573,Music,Spanish,2025-05-13,117,1,0
V04431,C0957,Food,Hindi,2025-05-10,173,1,0
V04432,C0490,Music,Hindi,2025-01-13,122,1,0
V04433,C0160,Education,English,2025-02-12,139,1,0
V04434,C0078,Sports,Spanish,2025-06-21,99,1,0
V04435,C0306,Technology,Hindi,2025-01-19,112,1,0
V04436,C0859,Comedy,English,2025-06-04,123,0,1
V04437,C0156,Music,English,2025-06-12,81,1,0
V04438,C0962,Gaming,Hindi,2025-06-11,33,1,0
V04439,C0046,Comedy,Hindi,2025-05-09,101,1,0
V04440,C0419,News,English,2025-02-02,85,1,0
V04441,C0907,Technology,English,2025-05-21,45,1,1
V04442,C0113,Comedy,Hindi,2025-02-02,147,0,1
V04443,C0307,Sports,English,2025-01-09,150,1,0
V04444,C0080,Comedy,Portuguese,2025-03-22,150,1,0
V04445,C0055,Food,English,2025-04-10,112,1,0
V04446,C0473,Education,Spanish,2025-01-21,88,1,0
V04447,C0163,Travel,Spanish,2025-06-08,85,1,0
V04448,C0342,Comedy,Spanish,2025-03-05,32,0,0
V04449,C0871,Fashion,Spanish,2025-03-04,53,1,0
V04450,C0360,Technology,Hindi,2025-04-20,47,0,0
V04451,C0197,Music,Portuguese,2025-05-02,94,1,0
V04452,C0860,Music,English,2025-02-06,17,1,0
V04453,C0526,Technology,Hindi,2025-05-02,76,1,0
V04454,C0605,Sports,Hindi,2025-02-10,172,1,0
V04455,C0269,Education,English,2025-04-16,119,1,0
V04456,C0051,Education,Portuguese,2025-03-18,56,0,0
V04457,C0011,Gaming,English,2025-03-25,177,0,0
V04458,C0649,Comedy,English,2025-01-24,132,1,1
V04459,C0575,Music,Hindi,2025-02-15,117,0,0
V04460,C0357,Gaming,Hindi,2025-02-11,39,1,0
V04461,C0307,Sports,English,2025-01-21,98,0,0
V04462,C0582,Education,English,2025-03-11,67,0,0
V04463,C0681,Technology,Hindi,2025-03-04,118,1,1
V04464,C0168,Fashion,English,2025-02-03,176,0,0
V04465,C0636,Gaming,English,2025-01-03,118,0,0
V04466,C0869,Education,English,2025-03-20,121,1,0
V04467,C0625,Sports,Portuguese,2025-05-07,172,1,0
V04468,C0478,Education,Japanese,2025-03-03,14,0,0
V04469,C0915,Comedy,Portuguese,2025-01-03,172,1,0
V04470,C0563,Music,English,2025-03-17,42,1,0
V04471,C0332,Music,Portuguese,2025-02-11,133,1,0
V04472,C0742,Gaming,English,2025-03-31,52,0,0
V04473,C0535,Gaming,Hindi,2025-02-12,41,1,1
V04474,C0731,Gaming,Hindi,2025-01-13,146,1,0
V04475,C0617,Food,Spanish,2025-05-08,51,0,0
V04476,C0704,Gaming,Spanish,2025-06-08,98,0,0
V04477,C0615,Sports,Hindi,2025-02-24,91,0,0
V04478,C0062,Technology,English,2025-05-07,19,1,0
V04479,C0113,Comedy,Portuguese,2025-05-02,79,0,0
V04480,C0668,Travel,English,2025-03-13,168,1,0
V04481,C0143,Education,English,2025-01-09,170,1,0
V04482,C0625,Food,English,2025-01-14,177,0,0
V04483,C0261,Sports,Spanish,2025-06-21,55,1,0
V04484,C0397,Music,Hindi,2025-02-12,72,0,0
V04485,C0645,Comedy,English,2025-03-21,68,1,0
V04486,C0322,Travel,Spanish,2025-02-28,13,1,1
V04487,C0507,Education,English,2025-05-30,11,1,0
V04488,C0606,News,Hindi,2025-04-27,134,1,0
V04489,C0503,Travel,English,2025-04-08,95,0,0
V04490,C0239,Comedy,English,2025-01-20,20,1,0
V04491,C0255,Comedy,English,2025-05-19,103,1,0
V04492,C0202,Travel,English,2025-04-15,151,1,1
V04493,C0700,Education,Portuguese,2025-06-03,89,1,0
V04494,C0081,Technology,English,2025-06-29,11,0,0
V04495,C0100,News,English,2025-06-15,78,0,0
V04496,C0834,Travel,English,2025-04-21,66,1,0
V04497,C0403,Travel,Hindi,2025-02-03,170,0,0
V04498,C0168,Travel,Hindi,2025-02-18,160,0,0
V04499,C0545,Fashion,English,2025-01-19,113,0,0
V04500,C0829,Technology,English,2025-04-27,70,1,0
V04501,C0606,Sports,Japanese,2025-03-04,150,1,0
V04502,C0890,Food,English,2025-05-03,150,1,1
V04503,C0845,Comedy,English,2025-05-16,105,1,0
V04504,C0740,Education,English,2025-03-17,125,1,0
V04505,C0974,Gaming,Japanese,2025-05-12,131,1,0
V04506,C0880,Comedy,Portuguese,2025-06-29,129,1,0
V04507,C0811,Gaming,English,2025-05-30,103,1,0
V04508,C0726,Music,Japanese,2025-05-15,170,1,0
V04509,C0275,Sports,Japanese,2025-01-26,49,1,0
V04510,C0595,Technology,English,2025-03-06,97,1,0
V04511,C0591,Music,Spanish,2025-02-04,44,1,0
V04512,C0945,Gaming,English,2025-05-04,179,1,0
V04513,C0729,Technology,English,2025-05-28,173,1,1
V04514,C0739,Fashion,Hindi,2025-06-21,152,1,0
V04515,C0160,Music,English,2025-05-14,81,0,0
V04516,C0193,Music,Hindi,2025-03-03,151,0,0
V04517,C0808,Music,Spanish,2025-06-15,66,1,1
V04518,C0627,Food,Hindi,2025-05-10,105,1,0
V04519,C0971,Sports,Japanese,2025-04-04,79,0,0
V04520,C0381,Gaming,Hindi,2025-01-14,116,1,1
V04521,C0856,Comedy,Spanish,2025-03-07,156,1,0
V04522,C0026,Comedy,Spanish,2025-01-04,85,1,0
V04523,C0241,Technology,Hindi,2025-04-29,30,0,0
V04524,C0072,Sports,Japanese,2025-06-27,26,0,0
V04525,C0800,News,Japanese,2025-04-24,134,0,0
V04526,C0877,Education,English,2025-03-29,176,1,0
V04527,C0852,Fashion,Spanish,2025-03-16,125,1,0
V04528,C0628,Comedy,Hindi,2025-04-10,31,0,0
V04529,C0247,Travel,English,2025-05-05,50,1,0
V04530,C0445,Music,Portuguese,2025-05-25,25,1,0
V04531,C0800,Food,Spanish,2025-02-15,110,0,0
V04532,C0622,Education,English,2025-04-08,72,1,0
V04533,C0138,Music,English,2025-04-25,156,0,0
V04534,C0262,Fashion,Hindi,2025-05-17,136,1,0
V04535,C0016,Music,Japanese,2025-01-03,133,0,0
V04536,C0897,Fashion,English,2025-02-15,19,1,0
V04537,C0485,Music,English,2025-01-05,32,1,0
V04538,C0970,Gaming,Spanish,2025-04-30,12,0,0
V04539,C0217,Technology,English,2025-05-28,25,1,1
V04540,C0591,Sports,Hindi,2025-06-24,89,0,0
V04541,C0598,News,Portuguese,2025-01-25,12,1,0
V04542,C0393,Music,Portuguese,2025-03-01,47,1,0
V04543,C0291,Music,English,2025-02-15,147,1,0
V04544,C0735,Music,English,2025-05-24,95,1,0
V04545,C0247,Gaming,English,2025-03-25,55,1,0
V04546,C0321,Music,Spanish,2025-05-28,16,1,0
V04547,C0378,Food,Spanish,2025-02-17,65,1,1
V04548,C0655,Food,English,2025-05-01,114,0,0
V04549,C0302,Comedy,Spanish,2025-01-16,31,1,0
V04550,C0975,Music,English,2025-01-12,54,1,0
V04551,C0240,Food,Hindi,2025-01-27,109,0,0
V04552,C0966,Music,Japanese,2025-03-14,122,1,0
V04553,C0502,Music,Spanish,2025-04-07,128,0,0
V04554,C0752,Food,English,2025-02-27,90,1,0
V04555,C0760,Food,English,2025-02-09,163,1,0
V04556,C0860,Sports,Spanish,2025-01-30,169,1,0
V04557,C0949,Music,Portuguese,2025-03-14,113,1,0
V04558,C0612,Music,Hindi,2025-02-09,50,1,0
V04559,C0289,Music,English,2025-05-05,99,1,0
V04560,C0406,Fashion,Hindi,2025-01-08,114,1,0
V04561,C0612,Gaming,English,2025-02-16,29,1,1
V04562,C0914,News,Spanish,2025-06-29,118,0,0
V04563,C0977,Sports,Portuguese,2025-05-21,165,1,0
V04564,C0529,Gaming,Japanese,2025-04-27,26,0,0
V04565,C0635,Travel,Spanish,2025-03-28,107,0,0
V04566,C0715,Comedy,English,2025-05-24,178,0,0
V04567,C0627,Music,Spanish,2025-06-20,141,1,0
V04568,C0197,Education,Japanese,2025-03-05,68,0,0
V04569,C0497,Gaming,Spanish,2025-01-27,152,0,0
V04570,C0600,News,Japanese,2025-02-24,54,1,0
V04571,C0985,Comedy,Japanese,2025-03-03,55,0,0
V04572,C0278,Fashion,English,2025-05-05,76,1,0
V04573,C0865,Education,English,2025-06-02,32,0,0
V04574,C0753,Comedy,English,2025-05-28,160,1,0
V04575,C0942,News,Hindi,2025-01-08,156,0,0
V04576,C0101,Comedy,Hindi,2025-04-12,99,1,1
V04577,C0222,Technology,Japanese,2025-06-03,65,1,0
V04578,C0499,News,English,2025-03-22,131,1,0
V04579,C0801,Food,Spanish,2025-05-06,108,1,0
V04580,C0909,Travel,English,2025-06-07,75,1,0
V04581,C0747,Technology,Japanese,2025-02-26,11,1,0
V04582,C0619,Comedy,Portuguese,2025-05-26,31,1,1
V04583,C0648,Music,English,2025-01-05,46,1,0
V04584,C0437,Comedy,Portuguese,2025-02-14,20,1,0
V04585,C0280,Sports,Spanish,2025-06-14,139,1,0
V04586,C0770,Gaming,English,2025-05-23,127,1,1
V04587,C0081,Travel,English,2025-03-06,10,1,0
V04588,C0544,Sports,Hindi,2025-03-08,133,1,0
V04589,C0859,Music,English,2025-02-17,39,1,0
V04590,C0228,News,Japanese,2025-02-09,42,1,0
V04591,C0443,News,English,2025-04-15,164,0,1
V04592,C0490,Food,Spanish,2025-01-11,23,0,0
V04593,C0428,Gaming,Spanish,2025-06-26,163,0,1
V04594,C0334,Education,Hindi,2025-06-28,151,1,0
V04595,C0646,Music,English,2025-05-10,13,1,0
V04596,C0353,Travel,English,2025-02-18,140,1,0
V04597,C0227,Technology,English,2025-06-05,139,0,0
V04598,C0781,News,Hindi,2025-05-14,170,1,0
V04599,C0031,Music,Hindi,2025-05-16,34,1,0
V04600,C0316,Sports,English,2025-05-20,170,1,1
V04601,C0024,Sports,English,2025-02-13,140,1,0
V04602,C0656,Travel,English,2025-04-29,147,1,0
V04603,C0314,Comedy,Spanish,2025-06-19,53,1,0
V04604,C0037,News,Hindi,2025-03-16,29,0,0
V04605,C0292,Music,Hindi,2025-04-12,67,1,0
V04606,C0663,Education,Hindi,2025-03-04,76,1,0
V04607,C0003,Sports,Hindi,2025-02-05,136,1,0
V04608,C0345,Music,English,2025-03-27,138,0,0
V04609,C0130,Music,English,2025-05-03,136,0,0
V04610,C0279,Travel,Japanese,2025-01-02,172,1,0
V04611,C0304,Comedy,Hindi,2025-01-13,131,0,1
V04612,C0450,Sports,Japanese,2025-06-18,69,1,0
V04613,C0444,Comedy,Hindi,2025-04-06,88,1,0
V04614,C0055,Comedy,Hindi,2025-01-14,72,1,0
V04615,C0961,Music,English,2025-02-07,170,1,0
V04616,C0354,Music,Spanish,2025-01-11,85,1,0
V04617,C0440,Education,Spanish,2025-05-04,49,0,1
V04618,C0137,Sports,Portuguese,2025-01-28,133,1,0
V04619,C0927,Education,English,2025-02-09,177,1,0
V04620,C0448,Comedy,English,2025-01-25,42,1,0
V04621,C0015,Travel,English,2025-01-18,60,1,0
V04622,C0482,Education,English,2025-02-03,123,0,0
V04623,C0284,Gaming,Hindi,2025-04-26,100,0,0
V04624,C0164,Education,English,2025-04-17,21,1,0
V04625,C0216,Comedy,Hindi,2025-06-11,67,1,0
V04626,C0373,Sports,English,2025-06-04,68,1,0
V04627,C0530,Travel,English,2025-02-09,139,0,1
V04628,C0860,Gaming,Hindi,2025-02-15,12,0,0
V04629,C0827,Fashion,Hindi,2025-04-09,177,1,1
V04630,C0416,Food,English,2025-01-16,24,1,0
V04631,C0785,Music,Hindi,2025-03-24,177,1,0
V04632,C0583,Music,Hindi,2025-05-21,20,1,0
V04633,C0188,Sports,Spanish,2025-04-01,110,1,0
V04634,C0156,Comedy,English,2025-03-02,77,0,0
V04635,C0591,Gaming,Hindi,2025-02-01,149,1,0
V04636,C0668,Music,English,2025-05-21,136,0,0
V04637,C0122,Music,English,2025-02-08,41,1,0
V04638,C0782,Music,Spanish,2025-02-17,103,1,0
V04639,C0188,Education,Japanese,2025-03-24,101,0,0
V04640,C0584,Technology,Japanese,2025-02-04,102,1,0
V04641,C1000,News,English,2025-04-28,78,1,0
V04642,C0585,Music,English,2025-02-18,86,0,0
V04643,C0787,News,Hindi,2025-02-28,178,1,0
V04644,C0336,Music,Hindi,2025-02-25,56,1,0
V04645,C0167,Fashion,English,2025-04-22,90,1,0
V04646,C0302,Technology,English,2025-03-29,120,0,0
V04647,C0563,Music,Hindi,2025-05-04,142,1,0
V04648,C0440,Comedy,English,2025-02-09,114,1,0
V04649,C0820,Food,English,2025-02-22,30,1,1
V04650,C0764,Sports,English,2025-06-17,75,1,0
V04651,C0871,Sports,English,2025-06-01,48,1,0
V04652,C0381,Gaming,Japanese,2025-04-04,151,1,0
V04653,C0446,Music,Japanese,2025-01-16,140,1,0
V04654,C0802,Gaming,English,2025-03-11,171,0,0
V04655,C0194,Gaming,Hindi,2025-03-19,120,1,0
V04656,C0847,Food,Hindi,2025-03-15,128,0,0
V04657,C0350,Gaming,English,2025-02-02,120,1,1
V04658,C0939,Food,English,2025-04-02,132,1,0
V04659,C0858,Music,Portuguese,2025-03-27,138,0,0
V04660,C0714,Comedy,English,2025-03-24,139,0,1
V04661,C0915,Fashion,Hindi,2025-04-09,51,0,0
V04662,C0044,News,English,2025-04-29,121,1,0
V04663,C0281,Fashion,Spanish,2025-05-23,178,1,0
V04664,C0046,News,English,2025-03-26,24,0,0
V04665,C0065,Education,English,2025-05-28,147,0,0
V04666,C0335,Fashion,Hindi,2025-01-31,173,0,0
V04667,C0057,Sports,Portuguese,2025-06-09,70,1,0
V04668,C0228,Music,English,2025-06-04,61,1,0
V04669,C0873,Technology,English,2025-04-04,131,0,0
V04670,C0045,Gaming,Portuguese,2025-01-04,96,1,0
V04671,C0190,Music,Portuguese,2025-05-28,172,1,0
V04672,C0539,Music,Hindi,2025-03-16,174,0,0
V04673,C0243,Education,English,2025-03-24,116,1,0
V04674,C0894,News,Hindi,2025-06-15,58,0,0
V04675,C0349,Music,Hindi,2025-01-17,74,1,1
V04676,C0682,Comedy,English,2025-05-28,78,0,0
V04677,C0725,News,English,2025-06-26,31,1,0
V04678,C0654,Music,Hindi,2025-06-28,100,1,0
V04679,C0973,Comedy,English,2025-02-28,61,1,0
V04680,C0972,Sports,Spanish,2025-04-26,141,1,1
V04681,C0663,Travel,English,2025-04-15,168,1,1
V04682,C0584,Sports,Portuguese,2025-01-30,75,1,0
V04683,C0473,Music,Hindi,2025-04-18,15,1,0
V04684,C0261,Gaming,Spanish,2025-05-22,90,0,0
V04685,C0055,Music,Hindi,2025-02-04,33,1,0
V04686,C0936,Music,Spanish,2025-02-19,179,1,1
V04687,C0612,Travel,Hindi,2025-03-15,124,1,0
V04688,C0813,Gaming,Spanish,2025-04-01,148,0,0
V04689,C0416,Sports,English,2025-03-01,17,1,0
V04690,C0498,Music,English,2025-03-30,149,1,0
V04691,C0884,Sports,Spanish,2025-02-24,34,1,0
V04692,C0460,Education,Portuguese,2025-03-14,95,1,0
V04693,C0924,Gaming,Portuguese,2025-04-20,160,1,0
V04694,C0108,Education,Hindi,2025-04-28,136,1,0
V04695,C0076,Gaming,English,2025-04-04,60,1,0
V04696,C0002,Food,English,2025-01-14,133,1,0
V04697,C0158,Food,Spanish,2025-03-06,174,0,0
V04698,C0183,Sports,Hindi,2025-01-27,113,1,0
V04699,C0851,Comedy,Portuguese,2025-05-19,116,1,0
V04700,C0122,Technology,Hindi,2025-04-02,166,1,0
V04701,C0558,Fashion,Portuguese,2025-02-08,24,0,0
V04702,C0143,Sports,Spanish,2025-01-31,165,1,1
V04703,C0222,Music,Portuguese,2025-06-27,76,0,0
V04704,C0813,Comedy,Hindi,2025-02-06,55,1,0
V04705,C0709,Comedy,English,2025-01-01,76,1,0
V04706,C0306,Music,English,2025-01-03,105,1,0
V04707,C0997,Gaming,English,2025-06-17,166,1,0
V04708,C0923,News,Japanese,2025-04-08,23,0,0
V04709,C0800,Education,English,2025-05-22,75,0,0
V04710,C0281,Music,English,2025-05-21,86,1,0
V04711,C0509,Fashion,Portuguese,2025-03-14,101,0,0
V04712,C0797,Comedy,Spanish,2025-04-06,173,1,0
V04713,C0571,Sports,English,2025-03-20,90,1,0
V04714,C0374,Comedy,English,2025-06-29,62,1,0
V04715,C0897,Music,Hindi,2025-03-22,177,1,0
V04716,C0528,Music,Hindi,2025-03-18,105,0,0
V04717,C0345,Music,English,2025-05-25,86,1,0
V04718,C0827,Comedy,English,2025-03-14,50,0,0
V04719,C0962,Food,English,2025-03-16,168,0,0
V04720,C0608,Travel,Japanese,2025-04-06,12,1,0
V04721,C0009,Sports,English,2025-03-01,63,0,0
V04722,C0731,Education,English,2025-05-05,149,0,0
V04723,C0759,News,Hindi,2025-04-25,88,1,1
V04724,C0043,Travel,English,2025-01-14,71,0,0
V04725,C0735,News,Portuguese,2025-03-21,162,1,0
V04726,C0161,Gaming,English,2025-06-21,162,1,0
V04727,C0355,Education,Spanish,2025-01-08,59,1,1
V04728,C0481,Education,English,2025-06-28,72,1,0
V04729,C0083,Gaming,English,2025-01-25,40,1,1
V04730,C0543,Comedy,Japanese,2025-03-16,141,0,0
V04731,C0269,Technology,Spanish,2025-04-20,114,1,0
V04732,C0649,Technology,Hindi,2025-02-01,119,1,0
V04733,C0219,Comedy,English,2025-02-07,66,1,0
V04734,C0149,Gaming,English,2025-05-29,31,1,0
V04735,C0293,Travel,Spanish,2025-03-26,36,1,0
V04736,C0636,Travel,Hindi,2025-02-19,143,1,0
V04737,C0712,Fashion,English,2025-05-30,15,1,0
V04738,C0964,Music,Japanese,2025-06-27,115,0,0
V04739,C0016,Fashion,Portuguese,2025-05-26,103,1,0
V04740,C0689,Food,Hindi,2025-05-21,43,1,0
V04741,C0643,Sports,English,2025-03-09,34,1,0
V04742,C0744,News,Hindi,2025-04-09,65,1,0
V04743,C0072,Comedy,Japanese,2025-05-18,168,0,0
V04744,C0610,Education,Hindi,2025-04-05,180,1,0
V04745,C0925,Travel,Hindi,2025-05-04,95,1,0
V04746,C0864,Food,English,2025-05-14,168,1,0
V04747,C0785,Travel,English,2025-03-13,175,1,1
V04748,C0734,Music,English,2025-05-16,25,1,0
V04749,C0222,Fashion,English,2025-01-12,63,1,0
V04750,C0412,Comedy,Japanese,2025-05-07,149,1,0
V04751,C0595,Gaming,Hindi,2025-03-16,61,1,0
V04752,C0316,Food,Hindi,2025-06-29,61,1,0
V04753,C0783,Comedy,Portuguese,2025-03-24,105,1,0
V04754,C0820,Fashion,English,2025-05-23,153,0,0
V04755,C0625,Technology,Spanish,2025-02-17,173,1,0
V04756,C0794,Music,English,2025-02-17,23,1,0
V04757,C0923,News,English,2025-04-03,73,1,0
V04758,C0275,Education,Portuguese,2025-01-07,52,0,0
V04759,C0888,Sports,English,2025-06-28,96,1,0
V04760,C0090,Sports,English,2025-06-07,66,1,0
V04761,C0991,Music,English,2025-03-12,163,1,1
V04762,C0104,News,English,2025-05-03,169,1,0
V04763,C0907,Comedy,Spanish,2025-05-18,170,1,0
V04764,C0317,Food,English,2025-05-12,135,0,1
V04765,C0317,Gaming,English,2025-01-06,35,0,0
V04766,C0167,Travel,Hindi,2025-05-16,137,0,0
V04767,C0870,Comedy,Hindi,2025-05-10,15,1,0
V04768,C0034,Music,English,2025-05-06,171,1,0
V04769,C0264,Music,Hindi,2025-01-29,129,0,0
V04770,C0956,Food,Hindi,2025-02-20,126,1,0
V04771,C0904,Fashion,English,2025-04-28,21,1,0
V04772,C0007,Comedy,Spanish,2025-03-30,33,1,0
V04773,C0022,Comedy,English,2025-05-13,27,0,0
V04774,C0086,News,English,2025-01-29,139,0,0
V04775,C0374,Food,Japanese,2025-02-19,64,1,0
V04776,C0938,Fashion,Hindi,2025-02-18,83,1,0
V04777,C0127,Food,English,2025-04-27,69,1,0
V04778,C0744,Sports,Hindi,2025-04-23,169,1,0
V04779,C0286,Food,Portuguese,2025-05-09,121,1,0
V04780,C0381,Education,Spanish,2025-06-13,86,1,0
V04781,C0994,Travel,English,2025-02-01,22,0,0
V04782,C0957,Music,English,2025-01-03,170,0,0
V04783,C0043,Food,Japanese,2025-01-23,52,0,0
V04784,C0372,Sports,Hindi,2025-05-30,130,1,0
V04785,C0528,Technology,Hindi,2025-01-18,48,1,0
V04786,C0929,Fashion,Portuguese,2025-05-06,133,1,0
V04787,C0387,Music,Portuguese,2025-05-19,138,1,1
V04788,C0324,Music,English,2025-06-28,105,1,0
V04789,C0684,Comedy,English,2025-03-16,10,1,0
V04790,C0408,Comedy,Spanish,2025-03-19,174,1,1
V04791,C0947,Comedy,English,2025-05-18,175,1,0
V04792,C0945,News,Hindi,2025-04-24,23,0,0
V04793,C0525,Education,English,2025-06-24,60,1,0
V04794,C0968,Fashion,English,2025-01-16,22,1,0
V04795,C0757,News,Japanese,2025-04-11,38,1,0
V04796,C0168,Gaming,English,2025-06-26,166,1,0
V04797,C0684,Music,English,2025-02-06,124,0,0
V04798,C0379,Technology,English,2025-06-20,176,1,0
V04799,C0176,Music,Spanish,2025-03-24,56,1,0
V04800,C0584,Music,Japanese,2025-02-02,63,1,0
V04801,C0379,Comedy,English,2025-06-11,147,1,0
V04802,C0705,Comedy,English,2025-03-24,99,0,0
V04803,C0900,Food,Japanese,2025-02-19,78,1,0
V04804,C0363,News,Hindi,2025-05-15,173,0,0
V04805,C0253,Music,Japanese,2025-02-28,164,1,0
V04806,C0663,Music,English,2025-04-08,53,1,0
V04807,C0566,News,English,2025-04-14,146,1,0
V04808,C0337,Gaming,English,2025-05-08,22,1,0
V04809,C0040,Music,Hindi,2025-06-22,116,1,0
V04810,C0919,Fashion,Hindi,2025-03-16,75,1,1
V04811,C0597,Sports,English,2025-04-24,157,1,1
V04812,C0085,Comedy,English,2025-03-01,175,1,0
V04813,C0645,Fashion,English,2025-05-23,143,0,0
V04814,C0649,Comedy,English,2025-03-21,101,0,0
V04815,C0791,Gaming,Japanese,2025-05-27,179,0,0
V04816,C0216,Music,English,2025-06-20,44,1,0
V04817,C0253,Comedy,Spanish,2025-06-29,101,1,0
V04818,C0892,Comedy,English,2025-05-22,31,1,0
V04819,C0363,Comedy,English,2025-06-18,85,0,1
V04820,C0282,Sports,Spanish,2025-01-18,126,1,0
V04821,C0850,Travel,English,2025-01-22,84,1,0
V04822,C0852,Technology,Japanese,2025-05-04,78,0,0
V04823,C0823,Comedy,Portuguese,2025-04-22,94,1,0
V04824,C0077,Comedy,English,2025-05-31,56,1,0
V04825,C0823,Fashion,English,2025-06-04,81,1,0
V04826,C0028,Food,Hindi,2025-03-08,166,1,0
V04827,C0772,Music,English,2025-06-08,25,1,0
V04828,C0422,Education,Hindi,2025-01-28,80,1,0
V04829,C0468,News,Portuguese,2025-02-22,66,1,0
V04830,C0366,Food,English,2025-05-26,119,1,0
V04831,C0476,Fashion,English,2025-02-10,148,1,0
V04832,C0445,News,Spanish,2025-05-26,60,0,0
V04833,C0808,Music,Portuguese,2025-03-19,160,0,0
V04834,C0344,News,English,2025-05-16,124,0,0
V04835,C0239,Comedy,Hindi,2025-03-01,158,0,0
V04836,C0374,News,English,2025-01-02,116,1,0
V04837,C0194,Gaming,Spanish,2025-02-02,144,1,0
V04838,C0395,Fashion,Spanish,2025-06-08,166,1,0
V04839,C0783,Fashion,Spanish,2025-04-06,110,1,0
V04840,C0131,Comedy,English,2025-01-01,173,0,0
V04841,C0784,Education,English,2025-01-19,180,1,0
V04842,C0993,Education,English,2025-01-14,35,1,0
V04843,C0744,Music,Hindi,2025-05-31,80,0,0
V04844,C0391,News,English,2025-05-16,163,0,0
V04845,C0008,Education,Spanish,2025-03-23,40,1,0
V04846,C0027,Technology,English,2025-04-12,18,0,0
V04847,C0404,Education,English,2025-03-22,131,0,0
V04848,C0318,Gaming,English,2025-05-08,31,1,0
V04849,C0676,Fashion,Hindi,2025-02-25,172,0,0
V04850,C0976,Food,Spanish,2025-05-23,15,1,0
V04851,C0801,Music,Hindi,2025-03-25,165,1,0
V04852,C0292,Music,English,2025-02-03,56,1,0
V04853,C0270,Gaming,Spanish,2025-02-04,148,1,0
V04854,C0696,Fashion,English,2025-03-14,127,1,0
V04855,C0053,Comedy,Hindi,2025-02-06,25,0,1
V04856,C0940,Music,English,2025-05-17,62,1,0
V04857,C0953,Education,English,2025-01-27,32,1,0
V04858,C0167,Comedy,Hindi,2025-02-08,117,1,0
V04859,C0658,Education,English,2025-04-05,87,1,0
V04860,C0009,Technology,English,2025-02-05,153,1,0
V04861,C0534,Music,Hindi,2025-04-08,32,1,0
V04862,C0947,Music,Hindi,2025-01-22,66,0,0
V04863,C0523,Fashion,Spanish,2025-03-29,69,1,0
V04864,C0874,Technology,English,2025-04-21,149,1,0
V04865,C0715,Gaming,English,2025-06-08,142,1,0
V04866,C0219,Travel,Hindi,2025-02-11,170,0,0
V04867,C0225,News,Hindi,2025-02-06,108,1,0
V04868,C0740,Comedy,Hindi,2025-02-09,18,1,0
V04869,C0037,Music,English,2025-01-12,107,1,0
V04870,C0911,Food,English,2025-05-26,175,0,0
V04871,C0780,Education,English,2025-02-05,145,1,0
V04872,C0486,Food,Japanese,2025-06-07,71,1,0
V04873,C0569,Sports,Spanish,2025-05-28,143,1,0
V04874,C0044,Comedy,English,2025-02-07,139,1,0
V04875,C0377,Music,English,2025-02-20,43,1,0
V04876,C0053,Sports,Portuguese,2025-06-25,23,1,0
V04877,C0267,Music,English,2025-06-19,24,0,0
V04878,C0303,Education,Hindi,2025-03-21,105,1,1
V04879,C0375,Food,English,2025-03-27,168,0,0
V04880,C0965,Education,English,2025-05-02,91,1,0
V04881,C0251,Sports,English,2025-06-27,15,1,0
V04882,C0458,Technology,English,2025-05-02,140,1,0
V04883,C0272,Sports,English,2025-01-22,81,1,0
V04884,C0442,Music,Spanish,2025-06-18,77,0,0
V04885,C0526,Comedy,English,2025-05-04,16,1,0
V04886,C0952,News,Hindi,2025-02-02,44,0,0
V04887,C0111,Education,Japanese,2025-01-16,12,0,0
V04888,C0957,Comedy,English,2025-02-26,13,0,0
V04889,C0014,Education,Hindi,2025-01-17,84,0,0
V04890,C0084,Music,English,2025-03-15,34,1,0
V04891,C0724,Music,Spanish,2025-01-25,74,1,0
V04892,C0288,Food,Hindi,2025-02-23,130,0,1
V04893,C0427,Travel,Hindi,2025-01-13,92,1,0
V04894,C0057,Technology,Spanish,2025-03-08,139,1,0
V04895,C0047,Fashion,English,2025-01-06,65,1,0
V04896,C0597,Technology,Japanese,2025-04-24,152,1,0
V04897,C0597,Education,English,2025-02-15,160,1,1
V04898,C0029,Education,Hindi,2025-04-03,42,1,0
V04899,C0747,Education,Portuguese,2025-04-05,39,1,0
V04900,C0137,Education,English,2025-05-11,39,1,0
V04901,C0112,Technology,Hindi,2025-05-28,58,1,0
V04902,C0209,Technology,English,2025-01-20,118,0,0
V04903,C0510,Comedy,Portuguese,2025-01-02,164,0,0
V04904,C0346,Sports,English,2025-01-12,10,1,1
V04905,C0555,Music,Portuguese,2025-02-21,60,1,0
V04906,C0214,Food,Portuguese,2025-05-26,106,1,0
V04907,C0324,News,English,2025-01-02,166,1,0
V04908,C0554,Music,Hindi,2025-05-10,43,0,0
V04909,C0295,Comedy,English,2025-04-24,159,1,0
V04910,C0839,News,English,2025-06-03,47,1,0
V04911,C0714,Comedy,Spanish,2025-01-09,140,1,0
V04912,C0801,Technology,Portuguese,2025-01-19,26,1,0
V04913,C0848,Sports,Hindi,2025-02-10,75,0,0
V04914,C0270,Technology,English,2025-04-12,39,1,0
V04915,C0597,Sports,Hindi,2025-06-03,44,0,0
V04916,C0265,Comedy,Hindi,2025-01-02,102,1,0
V04917,C0789,Gaming,English,2025-03-14,65,1,0
V04918,C0172,Music,English,2025-04-28,100,1,0
V04919,C0190,Travel,Portuguese,2025-04-11,75,1,0
V04920,C0055,Education,Portuguese,2025-05-28,76,1,0
V04921,C0341,Technology,Portuguese,2025-02-21,88,1,0
V04922,C0841,Fashion,Spanish,2025-04-05,129,1,0
V04923,C0316,Food,English,2025-04-02,23,1,0
V04924,C0691,Music,Japanese,2025-05-27,92,1,0
V04925,C0899,Sports,English,2025-03-07,54,0,0
V04926,C0482,Travel,English,2025-04-28,84,1,0
V04927,C0666,Food,Hindi,2025-03-25,133,1,0
V04928,C0243,Sports,Hindi,2025-03-07,108,1,0
V04929,C0204,Education,English,2025-03-13,32,0,0
V04930,C0828,News,English,2025-05-13,44,1,0
V04931,C0590,Comedy,English,2025-06-22,180,1,1
V04932,C0624,Sports,Portuguese,2025-03-08,98,0,0
V04933,C0510,News,Hindi,2025-03-03,39,1,0
V04934,C0265,Technology,Japanese,2025-06-08,26,1,0
V04935,C0437,Music,Hindi,2025-02-16,69,1,0
V04936,C0941,News,English,2025-03-12,14,1,0
V04937,C0137,Comedy,English,2025-05-10,56,1,0
V04938,C0552,Education,Japanese,2025-03-19,170,1,0
V04939,C0127,Sports,English,2025-03-15,124,1,0
V04940,C0492,Food,English,2025-04-29,152,1,0
V04941,C0963,Comedy,English,2025-01-12,27,0,0
V04942,C0005,Music,English,2025-03-11,31,1,0
V04943,C0642,Food,Spanish,2025-06-19,74,0,0
V04944,C0172,Music,English,2025-03-06,41,0,0
V04945,C0471,Education,English,2025-06-06,129,1,0
V04946,C0220,Music,Japanese,2025-01-20,36,1,0
V04947,C0150,Technology,English,2025-01-01,73,1,0
V04948,C0485,Music,Spanish,2025-03-30,139,0,0
V04949,C0496,Comedy,Spanish,2025-06-19,90,0,0
V04950,C0960,Music,English,2025-05-16,160,1,1
V04951,C0410,Food,Spanish,2025-03-20,96,0,0
V04952,C0762,Music,Japanese,2025-05-21,63,1,0
V04953,C0882,Sports,English,2025-06-12,48,0,0
V04954,C0357,Sports,Japanese,2025-06-22,98,1,0
V04955,C0799,Comedy,English,2025-06-29,174,1,0
V04956,C0097,Technology,English,2025-01-27,101,1,0
V04957,C0770,Gaming,English,2025-01-05,107,1,0
V04958,C0546,Comedy,English,2025-04-27,28,1,0
V04959,C0517,Fashion,English,2025-01-24,138,1,0
V04960,C0363,Music,English,2025-06-18,79,1,0
V04961,C0138,Sports,English,2025-04-14,79,1,0
V04962,C0778,Music,Hindi,2025-02-24,18,1,0
V04963,C0598,Music,Hindi,2025-05-16,103,1,0
V04964,C0243,Comedy,English,2025-05-26,113,1,0
V04965,C0890,Music,Japanese,2025-06-08,117,0,0
V04966,C0590,Comedy,Japanese,2025-02-18,51,0,1
V04967,C0899,Sports,English,2025-03-13,147,1,0
V04968,C0789,Gaming,English,2025-03-29,150,0,0
V04969,C0814,Fashion,English,2025-05-01,146,1,0
V04970,C0603,Education,Portuguese,2025-05-14,118,1,0
V04971,C0989,Sports,Spanish,2025-05-08,119,0,0
V04972,C0445,Music,Spanish,2025-06-18,103,1,0
V04973,C0374,Education,English,2025-04-03,51,1,0
V04974,C0165,Food,Portuguese,2025-04-10,40,0,0
V04975,C0662,Food,Spanish,2025-03-22,123,1,0
V04976,C0752,Technology,Hindi,2025-05-09,57,1,0
V04977,C0076,Technology,Hindi,2025-02-06,50,1,0
V04978,C0947,Gaming,Portuguese,2025-01-01,130,0,0
V04979,C0942,Comedy,English,2025-05-04,93,0,0
V04980,C0121,Travel,English,2025-06-07,161,1,1
V04981,C0322,News,Japanese,2025-03-04,178,1,0
V04982,C0693,Fashion,English,2025-01-04,29,1,0
V04983,C0458,Travel,English,2025-05-04,66,1,0
V04984,C0146,Comedy,English,2025-03-11,74,0,0
V04985,C0755,Comedy,Hindi,2025-06-19,75,1,1
V04986,C0530,Education,Spanish,2025-01-09,17,1,0
V04987,C0365,Music,English,2025-06-06,104,0,0
V04988,C0390,News,Hindi,2025-05-23,44,1,0
V04989,C0407,Technology,Portuguese,2025-03-05,152,1,0
V04990,C0671,Music,English,2025-05-12,133,0,0
V04991,C0169,Comedy,Portuguese,2025-03-28,111,1,0
V04992,C0848,Sports,Spanish,2025-02-15,148,1,0
V04993,C0111,Comedy,Japanese,2025-04-28,153,1,0
V04994,C0140,Gaming,English,2025-04-05,69,1,0
V04995,C0477,Music,English,2025-03-19,93,1,0
V04996,C0005,Gaming,Spanish,2025-05-24,142,0,0
V04997,C0790,Education,Portuguese,2025-04-29,121,1,0
V04998,C0493,Gaming,Portuguese,2025-06-04,153,1,1
V04999,C0604,Gaming,English,2025-01-16,78,0,0
V05000,C0435,Fashion,Hindi,2025-03-09,31,1,0
